id,text,label,confidence_score,camera_id,location,time,state,split,clean_text,label_encoded,alert_level_HIGH,alert_level_LOW,alert_level_MEDIUM,city_Coimbatore,city_Cuddalore,city_Dindigul,city_Erode,city_Hosur,city_Kanchipuram,city_Karur,city_Kumbakonam,city_Madurai,city_Nagercoil,city_Namakkal,city_Salem,city_Sivakasi,city_Thanjavur,city_Thoothukudi,city_Tiruchirappalli,city_Tirunelveli,city_Tiruppur,city_Vellore,hour
1,"Night patrol AI report — Koyambedu market, Thanjavur at 10:45 PM. Female pedestrian count: 1. App notification sent for escort service.",lone_walking_night,0.37037037037037024,260,15,10:45 PM,Tamil Nadu,val,night patrol ai report koyambedu market thanjavur at 1045 pm female pedestrian count 1 app notification sent for escort service,3,False,False,True,False,False,False,False,False,False,False,False,False,False,False,False,False,True,False,False,False,False,False,22
2,"AI flagged aggressive group posture near female pedestrian at Coimbatore Gandhipuram bus stop, Hosur. Time: 2:30 AM. Backup from Hosur Police requested.",group_harassment,0.6296296296296298,232,5,2:30 AM,Tamil Nadu,train,ai flagged aggressive group posture near female pedestrian at coimbatore gandhipuram bus stop hosur time 230 am backup from hosur police requested,2,False,False,False,False,False,False,False,True,False,False,False,False,False,False,False,False,False,False,False,False,False,False,2
3,"Woman at Salem Steel Plant road, Thoothukudi at 9:30 PM near ATM. Transaction completed. Moving normally. Status: SAFE.",safe,0.5555555555555558,552,33,9:30 PM,Tamil Nadu,train,woman at salem steel plant road thoothukudi at 930 pm near atm transaction completed moving normally status safe,5,False,True,False,False,False,False,False,False,False,False,False,False,False,False,False,False,False,True,False,False,False,False,21
4,"Woman detected walking alone near Goripalayam junction, Vellore at 3:30 AM. No companion visible. Area poorly lit. Tamil Nadu Police alert dispatched.",lone_walking_night,0.5555555555555558,916,9,3:30 AM,Tamil Nadu,val,woman detected walking alone near goripalayam junction vellore at 330 am no companion visible area poorly lit tamil nadu police alert dispatched,3,False,False,True,False,False,False,False,False,False,False,False,False,False,False,False,False,False,False,False,False,False,True,3
5,"Stalking behaviour detected at VOC Park pathway, Erode: Subject changed direction twice; follower replicated both turns. Time: 3:30 AM.",being_followed,0.666666666666667,668,44,3:30 AM,Tamil Nadu,train,stalking behaviour detected at voc park pathway erode subject changed direction twice follower replicated both turns time 330 am,0,False,False,False,False,False,False,True,False,False,False,False,False,False,False,False,False,False,False,False,False,False,False,3
6,"Woman displaying rapid head turns and looking back repeatedly at Koyambedu market, Thanjavur at 12:30 AM. Distress posture detected.",distress_signal,0.7037037037037042,362,15,12:30 AM,Tamil Nadu,train,woman displaying rapid head turns and looking back repeatedly at koyambedu market thanjavur at 1230 am distress posture detected,1,True,False,False,False,False,False,False,False,False,False,False,False,False,False,False,False,True,False,False,False,False,False,0
7,"Gait analysis: Female at Palayamkottai night road, Salem at 2:30 AM shows 82% distress probability. Salem Police intervention recommended.",distress_signal,0.40740740740740744,908,26,2:30 AM,Tamil Nadu,test,gait analysis female at palayamkottai night road salem at 230 am shows 82 distress probability salem police intervention recommended,1,True,False,False,False,False,False,False,False,False,False,False,False,False,False,True,False,False,False,False,False,False,False,2
8,"Abnormal movement pattern: Female subject running intermittently near Karur textile market lane, Cuddalore at 3:00 AM. Possible escape behaviour.",distress_signal,0.592592592592593,303,13,3:00 AM,Tamil Nadu,train,abnormal movement pattern female subject running intermittently near karur textile market lane cuddalore at 300 am possible escape behaviour,1,True,False,False,False,True,False,False,False,False,False,False,False,False,False,False,False,False,False,False,False,False,False,3
9,"Deep learning classifier — Tiruchirappalli Chatram bus stop, Thoothukudi: Subject accelerated pace 40% in 2 minutes. Time: 3:30 AM. Flagged HIGH.",distress_signal,0.8148148148148149,508,41,3:30 AM,Tamil Nadu,test,deep learning classifier tiruchirappalli chatram bus stop thoothukudi subject accelerated pace 40 in 2 minutes time 330 am flagged high,1,True,False,False,False,False,False,False,False,False,False,False,False,False,False,False,False,False,True,False,False,False,False,3
10,"Gait analysis — Porur flyover footpath, Nagercoil (8:30 PM): Female shows 78% distress probability. Nagercoil Police intervention recommended.",suspicious_behavior,0.1111111111111116,379,30,8:30 PM,Tamil Nadu,train,gait analysis porur flyover footpath nagercoil 830 pm female shows 78 distress probability nagercoil police intervention recommended,6,True,False,False,False,False,False,False,False,False,False,False,False,True,False,False,False,False,False,False,False,False,False,20
11,"Low-light camera activated at Nagercoil bus stand area, Salem at 4:00 AM. Thermal imaging shows lone female. Safe passage protocol triggered.",lone_walking_night,0.7777777777777781,802,23,4:00 AM,Tamil Nadu,train,lowlight camera activated at nagercoil bus stand area salem at 400 am thermal imaging shows lone female safe passage protocol triggered,3,False,False,True,False,False,False,False,False,False,False,False,False,False,False,True,False,False,False,False,False,False,False,4
12,"Woman displaying rapid head turns and looking back repeatedly at Guindy underpass, Sivakasi at 3:30 AM. Distress posture detected.",distress_signal,0.0370370370370372,417,10,3:30 AM,Tamil Nadu,train,woman displaying rapid head turns and looking back repeatedly at guindy underpass sivakasi at 330 am distress posture detected,1,True,False,False,False,False,False,False,False,False,False,False,False,False,False,False,True,False,False,False,False,False,False,3
13,"Abnormal movement pattern: Female subject running intermittently near Varadharaja Perumal temple road, Thoothukudi at 4:00 AM. Possible escape behaviour.",distress_signal,0.22222222222222276,415,46,4:00 AM,Tamil Nadu,val,abnormal movement pattern female subject running intermittently near varadharaja perumal temple road thoothukudi at 400 am possible escape behaviour,1,True,False,False,False,False,False,False,False,False,False,False,False,False,False,False,False,False,True,False,False,False,False,4
14,"Night monitoring alert: Lone female pedestrian near Hosur industrial estate lane, Kumbakonam at 1:30 AM. Smart lighting activated along route.",lone_walking_night,0.22222222222222276,257,11,1:30 AM,Tamil Nadu,train,night monitoring alert lone female pedestrian near hosur industrial estate lane kumbakonam at 130 am smart lighting activated along route,3,False,False,True,False,False,False,False,False,False,False,True,False,False,False,False,False,False,False,False,False,False,False,1
15,"CCTV log — Tiruchengode night road, Thanjavur: Female pedestrian in group of 4. Well-lit street. Time: 12:00 AM. SAFE.",safe,0.666666666666667,592,40,12:00 AM,Tamil Nadu,train,cctv log tiruchengode night road thanjavur female pedestrian in group of 4 welllit street time 1200 am safe,5,False,True,False,False,False,False,False,False,False,False,False,False,False,False,False,False,True,False,False,False,False,False,0
16,"Woman at Kanchipuram silk market lane, Vellore at 11:30 PM near ATM. Transaction completed. Moving normally. Status: SAFE.",safe,0.5555555555555558,334,12,11:30 PM,Tamil Nadu,val,woman at kanchipuram silk market lane vellore at 1130 pm near atm transaction completed moving normally status safe,5,False,True,False,False,False,False,False,False,False,False,False,False,False,False,False,False,False,False,False,False,False,True,23
17,"Camera network at Coimbatore Gandhipuram bus stop, Thanjavur flagged repeated path overlap at 10:00 PM. Male subject tracked across 3 camera zones.",being_followed,0.40740740740740744,465,5,10:00 PM,Tamil Nadu,val,camera network at coimbatore gandhipuram bus stop thanjavur flagged repeated path overlap at 1000 pm male subject tracked across 3 camera zones,0,False,False,False,False,False,False,False,False,False,False,False,False,False,False,False,False,True,False,False,False,False,False,22
18,"AI pipeline triggered at Coimbatore Gandhipuram bus stop, Dindigul camera grid at 1:30 AM. Gender: Female. Activity: Walking alone. Threat score: 74/100.",monitoring,0.14814814814814836,220,5,1:30 AM,Tamil Nadu,train,ai pipeline triggered at coimbatore gandhipuram bus stop dindigul camera grid at 130 am gender female activity walking alone threat score 74100,4,False,True,False,False,False,True,False,False,False,False,False,False,False,False,False,False,False,False,False,False,False,False,1
19,"Night monitoring alert: Lone female pedestrian near Tambaram railway station, Salem at 4:00 AM. Smart lighting activated along route.",lone_walking_night,0.48148148148148184,390,37,4:00 AM,Tamil Nadu,val,night monitoring alert lone female pedestrian near tambaram railway station salem at 400 am smart lighting activated along route,3,False,False,True,False,False,False,False,False,False,False,False,False,False,False,True,False,False,False,False,False,False,False,4
20,"AI alert — Porur flyover footpath, Cuddalore: Person shadowing female for 400 metres since 10:00 PM. Intervention dispatched.",being_followed,0.8888888888888888,37,30,10:00 PM,Tamil Nadu,train,ai alert porur flyover footpath cuddalore person shadowing female for 400 metres since 1000 pm intervention dispatched,0,False,False,False,False,True,False,False,False,False,False,False,False,False,False,False,False,False,False,False,False,False,False,22
21,"Female subject near Papanasam dark street, Tirunelveli at 10:00 PM. Security escort confirmed by Tirunelveli Police. Status: SAFE.",safe,0.0,847,27,10:00 PM,Tamil Nadu,train,female subject near papanasam dark street tirunelveli at 1000 pm security escort confirmed by tirunelveli police status safe,5,False,True,False,False,False,False,False,False,False,False,False,False,False,False,False,False,False,False,False,True,False,False,22
22,"Suspicious individual following female subject for 3+ minutes near T. Nagar bus stand, Vellore at 1:00 AM. Police alerted immediately.",being_followed,0.592592592592593,52,36,1:00 AM,Tamil Nadu,train,suspicious individual following female subject for 3 minutes near t nagar bus stand vellore at 100 am police alerted immediately,0,False,False,False,False,False,False,False,False,False,False,False,False,False,False,False,False,False,False,False,False,False,True,1
23,"SmartCity TN surveillance — Vadapalani signal, Namakkal, 8:00 PM: Face anonymised. Gender: Female. Motion: Walking alone.",monitoring,0.0370370370370372,10,45,8:00 PM,Tamil Nadu,val,smartcity tn surveillance vadapalani signal namakkal 800 pm face anonymised gender female motion walking alone,4,False,True,False,False,False,False,False,False,False,False,False,False,False,True,False,False,False,False,False,False,False,False,20
24,CCTV alert — Cuddalore: Woman walking alone at Tambaram railway station at 9:30 PM. No other pedestrians within 50 metres.,lone_walking_night,1.0,577,37,9:30 PM,Tamil Nadu,train,cctv alert cuddalore woman walking alone at tambaram railway station at 930 pm no other pedestrians within 50 metres,3,False,False,True,False,True,False,False,False,False,False,False,False,False,False,False,False,False,False,False,False,False,False,21
25,"Emergency response triggered at Nagercoil bus stand area, Kanchipuram at 11:00 PM. Visual context sent to PCR van. ETA: 4 minutes.",being_followed,0.8888888888888888,119,23,11:00 PM,Tamil Nadu,train,emergency response triggered at nagercoil bus stand area kanchipuram at 1100 pm visual context sent to pcr van eta 4 minutes,0,False,False,False,False,False,False,False,False,True,False,False,False,False,False,False,False,False,False,False,False,False,False,23
26,Cuddalore night surveillance: Camera node flagged lone female at Salem Steel Plant road at 11:00 PM. Nearest police booth alerted.,lone_walking_night,0.14814814814814836,88,33,11:00 PM,Tamil Nadu,train,cuddalore night surveillance camera node flagged lone female at salem steel plant road at 1100 pm nearest police booth alerted,3,False,False,True,False,True,False,False,False,False,False,False,False,False,False,False,False,False,False,False,False,False,False,23
27,Erode night surveillance: Camera node flagged lone female at Velachery IT corridor at 10:45 PM. Nearest police booth alerted.,lone_walking_night,0.592592592592593,252,47,10:45 PM,Tamil Nadu,val,erode night surveillance camera node flagged lone female at velachery it corridor at 1045 pm nearest police booth alerted,3,False,False,True,False,False,False,True,False,False,False,False,False,False,False,False,False,False,False,False,False,False,False,22
28,"AI behaviour score at Coimbatore Gandhipuram bus stop, Sivakasi: Walking speed increased 40% in last 2 minutes. Time: 11:00 PM. Flagged.",suspicious_behavior,0.8518518518518521,778,5,11:00 PM,Tamil Nadu,train,ai behaviour score at coimbatore gandhipuram bus stop sivakasi walking speed increased 40 in last 2 minutes time 1100 pm flagged,6,True,False,False,False,False,False,False,False,False,False,False,False,False,False,False,True,False,False,False,False,False,False,23
29,"Two women walking together near Cuddalore old town street, Erode at 9:30 PM. Well-lit area. System status: SAFE.",safe,0.6296296296296298,550,6,9:30 PM,Tamil Nadu,train,two women walking together near cuddalore old town street erode at 930 pm welllit area system status safe,5,False,False,True,False,False,False,True,False,False,False,False,False,False,False,False,False,False,False,False,False,False,False,21
30,"Two women walking together near Namakkal lorry stand area, Erode at 6:30 PM. Well-lit area. System status: SAFE.",safe,0.37037037037037024,3,24,6:30 PM,Tamil Nadu,val,two women walking together near namakkal lorry stand area erode at 630 pm welllit area system status safe,5,False,True,False,False,False,False,True,False,False,False,False,False,False,False,False,False,False,False,False,False,False,False,18
31,"Single female pedestrian identified at Cuddalore old town street, Chennai at 1:30 AM. Isolated stretch near Cuddalore old town street. System flagged for monitoring.",lone_walking_night,0.9629629629629632,62,6,1:30 AM,Tamil Nadu,train,single female pedestrian identified at cuddalore old town street chennai at 130 am isolated stretch near cuddalore old town street system flagged for monitoring,3,False,False,True,False,False,False,False,False,False,False,False,False,False,False,False,False,False,False,False,False,False,False,1
32,"Tamil Nadu SafeCity night log: Unaccompanied woman near Egmore metro station, Tiruchirappalli at 1:30 AM. Smart lights activated along path.",lone_walking_night,0.14814814814814836,336,7,1:30 AM,Tamil Nadu,test,tamil nadu safecity night log unaccompanied woman near egmore metro station tiruchirappalli at 130 am smart lights activated along path,3,False,False,True,False,False,False,False,False,False,False,False,False,False,False,False,False,False,False,True,False,False,False,1
33,"SOS gesture pattern detected near Thanjavur Big Temple road, Madurai at 10:00 PM. Subject waving arms — possible request for help.",distress_signal,0.14814814814814836,434,38,10:00 PM,Tamil Nadu,val,sos gesture pattern detected near thanjavur big temple road madurai at 1000 pm subject waving arms possible request for help,1,True,False,False,False,False,False,False,False,False,False,False,True,False,False,False,False,False,False,False,False,False,False,22
34,"Night patrol AI report — Thoothukudi port road, Coimbatore at 9:30 PM. Female pedestrian count: 1. App notification sent for escort service.",lone_walking_night,0.3333333333333339,823,39,9:30 PM,Tamil Nadu,train,night patrol ai report thoothukudi port road coimbatore at 930 pm female pedestrian count 1 app notification sent for escort service,3,False,False,True,True,False,False,False,False,False,False,False,False,False,False,False,False,False,False,False,False,False,False,21
35,"Camera network at Medical college lane, Hosur flagged repeated path overlap at 2:30 AM. Male subject tracked across 3 camera zones.",being_followed,0.925925925925926,824,22,2:30 AM,Tamil Nadu,train,camera network at medical college lane hosur flagged repeated path overlap at 230 am male subject tracked across 3 camera zones,0,False,False,False,False,False,False,False,True,False,False,False,False,False,False,False,False,False,False,False,False,False,False,2
36,Nagercoil Command Centre: Female being followed near Tirunelveli junction footpath at 8:00 PM. Visual context sent to nearest PCR van.,being_followed,0.9629629629629632,416,42,8:00 PM,Tamil Nadu,train,nagercoil command centre female being followed near tirunelveli junction footpath at 800 pm visual context sent to nearest pcr van,0,False,False,False,False,False,False,False,False,False,False,False,False,True,False,False,False,False,False,False,False,False,False,20
37,"SOS gesture pattern detected near Karur textile market lane, Sivakasi at 8:00 PM. Subject waving arms — possible request for help.",distress_signal,0.1111111111111116,509,13,8:00 PM,Tamil Nadu,train,sos gesture pattern detected near karur textile market lane sivakasi at 800 pm subject waving arms possible request for help,1,True,False,False,False,False,False,False,False,False,False,False,False,False,False,False,True,False,False,False,False,False,False,20
38,"Low-light camera activated at Karur textile market lane, Dindigul at 1:00 AM. Thermal imaging shows lone female. Safe passage protocol triggered.",lone_walking_night,0.14814814814814836,318,13,1:00 AM,Tamil Nadu,val,lowlight camera activated at karur textile market lane dindigul at 100 am thermal imaging shows lone female safe passage protocol triggered,3,False,False,True,False,False,True,False,False,False,False,False,False,False,False,False,False,False,False,False,False,False,False,1
39,"AI alert — Tiruchengode night road, Namakkal: Person shadowing female for 400 metres since 2:30 AM. Intervention dispatched.",being_followed,0.6296296296296298,141,40,2:30 AM,Tamil Nadu,train,ai alert tiruchengode night road namakkal person shadowing female for 400 metres since 230 am intervention dispatched,0,False,False,False,False,False,False,False,False,False,False,False,False,False,True,False,False,False,False,False,False,False,False,2
40,"Camera detected group harassment at Kumbakonam temple tank road, Kumbakonam at 3:30 AM. Female surrounded, unable to proceed. Emergency alert sent.",group_harassment,0.0,406,16,3:30 AM,Tamil Nadu,train,camera detected group harassment at kumbakonam temple tank road kumbakonam at 330 am female surrounded unable to proceed emergency alert sent,2,False,False,False,False,False,False,False,False,False,False,True,False,False,False,False,False,False,False,False,False,False,False,3
41,"Night patrol AI report — SIPCOT industrial area road, Coimbatore at 7:45 PM. Female pedestrian count: 1. App notification sent for escort service.",lone_walking_night,0.925925925925926,18,32,7:45 PM,Tamil Nadu,train,night patrol ai report sipcot industrial area road coimbatore at 745 pm female pedestrian count 1 app notification sent for escort service,3,False,False,True,True,False,False,False,False,False,False,False,False,False,False,False,False,False,False,False,False,False,False,19
42,"Suspicious individual following female subject for 3+ minutes near Karur textile market lane, Tirunelveli at 8:00 PM. Police alerted immediately.",being_followed,0.40740740740740744,294,13,8:00 PM,Tamil Nadu,train,suspicious individual following female subject for 3 minutes near karur textile market lane tirunelveli at 800 pm police alerted immediately,0,False,False,False,False,False,False,False,False,False,False,False,False,False,False,False,False,False,False,False,True,False,False,20
43,"Command Centre to field unit: Respond to Varadharaja Perumal temple road, Coimbatore. Female pedestrian safety alert. Time: 12:00 AM. Priority: HIGH.",being_followed,0.0370370370370372,599,46,12:00 AM,Tamil Nadu,train,command centre to field unit respond to varadharaja perumal temple road coimbatore female pedestrian safety alert time 1200 am priority high,0,False,False,False,True,False,False,False,False,False,False,False,False,False,False,False,False,False,False,False,False,False,False,0
44,"AI body language analysis at Mathigiri isolated path, Salem: Subject shows defensive posture, looking over shoulder frequently. Time: 11:30 PM.",distress_signal,0.7037037037037042,681,20,11:30 PM,Tamil Nadu,train,ai body language analysis at mathigiri isolated path salem subject shows defensive posture looking over shoulder frequently time 1130 pm,1,True,False,False,False,False,False,False,False,False,False,False,False,False,False,True,False,False,False,False,False,False,False,23
45,AI surveillance flagged lone woman walking near Mathigiri isolated path in Chennai at 5:45 PM. Nearest patrol unit notified.,lone_walking_night,0.925925925925926,503,20,5:45 PM,Tamil Nadu,val,ai surveillance flagged lone woman walking near mathigiri isolated path in chennai at 545 pm nearest patrol unit notified,3,False,False,True,False,False,False,False,False,False,False,False,False,False,False,False,False,False,False,False,False,False,False,17
46,"Weapon-like object detected near female subject at Goripalayam junction, Tirunelveli at 1:30 AM. Visual verification requested. Alert: HIGH.",threat_detected,0.48148148148148184,218,9,1:30 AM,Tamil Nadu,train,weaponlike object detected near female subject at goripalayam junction tirunelveli at 130 am visual verification requested alert high,7,True,False,False,False,False,False,False,False,False,False,False,False,False,False,False,False,False,False,False,True,False,False,1
47,"AI body language analysis at Nagercoil bus stand area, Hosur: Subject shows defensive posture, looking over shoulder frequently. Time: 8:00 PM.",distress_signal,0.2592592592592595,116,23,8:00 PM,Tamil Nadu,train,ai body language analysis at nagercoil bus stand area hosur subject shows defensive posture looking over shoulder frequently time 800 pm,1,False,True,False,False,False,False,False,True,False,False,False,False,False,False,False,False,False,False,False,False,False,False,20
48,"AI pattern detection: Unknown male mirroring woman's path at Vadapalani signal, Coimbatore since 5:45 PM. High confidence tracking match.",being_followed,0.8888888888888888,729,45,5:45 PM,Tamil Nadu,test,ai pattern detection unknown male mirroring womans path at vadapalani signal coimbatore since 545 pm high confidence tracking match,0,False,False,False,True,False,False,False,False,False,False,False,False,False,False,False,False,False,False,False,False,False,False,17
49,"Woman at Marina Beach road, Kumbakonam at 3:30 AM near ATM. Transaction completed. Moving normally. Status: SAFE.",safe,0.0,71,18,3:30 AM,Tamil Nadu,train,woman at marina beach road kumbakonam at 330 am near atm transaction completed moving normally status safe,5,False,True,False,False,False,False,False,False,False,False,True,False,False,False,False,False,False,False,False,False,False,False,3
50,"Low-light camera activated at Kanchipuram silk market lane, Erode at 5:45 PM. Thermal imaging shows lone female. Safe passage protocol triggered.",lone_walking_night,0.2592592592592595,216,12,5:45 PM,Tamil Nadu,train,lowlight camera activated at kanchipuram silk market lane erode at 545 pm thermal imaging shows lone female safe passage protocol triggered,3,False,False,True,False,False,False,True,False,False,False,False,False,False,False,False,False,False,False,False,False,False,False,17
51,"Tamil Nadu SafeCity night log: Unaccompanied woman near Marthandam road, Hosur at 2:00 AM. Smart lights activated along path.",lone_walking_night,0.22222222222222276,493,19,2:00 AM,Tamil Nadu,test,tamil nadu safecity night log unaccompanied woman near marthandam road hosur at 200 am smart lights activated along path,3,False,False,True,False,False,False,False,True,False,False,False,False,False,False,False,False,False,False,False,False,False,False,2
52,"Abnormal movement pattern: Female subject running intermittently near Vadapalani signal, Sivakasi at 11:00 PM. Possible escape behaviour.",distress_signal,0.8518518518518521,40,45,11:00 PM,Tamil Nadu,train,abnormal movement pattern female subject running intermittently near vadapalani signal sivakasi at 1100 pm possible escape behaviour,1,True,False,False,False,False,False,False,False,False,False,False,False,False,False,False,True,False,False,False,False,False,False,23
53,"Body language model — Tiruppur SIDCO area, Chennai at 1:00 AM: Shoulders hunched, frequent backward glances. Risk: HIGH.",suspicious_behavior,1.0,628,43,1:00 AM,Tamil Nadu,train,body language model tiruppur sidco area chennai at 100 am shoulders hunched frequent backward glances risk high,6,True,False,False,False,False,False,False,False,False,False,False,False,False,False,False,False,False,False,False,False,False,False,1
54,"AI pipeline triggered at Hosur industrial estate lane, Dindigul camera grid at 5:45 PM. Gender: Female. Activity: Walking alone. Threat score: 74/100.",monitoring,0.8888888888888888,922,11,5:45 PM,Tamil Nadu,train,ai pipeline triggered at hosur industrial estate lane dindigul camera grid at 545 pm gender female activity walking alone threat score 74100,4,False,True,False,False,False,True,False,False,False,False,False,False,False,False,False,False,False,False,False,False,False,False,17
55,"Camera detected group harassment at Mathigiri isolated path, Tiruchirappalli at 9:30 PM. Female surrounded, unable to proceed. Emergency alert sent.",group_harassment,0.0370370370370372,909,20,9:30 PM,Tamil Nadu,val,camera detected group harassment at mathigiri isolated path tiruchirappalli at 930 pm female surrounded unable to proceed emergency alert sent,2,False,False,False,False,False,False,False,False,False,False,False,False,False,False,False,False,False,False,True,False,False,False,21
56,"Command Centre to field unit: Respond to Chromepet dark lane, Cuddalore. Female pedestrian safety alert. Time: 2:30 AM. Priority: HIGH.",being_followed,0.0740740740740744,275,4,2:30 AM,Tamil Nadu,train,command centre to field unit respond to chromepet dark lane cuddalore female pedestrian safety alert time 230 am priority high,0,False,False,False,False,True,False,False,False,False,False,False,False,False,False,False,False,False,False,False,False,False,False,2
57,"Female student group passing Tiruppur SIDCO area, Sivakasi at 9:30 PM. Campus security visible nearby. SAFE.",safe,0.7777777777777781,600,43,9:30 PM,Tamil Nadu,train,female student group passing tiruppur sidco area sivakasi at 930 pm campus security visible nearby safe,5,False,True,False,False,False,False,False,False,False,False,False,False,False,False,False,True,False,False,False,False,False,False,21
58,Kanchipuram Police dispatch initiated. Location: Noyyal river walkway. Time: 6:30 PM. Reason: Lone female at risk. Nearest unit responding.,being_followed,0.7777777777777781,557,25,6:30 PM,Tamil Nadu,val,kanchipuram police dispatch initiated location noyyal river walkway time 630 pm reason lone female at risk nearest unit responding,0,False,False,False,False,False,False,False,False,True,False,False,False,False,False,False,False,False,False,False,False,False,False,18
59,"Command Centre to field unit: Respond to Madurai Meenakshi temple road, Namakkal. Female pedestrian safety alert. Time: 10:45 PM. Priority: HIGH.",being_followed,0.7777777777777781,642,17,10:45 PM,Tamil Nadu,train,command centre to field unit respond to madurai meenakshi temple road namakkal female pedestrian safety alert time 1045 pm priority high,0,False,False,False,False,False,False,False,False,False,False,False,False,False,True,False,False,False,False,False,False,False,False,22
60,"Camera detected group harassment at Papanasam dark street, Hosur at 2:30 AM. Female surrounded, unable to proceed. Emergency alert sent.",group_harassment,0.37037037037037024,234,27,2:30 AM,Tamil Nadu,train,camera detected group harassment at papanasam dark street hosur at 230 am female surrounded unable to proceed emergency alert sent,2,False,False,False,False,False,False,False,True,False,False,False,False,False,False,False,False,False,False,False,False,False,False,2
61,"Low-light camera activated at Thoothukudi port road, Coimbatore at 7:45 PM. Thermal imaging shows lone female. Safe passage protocol triggered.",lone_walking_night,0.5555555555555558,138,39,7:45 PM,Tamil Nadu,train,lowlight camera activated at thoothukudi port road coimbatore at 745 pm thermal imaging shows lone female safe passage protocol triggered,3,False,False,True,True,False,False,False,False,False,False,False,False,False,False,False,False,False,False,False,False,False,False,19
62,"SmartCity TN surveillance — Tirunelveli junction footpath, Thoothukudi, 9:30 PM: Face anonymised. Gender: Female. Motion: Walking alone.",monitoring,0.925925925925926,565,42,9:30 PM,Tamil Nadu,train,smartcity tn surveillance tirunelveli junction footpath thoothukudi 930 pm face anonymised gender female motion walking alone,4,False,True,False,False,False,False,False,False,False,False,False,False,False,False,False,False,False,True,False,False,False,False,21
63,"Woman displaying rapid head turns and looking back repeatedly at Egmore metro station, Madurai at 2:00 AM. Distress posture detected.",distress_signal,0.2962962962962967,248,7,2:00 AM,Tamil Nadu,train,woman displaying rapid head turns and looking back repeatedly at egmore metro station madurai at 200 am distress posture detected,1,True,False,False,False,False,False,False,False,False,False,False,True,False,False,False,False,False,False,False,False,False,False,2
64,"Group of 3+ males surrounding female subject near Tiruppur SIDCO area, Tiruchirappalli at 12:00 AM. Subject movement restricted. Police dispatch initiated.",group_harassment,0.37037037037037024,808,43,12:00 AM,Tamil Nadu,train,group of 3 males surrounding female subject near tiruppur sidco area tiruchirappalli at 1200 am subject movement restricted police dispatch initiated,2,False,False,False,False,False,False,False,False,False,False,False,False,False,False,False,False,False,False,True,False,False,False,0
65,CCTV alert — Salem: Woman walking alone at Kumbakonam temple tank road at 6:30 PM. No other pedestrians within 50 metres.,lone_walking_night,0.48148148148148184,237,16,6:30 PM,Tamil Nadu,train,cctv alert salem woman walking alone at kumbakonam temple tank road at 630 pm no other pedestrians within 50 metres,3,False,False,True,False,False,False,False,False,False,False,False,False,False,False,True,False,False,False,False,False,False,False,18
66,"Encirclement behaviour detected at Marthandam road, Madurai: Multiple individuals blocking path of lone woman. Alert raised at 8:00 PM.",group_harassment,0.5185185185185186,296,19,8:00 PM,Tamil Nadu,train,encirclement behaviour detected at marthandam road madurai multiple individuals blocking path of lone woman alert raised at 800 pm,2,False,False,False,False,False,False,False,False,False,False,False,True,False,False,False,False,False,False,False,False,False,False,20
67,"Female subject near Marina Beach road, Chennai at 11:00 PM. Security escort confirmed by Chennai Police. Status: SAFE.",safe,0.8148148148148149,304,18,11:00 PM,Tamil Nadu,test,female subject near marina beach road chennai at 1100 pm security escort confirmed by chennai police status safe,5,False,True,False,False,False,False,False,False,False,False,False,False,False,False,False,False,False,False,False,False,False,False,23
68,"AI body language analysis at Chromepet dark lane, Thoothukudi: Subject shows defensive posture, looking over shoulder frequently. Time: 1:00 AM.",distress_signal,0.5555555555555558,65,4,1:00 AM,Tamil Nadu,train,ai body language analysis at chromepet dark lane thoothukudi subject shows defensive posture looking over shoulder frequently time 100 am,1,True,False,False,False,False,False,False,False,False,False,False,False,False,False,False,False,False,True,False,False,False,False,1
69,"Suspicious individual following female subject for 3+ minutes near Karur textile market lane, Tirunelveli at 6:30 PM. Police alerted immediately.",being_followed,0.7037037037037042,376,13,6:30 PM,Tamil Nadu,train,suspicious individual following female subject for 3 minutes near karur textile market lane tirunelveli at 630 pm police alerted immediately,0,False,False,False,False,False,False,False,False,False,False,False,False,False,False,False,False,False,False,False,True,False,False,18
70,"Female student group passing Vadapalani signal, Tirunelveli at 12:00 AM. Campus security visible nearby. SAFE.",safe,0.5185185185185186,560,45,12:00 AM,Tamil Nadu,train,female student group passing vadapalani signal tirunelveli at 1200 am campus security visible nearby safe,5,False,True,False,False,False,False,False,False,False,False,False,False,False,False,False,False,False,False,False,True,False,False,0
71,"Pose estimation at Namakkal lorry stand area, Hosur (1:30 AM): Female subject exhibiting evasive movement. Threat assessment: ELEVATED.",suspicious_behavior,0.592592592592593,239,24,1:30 AM,Tamil Nadu,train,pose estimation at namakkal lorry stand area hosur 130 am female subject exhibiting evasive movement threat assessment elevated,6,True,False,False,False,False,False,False,True,False,False,False,False,False,False,False,False,False,False,False,False,False,False,1
72,"Unattended bag flagged near woman at Egmore metro station, Tiruppur at 2:00 AM. Tiruppur bomb disposal team notified. Female being evacuated.",threat_detected,0.5185185185185186,622,7,2:00 AM,Tamil Nadu,train,unattended bag flagged near woman at egmore metro station tiruppur at 200 am tiruppur bomb disposal team notified female being evacuated,7,True,False,False,False,False,False,False,False,False,False,False,False,False,False,False,False,False,False,False,False,True,False,2
73,Thoothukudi Command Centre: Female being followed near Tirunelveli junction footpath at 11:30 PM. Visual context sent to nearest PCR van.,being_followed,0.7777777777777781,665,42,11:30 PM,Tamil Nadu,test,thoothukudi command centre female being followed near tirunelveli junction footpath at 1130 pm visual context sent to nearest pcr van,0,False,False,False,False,False,False,False,False,False,False,False,False,False,False,False,False,False,True,False,False,False,False,23
74,"CCTV log — Anna Nagar subway, Salem: Female pedestrian in group of 4. Well-lit street. Time: 5:45 PM. SAFE.",safe,0.6296296296296298,204,1,5:45 PM,Tamil Nadu,train,cctv log anna nagar subway salem female pedestrian in group of 4 welllit street time 545 pm safe,5,False,True,False,False,False,False,False,False,False,False,False,False,False,False,True,False,False,False,False,False,False,False,17
75,Automated alert to Kanchipuram Police: Female safety concern at Egmore metro station at 5:45 PM. GPS coordinates transmitted.,being_followed,0.48148148148148184,538,7,5:45 PM,Tamil Nadu,train,automated alert to kanchipuram police female safety concern at egmore metro station at 545 pm gps coordinates transmitted,0,False,False,False,False,False,False,False,False,True,False,False,False,False,False,False,False,False,False,False,False,False,False,17
76,"Woman detected walking alone near Velachery IT corridor, Dindigul at 3:00 AM. No companion visible. Area poorly lit. Tamil Nadu Police alert dispatched.",lone_walking_night,0.2592592592592595,718,47,3:00 AM,Tamil Nadu,train,woman detected walking alone near velachery it corridor dindigul at 300 am no companion visible area poorly lit tamil nadu police alert dispatched,3,False,False,True,False,False,True,False,False,False,False,False,False,False,False,False,False,False,False,False,False,False,False,3
77,"AI flagged aggressive group posture near female pedestrian at Virudhunagar bus stop, Karur. Time: 1:30 AM. Backup from Karur Police requested.",group_harassment,0.666666666666667,338,49,1:30 AM,Tamil Nadu,val,ai flagged aggressive group posture near female pedestrian at virudhunagar bus stop karur time 130 am backup from karur police requested,2,False,False,False,False,False,False,False,False,False,True,False,False,False,False,False,False,False,False,False,False,False,False,1
78,"Tamil Nadu CCTV integration alert: Peelamedu road, Coimbatore at 12:00 AM. Cross-camera tracking active across 3 zones.",monitoring,0.14814814814814836,262,28,12:00 AM,Tamil Nadu,val,tamil nadu cctv integration alert peelamedu road coimbatore at 1200 am crosscamera tracking active across 3 zones,4,False,True,False,True,False,False,False,False,False,False,False,False,False,False,False,False,False,False,False,False,False,False,0
79,"Woman jogging with earphones at Tambaram railway station, Hosur at 4:00 AM. Regular route. No suspicious activity. Status: NORMAL.",safe,0.8888888888888888,343,37,4:00 AM,Tamil Nadu,train,woman jogging with earphones at tambaram railway station hosur at 400 am regular route no suspicious activity status normal,5,False,True,False,False,False,False,False,True,False,False,False,False,False,False,False,False,False,False,False,False,False,False,4
80,"Two-person tracking alert at Kumbakonam temple tank road, Hosur: Male suspect pursuing female pedestrian. Duration 5 minutes. Alert: CRITICAL.",being_followed,0.40740740740740744,601,16,9:00 PM,Tamil Nadu,train,twoperson tracking alert at kumbakonam temple tank road hosur male suspect pursuing female pedestrian duration 5 minutes alert critical,0,False,False,False,False,False,False,False,True,False,False,False,False,False,False,False,False,False,False,False,False,False,False,21
81,"Single female pedestrian identified at Coimbatore Gandhipuram bus stop, Namakkal at 9:30 PM. Isolated stretch near Coimbatore Gandhipuram bus stop. System flagged for monitoring.",lone_walking_night,0.1111111111111116,402,5,9:30 PM,Tamil Nadu,train,single female pedestrian identified at coimbatore gandhipuram bus stop namakkal at 930 pm isolated stretch near coimbatore gandhipuram bus stop system flagged for monitoring,3,False,False,True,False,False,False,False,False,False,False,False,False,False,True,False,False,False,False,False,False,False,False,21
82,"Single female pedestrian identified at Madurai Meenakshi temple road, Erode at 2:00 AM. Isolated stretch near Madurai Meenakshi temple road. System flagged for monitoring.",lone_walking_night,0.0370370370370372,682,17,2:00 AM,Tamil Nadu,val,single female pedestrian identified at madurai meenakshi temple road erode at 200 am isolated stretch near madurai meenakshi temple road system flagged for monitoring,3,False,False,True,False,False,False,True,False,False,False,False,False,False,False,False,False,False,False,False,False,False,False,2
83,Tiruppur Urban Command Centre log: Guindy underpass camera flagged unusual activity at 9:00 PM. Female subject under observation.,monitoring,0.44444444444444464,624,10,9:00 PM,Tamil Nadu,test,tiruppur urban command centre log guindy underpass camera flagged unusual activity at 900 pm female subject under observation,4,False,True,False,False,False,False,False,False,False,False,False,False,False,False,False,False,False,False,False,False,True,False,21
84,"Night monitoring alert: Lone female pedestrian near Tambaram railway station, Namakkal at 2:30 AM. Smart lighting activated along route.",lone_walking_night,0.8518518518518521,824,37,2:30 AM,Tamil Nadu,train,night monitoring alert lone female pedestrian near tambaram railway station namakkal at 230 am smart lighting activated along route,3,False,False,True,False,False,False,False,False,False,False,False,False,False,True,False,False,False,False,False,False,False,False,2
85,"SmartCity TN surveillance — Papanasam dark street, Salem, 1:00 AM: Face anonymised. Gender: Female. Motion: Walking alone.",monitoring,0.6296296296296298,268,27,1:00 AM,Tamil Nadu,train,smartcity tn surveillance papanasam dark street salem 100 am face anonymised gender female motion walking alone,4,False,True,False,False,False,False,False,False,False,False,False,False,False,False,True,False,False,False,False,False,False,False,1
86,"Camera node TN-CH-47 at Namakkal lorry stand area, Kumbakonam detected abnormal motion at 6:30 PM. Female pedestrian in frame. Analysis running.",monitoring,0.666666666666667,162,24,6:30 PM,Tamil Nadu,train,camera node tnch47 at namakkal lorry stand area kumbakonam detected abnormal motion at 630 pm female pedestrian in frame analysis running,4,False,True,False,False,False,False,False,False,False,False,True,False,False,False,False,False,False,False,False,False,False,False,18
87,"Tamil Nadu SafeCity system: Female detected alone at Chromepet dark lane, Hosur. Time: 5:45 PM. Escort service notification sent via app.",lone_walking_night,0.0370370370370372,12,4,5:45 PM,Tamil Nadu,val,tamil nadu safecity system female detected alone at chromepet dark lane hosur time 545 pm escort service notification sent via app,3,False,False,True,False,False,False,False,True,False,False,False,False,False,False,False,False,False,False,False,False,False,False,17
88,"TN-ER camera grid alert — Coimbatore Gandhipuram bus stop, Vellore: Behaviour anomaly at 9:30 PM. Female subject flagged for monitoring.",monitoring,0.14814814814814836,225,5,9:30 PM,Tamil Nadu,val,tner camera grid alert coimbatore gandhipuram bus stop vellore behaviour anomaly at 930 pm female subject flagged for monitoring,4,False,True,False,False,False,False,False,False,False,False,False,False,False,False,False,False,False,False,False,False,False,True,21
89,"Group of 3+ males surrounding female subject near VOC Park pathway, Sivakasi at 7:45 PM. Subject movement restricted. Police dispatch initiated.",group_harassment,0.8518518518518521,259,44,7:45 PM,Tamil Nadu,train,group of 3 males surrounding female subject near voc park pathway sivakasi at 745 pm subject movement restricted police dispatch initiated,2,False,False,False,False,False,False,False,False,False,False,False,False,False,False,False,True,False,False,False,False,False,False,19
90,"Stalking behaviour detected at Noyyal river walkway, Tiruchirappalli: Subject changed direction twice; follower replicated both turns. Time: 2:00 AM.",being_followed,0.6296296296296298,437,25,2:00 AM,Tamil Nadu,train,stalking behaviour detected at noyyal river walkway tiruchirappalli subject changed direction twice follower replicated both turns time 200 am,0,False,False,False,False,False,False,False,False,False,False,False,False,False,False,False,False,False,False,True,False,False,False,2
91,"Single female pedestrian identified at Kumbakonam temple tank road, Madurai at 9:30 PM. Isolated stretch near Kumbakonam temple tank road. System flagged for monitoring.",lone_walking_night,0.8518518518518521,855,16,9:30 PM,Tamil Nadu,train,single female pedestrian identified at kumbakonam temple tank road madurai at 930 pm isolated stretch near kumbakonam temple tank road system flagged for monitoring,3,False,False,True,False,False,False,False,False,False,False,False,True,False,False,False,False,False,False,False,False,False,False,21
92,"TN SafeCity AI behavioural engine: Subject at Srirangam temple lane, Tirunelveli at 8:00 PM showing signs consistent with being followed.",suspicious_behavior,1.0,918,35,8:00 PM,Tamil Nadu,val,tn safecity ai behavioural engine subject at srirangam temple lane tirunelveli at 800 pm showing signs consistent with being followed,6,True,False,False,False,False,False,False,False,False,False,False,False,False,False,False,False,False,False,False,True,False,False,20
93,"AI flagged aggressive group posture near female pedestrian at Vadapalani signal, Sivakasi. Time: 12:30 AM. Backup from Sivakasi Police requested.",group_harassment,0.37037037037037024,293,45,12:30 AM,Tamil Nadu,train,ai flagged aggressive group posture near female pedestrian at vadapalani signal sivakasi time 1230 am backup from sivakasi police requested,2,False,False,False,False,False,False,False,False,False,False,False,False,False,False,False,True,False,False,False,False,False,False,0
94,"Low-light camera activated at SIPCOT industrial area road, Sivakasi at 12:00 AM. Thermal imaging shows lone female. Safe passage protocol triggered.",lone_walking_night,0.0740740740740744,545,32,12:00 AM,Tamil Nadu,train,lowlight camera activated at sipcot industrial area road sivakasi at 1200 am thermal imaging shows lone female safe passage protocol triggered,3,False,False,True,False,False,False,False,False,False,False,False,False,False,False,False,True,False,False,False,False,False,False,0
95,"Group of 3+ males surrounding female subject near Namakkal lorry stand area, Vellore at 5:45 PM. Subject movement restricted. Police dispatch initiated.",group_harassment,0.6296296296296298,130,24,5:45 PM,Tamil Nadu,train,group of 3 males surrounding female subject near namakkal lorry stand area vellore at 545 pm subject movement restricted police dispatch initiated,2,False,False,False,False,False,False,False,False,False,False,False,False,False,False,False,False,False,False,False,False,False,True,17
96,"Tamil Nadu 112 Emergency integrated alert: Guindy underpass, Cuddalore at 2:00 AM. Female distress signal. Unit en route.",being_followed,0.8518518518518521,772,10,2:00 AM,Tamil Nadu,val,tamil nadu 112 emergency integrated alert guindy underpass cuddalore at 200 am female distress signal unit en route,0,False,False,False,False,True,False,False,False,False,False,False,False,False,False,False,False,False,False,False,False,False,False,2
97,"Female student group passing Karur textile market lane, Thoothukudi at 8:00 PM. Campus security visible nearby. SAFE.",safe,0.666666666666667,91,13,8:00 PM,Tamil Nadu,train,female student group passing karur textile market lane thoothukudi at 800 pm campus security visible nearby safe,5,False,True,False,False,False,False,False,False,False,False,False,False,False,False,False,False,False,True,False,False,False,False,20
98,"AI pattern detection: Unknown male mirroring woman's path at Namakkal lorry stand area, Madurai since 8:30 PM. High confidence tracking match.",being_followed,0.5555555555555558,471,24,8:30 PM,Tamil Nadu,train,ai pattern detection unknown male mirroring womans path at namakkal lorry stand area madurai since 830 pm high confidence tracking match,0,False,False,False,False,False,False,False,False,False,False,False,True,False,False,False,False,False,False,False,False,False,False,20
99,"AI pattern detection: Unknown male mirroring woman's path at Kanchipuram silk market lane, Tiruppur since 11:30 PM. High confidence tracking match.",being_followed,1.0,47,12,11:30 PM,Tamil Nadu,train,ai pattern detection unknown male mirroring womans path at kanchipuram silk market lane tiruppur since 1130 pm high confidence tracking match,0,False,False,False,False,False,False,False,False,False,False,False,False,False,False,False,False,False,False,False,False,True,False,23
100,"TN-CB camera grid alert — Tiruchengode night road, Karur: Behaviour anomaly at 2:00 AM. Female subject flagged for monitoring.",monitoring,0.5555555555555558,21,40,2:00 AM,Tamil Nadu,train,tncb camera grid alert tiruchengode night road karur behaviour anomaly at 200 am female subject flagged for monitoring,4,False,True,False,False,False,False,False,False,False,True,False,False,False,False,False,False,False,False,False,False,False,False,2
101,"Female subject walking unaccompanied at Madurai Meenakshi temple road, Nagercoil at 12:00 AM. Street lights non-functional. Risk score elevated.",lone_walking_night,0.22222222222222276,249,17,12:00 AM,Tamil Nadu,train,female subject walking unaccompanied at madurai meenakshi temple road nagercoil at 1200 am street lights nonfunctional risk score elevated,3,False,False,True,False,False,False,False,False,False,False,False,False,True,False,False,False,False,False,False,False,False,False,0
102,Karur Command Centre: Female being followed near Papanasam dark street at 1:30 AM. Visual context sent to nearest PCR van.,being_followed,0.0370370370370372,614,27,1:30 AM,Tamil Nadu,train,karur command centre female being followed near papanasam dark street at 130 am visual context sent to nearest pcr van,0,False,False,False,False,False,False,False,False,False,True,False,False,False,False,False,False,False,False,False,False,False,False,1
103,Tiruppur Urban Command Centre log: Tirunelveli junction footpath camera flagged unusual activity at 11:00 PM. Female subject under observation.,monitoring,0.48148148148148184,530,42,11:00 PM,Tamil Nadu,train,tiruppur urban command centre log tirunelveli junction footpath camera flagged unusual activity at 1100 pm female subject under observation,4,False,True,False,False,False,False,False,False,False,False,False,False,False,False,False,False,False,False,False,False,True,False,23
104,"Two women walking together near Noyyal river walkway, Nagercoil at 10:00 PM. Well-lit area. System status: SAFE.",safe,0.7407407407407409,456,25,10:00 PM,Tamil Nadu,train,two women walking together near noyyal river walkway nagercoil at 1000 pm welllit area system status safe,5,False,True,False,False,False,False,False,False,False,False,False,False,True,False,False,False,False,False,False,False,False,False,22
105,"Camera detected group harassment at Guindy underpass, Cuddalore at 2:00 AM. Female surrounded, unable to proceed. Emergency alert sent.",group_harassment,0.8148148148148149,836,10,2:00 AM,Tamil Nadu,train,camera detected group harassment at guindy underpass cuddalore at 200 am female surrounded unable to proceed emergency alert sent,2,False,False,False,False,True,False,False,False,False,False,False,False,False,False,False,False,False,False,False,False,False,False,2
106,"AI pipeline triggered at Kanchipuram silk market lane, Madurai camera grid at 12:30 AM. Gender: Female. Activity: Walking alone. Threat score: 74/100.",monitoring,0.14814814814814836,454,12,12:30 AM,Tamil Nadu,test,ai pipeline triggered at kanchipuram silk market lane madurai camera grid at 1230 am gender female activity walking alone threat score 74100,4,False,True,False,False,False,False,False,False,False,False,False,True,False,False,False,False,False,False,False,False,False,False,0
107,"TN-TV camera grid alert — VOC Park pathway, Madurai: Behaviour anomaly at 11:30 PM. Female subject flagged for monitoring.",monitoring,0.5185185185185186,758,44,11:30 PM,Tamil Nadu,train,tntv camera grid alert voc park pathway madurai behaviour anomaly at 1130 pm female subject flagged for monitoring,4,False,True,False,False,False,False,False,False,False,False,False,True,False,False,False,False,False,False,False,False,False,False,23
108,"Night patrol AI report — Koyambedu market, Dindigul at 10:45 PM. Female pedestrian count: 1. App notification sent for escort service.",lone_walking_night,0.7777777777777781,170,15,10:45 PM,Tamil Nadu,train,night patrol ai report koyambedu market dindigul at 1045 pm female pedestrian count 1 app notification sent for escort service,3,False,False,True,False,False,True,False,False,False,False,False,False,False,False,False,False,False,False,False,False,False,False,22
109,"Camera node TN-TD-47 at Katpadi dark alley, Salem detected abnormal motion at 3:00 AM. Female pedestrian in frame. Analysis running.",monitoring,0.592592592592593,518,14,3:00 AM,Tamil Nadu,test,camera node tntd47 at katpadi dark alley salem detected abnormal motion at 300 am female pedestrian in frame analysis running,4,False,True,False,False,False,False,False,False,False,False,False,False,False,False,True,False,False,False,False,False,False,False,3
110,"Vehicle slowing repeatedly near female pedestrian at Kumbakonam temple tank road, Karur at 10:45 PM. TN licence plate captured. Police notified.",threat_detected,0.6296296296296298,617,16,10:45 PM,Tamil Nadu,train,vehicle slowing repeatedly near female pedestrian at kumbakonam temple tank road karur at 1045 pm tn licence plate captured police notified,7,True,False,False,False,False,False,False,False,False,True,False,False,False,False,False,False,False,False,False,False,False,False,22
111,Sivakasi Command Centre: Female being followed near Mathigiri isolated path at 3:30 AM. Visual context sent to nearest PCR van.,being_followed,0.0370370370370372,708,20,3:30 AM,Tamil Nadu,val,sivakasi command centre female being followed near mathigiri isolated path at 330 am visual context sent to nearest pcr van,0,False,False,False,False,False,False,False,False,False,False,False,False,False,False,False,True,False,False,False,False,False,False,3
112,"Vehicle slowing repeatedly near female pedestrian at Chromepet dark lane, Thoothukudi at 8:00 PM. TN licence plate captured. Police notified.",threat_detected,0.0,423,4,8:00 PM,Tamil Nadu,val,vehicle slowing repeatedly near female pedestrian at chromepet dark lane thoothukudi at 800 pm tn licence plate captured police notified,7,True,False,False,False,False,False,False,False,False,False,False,False,False,False,False,False,False,True,False,False,False,False,20
113,"CCTV log — Medical college lane, Hosur: Female pedestrian in group of 4. Well-lit street. Time: 5:45 PM. SAFE.",safe,0.18518518518518556,282,22,5:45 PM,Tamil Nadu,test,cctv log medical college lane hosur female pedestrian in group of 4 welllit street time 545 pm safe,5,False,True,False,False,False,False,False,True,False,False,False,False,False,False,False,False,False,False,False,False,False,False,17
114,"AI behaviour score at Kanchipuram silk market lane, Vellore: Walking speed increased 40% in last 2 minutes. Time: 11:00 PM. Flagged.",suspicious_behavior,0.8518518518518521,79,12,11:00 PM,Tamil Nadu,val,ai behaviour score at kanchipuram silk market lane vellore walking speed increased 40 in last 2 minutes time 1100 pm flagged,6,False,False,False,False,False,False,False,False,False,False,False,False,False,False,False,False,False,False,False,False,False,True,23
115,"Stalking behaviour detected at SIPCOT industrial area road, Madurai: Subject changed direction twice; follower replicated both turns. Time: 9:30 PM.",being_followed,0.22222222222222276,118,32,9:30 PM,Tamil Nadu,train,stalking behaviour detected at sipcot industrial area road madurai subject changed direction twice follower replicated both turns time 930 pm,0,False,False,False,False,False,False,False,False,False,False,False,True,False,False,False,False,False,False,False,False,False,False,21
116,Thoothukudi Police dispatch initiated. Location: Mathigiri isolated path. Time: 10:45 PM. Reason: Lone female at risk. Nearest unit responding.,being_followed,0.1111111111111116,694,20,10:45 PM,Tamil Nadu,train,thoothukudi police dispatch initiated location mathigiri isolated path time 1045 pm reason lone female at risk nearest unit responding,0,False,False,False,False,False,False,False,False,False,False,False,False,False,False,False,False,False,True,False,False,False,False,22
117,"AI pipeline triggered at Velachery IT corridor, Karur camera grid at 11:30 PM. Gender: Female. Activity: Walking alone. Threat score: 74/100.",monitoring,0.22222222222222276,462,47,11:30 PM,Tamil Nadu,test,ai pipeline triggered at velachery it corridor karur camera grid at 1130 pm gender female activity walking alone threat score 74100,4,False,True,False,False,False,False,False,False,False,True,False,False,False,False,False,False,False,False,False,False,False,False,23
118,Real-time alert dispatched. Erode Police Unit notified of situation at Perambur street. Timestamp: 9:00 PM. TNSP coordinating.,being_followed,0.7407407407407409,378,29,9:00 PM,Tamil Nadu,train,realtime alert dispatched erode police unit notified of situation at perambur street timestamp 900 pm tnsp coordinating,0,False,False,False,False,False,False,True,False,False,False,False,False,False,False,False,False,False,False,False,False,False,False,21
119,Hosur night surveillance: Camera node flagged lone female at Bhavani river walkway at 12:30 AM. Nearest police booth alerted.,lone_walking_night,0.22222222222222276,24,3,12:30 AM,Tamil Nadu,train,hosur night surveillance camera node flagged lone female at bhavani river walkway at 1230 am nearest police booth alerted,3,False,False,True,False,False,False,False,True,False,False,False,False,False,False,False,False,False,False,False,False,False,False,0
120,Tiruppur SafeCity alert: Eve-teasing behaviour flagged at Erode bus terminus lane at 2:30 AM. All India Women Helpline 181 notified.,group_harassment,0.2962962962962967,428,8,2:30 AM,Tamil Nadu,train,tiruppur safecity alert eveteasing behaviour flagged at erode bus terminus lane at 230 am all india women helpline 181 notified,2,False,False,False,False,False,False,False,False,False,False,False,False,False,False,False,False,False,False,False,False,True,False,2
121,"Female subject near Katpadi dark alley, Cuddalore at 1:30 AM. Security escort confirmed by Cuddalore Police. Status: SAFE.",safe,0.592592592592593,786,14,1:30 AM,Tamil Nadu,val,female subject near katpadi dark alley cuddalore at 130 am security escort confirmed by cuddalore police status safe,5,False,True,False,False,True,False,False,False,False,False,False,False,False,False,False,False,False,False,False,False,False,False,1
122,"CCTV log — Sivakasi fireworks factory road, Tirunelveli: Female pedestrian in group of 4. Well-lit street. Time: 11:00 PM. SAFE.",safe,0.8888888888888888,826,34,11:00 PM,Tamil Nadu,val,cctv log sivakasi fireworks factory road tirunelveli female pedestrian in group of 4 welllit street time 1100 pm safe,5,False,True,False,False,False,False,False,False,False,False,False,False,False,False,False,False,False,False,False,True,False,False,23
123,"Deep learning classifier — Avinashi road footpath, Tiruppur: Subject accelerated pace 40% in 2 minutes. Time: 9:00 PM. Flagged HIGH.",distress_signal,0.0740740740740744,206,2,9:00 PM,Tamil Nadu,train,deep learning classifier avinashi road footpath tiruppur subject accelerated pace 40 in 2 minutes time 900 pm flagged high,1,True,False,False,False,False,False,False,False,False,False,False,False,False,False,False,False,False,False,False,False,True,False,21
124,"Two-person tracking alert at Marthandam road, Madurai: Male suspect pursuing female pedestrian. Duration 5 minutes. Alert: CRITICAL.",being_followed,0.8148148148148149,535,19,6:30 PM,Tamil Nadu,train,twoperson tracking alert at marthandam road madurai male suspect pursuing female pedestrian duration 5 minutes alert critical,0,False,False,False,False,False,False,False,False,False,False,False,True,False,False,False,False,False,False,False,False,False,False,18
125,"Woman detected walking alone near Tambaram railway station, Karur at 7:45 PM. No companion visible. Area poorly lit. Tamil Nadu Police alert dispatched.",lone_walking_night,0.666666666666667,59,37,7:45 PM,Tamil Nadu,test,woman detected walking alone near tambaram railway station karur at 745 pm no companion visible area poorly lit tamil nadu police alert dispatched,3,False,False,True,False,False,False,False,False,False,True,False,False,False,False,False,False,False,False,False,False,False,False,19
126,"AI pattern detection: Unknown male mirroring woman's path at Namakkal lorry stand area, Erode since 7:45 PM. High confidence tracking match.",being_followed,0.2962962962962967,541,24,7:45 PM,Tamil Nadu,test,ai pattern detection unknown male mirroring womans path at namakkal lorry stand area erode since 745 pm high confidence tracking match,0,False,False,False,False,False,False,True,False,False,False,False,False,False,False,False,False,False,False,False,False,False,False,19
127,AI surveillance flagged lone woman walking near Thoothukudi port road in Sivakasi at 2:00 AM. Nearest patrol unit notified.,lone_walking_night,0.5555555555555558,842,39,2:00 AM,Tamil Nadu,train,ai surveillance flagged lone woman walking near thoothukudi port road in sivakasi at 200 am nearest patrol unit notified,3,False,False,True,False,False,False,False,False,False,False,False,False,False,False,False,True,False,False,False,False,False,False,2
128,"Low-light camera activated at Perambur street, Coimbatore at 8:00 PM. Thermal imaging shows lone female. Safe passage protocol triggered.",lone_walking_night,0.7037037037037042,639,29,8:00 PM,Tamil Nadu,val,lowlight camera activated at perambur street coimbatore at 800 pm thermal imaging shows lone female safe passage protocol triggered,3,False,False,True,True,False,False,False,False,False,False,False,False,False,False,False,False,False,False,False,False,False,False,20
129,Vellore Command Centre: Female being followed near Srirangam temple lane at 9:30 PM. Visual context sent to nearest PCR van.,being_followed,0.1111111111111116,739,35,9:30 PM,Tamil Nadu,train,vellore command centre female being followed near srirangam temple lane at 930 pm visual context sent to nearest pcr van,0,False,False,False,False,False,False,False,False,False,False,False,False,False,False,False,False,False,False,False,False,False,True,21
130,"Female subject near Tirunelveli junction footpath, Salem at 10:00 PM. Security escort confirmed by Salem Police. Status: SAFE.",safe,0.592592592592593,171,42,10:00 PM,Tamil Nadu,train,female subject near tirunelveli junction footpath salem at 1000 pm security escort confirmed by salem police status safe,5,False,True,False,False,False,False,False,False,False,False,False,False,False,False,True,False,False,False,False,False,False,False,22
131,"Tamil Nadu 112 Emergency integrated alert: Karur textile market lane, Kanchipuram at 7:45 PM. Female distress signal. Unit en route.",being_followed,0.40740740740740744,762,13,7:45 PM,Tamil Nadu,train,tamil nadu 112 emergency integrated alert karur textile market lane kanchipuram at 745 pm female distress signal unit en route,0,False,True,False,False,False,False,False,False,True,False,False,False,False,False,False,False,False,False,False,False,False,False,19
132,"Deep learning classifier — Bhavani river walkway, Thanjavur: Subject accelerated pace 40% in 2 minutes. Time: 6:30 PM. Flagged HIGH.",distress_signal,0.9629629629629632,403,3,6:30 PM,Tamil Nadu,train,deep learning classifier bhavani river walkway thanjavur subject accelerated pace 40 in 2 minutes time 630 pm flagged high,1,True,False,False,False,False,False,False,False,False,False,False,False,False,False,False,False,True,False,False,False,False,False,18
133,"Female subject walking unaccompanied at Goripalayam junction, Tiruchirappalli at 6:30 PM. Street lights non-functional. Risk score elevated.",lone_walking_night,0.48148148148148184,62,9,6:30 PM,Tamil Nadu,val,female subject walking unaccompanied at goripalayam junction tiruchirappalli at 630 pm street lights nonfunctional risk score elevated,3,False,False,True,False,False,False,False,False,False,False,False,False,False,False,False,False,False,False,True,False,False,False,18
134,"AI pattern detection: Unknown male mirroring woman's path at Tiruppur SIDCO area, Tiruchirappalli since 10:00 PM. High confidence tracking match.",being_followed,0.2962962962962967,511,43,10:00 PM,Tamil Nadu,train,ai pattern detection unknown male mirroring womans path at tiruppur sidco area tiruchirappalli since 1000 pm high confidence tracking match,0,False,False,False,False,False,False,False,False,False,False,False,False,False,False,False,False,False,False,True,False,False,False,22
135,"Female subject walking unaccompanied at Erode bus terminus lane, Hosur at 11:00 PM. Street lights non-functional. Risk score elevated.",lone_walking_night,0.925925925925926,609,8,11:00 PM,Tamil Nadu,train,female subject walking unaccompanied at erode bus terminus lane hosur at 1100 pm street lights nonfunctional risk score elevated,3,False,False,True,False,False,False,False,True,False,False,False,False,False,False,False,False,False,False,False,False,False,False,23
136,Dindigul Command Centre: Female being followed near Guindy underpass at 8:00 PM. Visual context sent to nearest PCR van.,being_followed,0.0740740740740744,683,10,8:00 PM,Tamil Nadu,val,dindigul command centre female being followed near guindy underpass at 800 pm visual context sent to nearest pcr van,0,False,False,False,False,False,True,False,False,False,False,False,False,False,False,False,False,False,False,False,False,False,False,20
137,"Encirclement behaviour detected at SIPCOT industrial area road, Kumbakonam: Multiple individuals blocking path of lone woman. Alert raised at 2:00 AM.",group_harassment,0.666666666666667,536,32,2:00 AM,Tamil Nadu,train,encirclement behaviour detected at sipcot industrial area road kumbakonam multiple individuals blocking path of lone woman alert raised at 200 am,2,False,False,False,False,False,False,False,False,False,False,True,False,False,False,False,False,False,False,False,False,False,False,2
138,"TN SafeCity AI behavioural engine: Subject at Mathigiri isolated path, Chennai at 2:00 AM showing signs consistent with being followed.",suspicious_behavior,0.3333333333333339,680,20,2:00 AM,Tamil Nadu,test,tn safecity ai behavioural engine subject at mathigiri isolated path chennai at 200 am showing signs consistent with being followed,6,True,False,False,False,False,False,False,False,False,False,False,False,False,False,False,False,False,False,False,False,False,False,2
139,"Gait analysis: Female at T. Nagar bus stand, Tiruppur at 8:30 PM shows 82% distress probability. Tiruppur Police intervention recommended.",distress_signal,0.7777777777777781,241,36,8:30 PM,Tamil Nadu,train,gait analysis female at t nagar bus stand tiruppur at 830 pm shows 82 distress probability tiruppur police intervention recommended,1,True,False,False,False,False,False,False,False,False,False,False,False,False,False,False,False,False,False,False,False,True,False,20
140,"CCTV log — Anna Nagar subway, Thoothukudi: Female pedestrian in group of 4. Well-lit street. Time: 12:30 AM. SAFE.",safe,0.6296296296296298,259,1,12:30 AM,Tamil Nadu,train,cctv log anna nagar subway thoothukudi female pedestrian in group of 4 welllit street time 1230 am safe,5,False,True,False,False,False,False,False,False,False,False,False,False,False,False,False,False,False,True,False,False,False,False,0
141,"Night monitoring alert: Lone female pedestrian near Goripalayam junction, Namakkal at 2:30 AM. Smart lighting activated along route.",lone_walking_night,0.0740740740740744,883,9,2:30 AM,Tamil Nadu,train,night monitoring alert lone female pedestrian near goripalayam junction namakkal at 230 am smart lighting activated along route,3,False,False,True,False,False,False,False,False,False,False,False,False,False,True,False,False,False,False,False,False,False,False,2
142,"Abnormal movement pattern: Female subject running intermittently near Noyyal river walkway, Cuddalore at 2:30 AM. Possible escape behaviour.",distress_signal,0.22222222222222276,189,25,2:30 AM,Tamil Nadu,val,abnormal movement pattern female subject running intermittently near noyyal river walkway cuddalore at 230 am possible escape behaviour,1,True,False,False,False,True,False,False,False,False,False,False,False,False,False,False,False,False,False,False,False,False,False,2
143,"Tamil Nadu SafeCity night log: Unaccompanied woman near Kanchipuram silk market lane, Hosur at 11:30 PM. Smart lights activated along path.",lone_walking_night,0.44444444444444464,809,12,11:30 PM,Tamil Nadu,train,tamil nadu safecity night log unaccompanied woman near kanchipuram silk market lane hosur at 1130 pm smart lights activated along path,3,False,False,True,False,False,False,False,True,False,False,False,False,False,False,False,False,False,False,False,False,False,False,23
144,"Unknown vehicle following female pedestrian route near Marthandam road, Salem. Time: 9:30 PM. TN RTO plate analysis underway.",threat_detected,0.5185185185185186,367,19,9:30 PM,Tamil Nadu,train,unknown vehicle following female pedestrian route near marthandam road salem time 930 pm tn rto plate analysis underway,7,True,False,False,False,False,False,False,False,False,False,False,False,False,False,True,False,False,False,False,False,False,False,21
145,"Two women walking together near Kumbakonam temple tank road, Tiruchirappalli at 3:00 AM. Well-lit area. System status: SAFE.",safe,0.8518518518518521,180,16,3:00 AM,Tamil Nadu,train,two women walking together near kumbakonam temple tank road tiruchirappalli at 300 am welllit area system status safe,5,False,True,False,False,False,False,False,False,False,False,False,False,False,False,False,False,False,False,True,False,False,False,3
146,Karur Urban Command Centre log: Marthandam road camera flagged unusual activity at 3:30 AM. Female subject under observation.,monitoring,0.3333333333333339,610,19,3:30 AM,Tamil Nadu,train,karur urban command centre log marthandam road camera flagged unusual activity at 330 am female subject under observation,4,False,True,False,False,False,False,False,False,False,True,False,False,False,False,False,False,False,False,False,False,False,False,3
147,"SmartCity TN surveillance — Palayamkottai night road, Dindigul, 12:00 AM: Face anonymised. Gender: Female. Motion: Walking alone.",monitoring,0.48148148148148184,206,26,12:00 AM,Tamil Nadu,train,smartcity tn surveillance palayamkottai night road dindigul 1200 am face anonymised gender female motion walking alone,4,False,True,False,False,False,True,False,False,False,False,False,False,False,False,False,False,False,False,False,False,False,False,0
148,"Tamil Nadu SafeCity night log: Unaccompanied woman near Tiruppur SIDCO area, Kanchipuram at 10:00 PM. Smart lights activated along path.",lone_walking_night,0.592592592592593,449,43,10:00 PM,Tamil Nadu,train,tamil nadu safecity night log unaccompanied woman near tiruppur sidco area kanchipuram at 1000 pm smart lights activated along path,3,False,False,True,False,False,False,False,False,True,False,False,False,False,False,False,False,False,False,False,False,False,False,22
149,"Weapon-like object detected near female subject at Porur flyover footpath, Nagercoil at 4:00 AM. Visual verification requested. Alert: HIGH.",threat_detected,0.925925925925926,733,30,4:00 AM,Tamil Nadu,train,weaponlike object detected near female subject at porur flyover footpath nagercoil at 400 am visual verification requested alert high,7,True,False,False,False,False,False,False,False,False,False,False,False,True,False,False,False,False,False,False,False,False,False,4
150,"NightWatch TN AI: Female detected at isolated Namakkal lorry stand area, Nagercoil at 2:00 AM. Street patrol redirected to her route.",lone_walking_night,0.8518518518518521,843,24,2:00 AM,Tamil Nadu,train,nightwatch tn ai female detected at isolated namakkal lorry stand area nagercoil at 200 am street patrol redirected to her route,3,False,False,True,False,False,False,False,False,False,False,False,False,True,False,False,False,False,False,False,False,False,False,2
151,"TN-ER camera grid alert — Ammapet isolated street, Coimbatore: Behaviour anomaly at 4:00 AM. Female subject flagged for monitoring.",monitoring,0.2592592592592595,205,0,4:00 AM,Tamil Nadu,train,tner camera grid alert ammapet isolated street coimbatore behaviour anomaly at 400 am female subject flagged for monitoring,4,False,True,False,True,False,False,False,False,False,False,False,False,False,False,False,False,False,False,False,False,False,False,4
152,"AI alert — Virudhunagar bus stop, Coimbatore: Person shadowing female for 400 metres since 5:45 PM. Intervention dispatched.",being_followed,0.6296296296296298,803,49,5:45 PM,Tamil Nadu,train,ai alert virudhunagar bus stop coimbatore person shadowing female for 400 metres since 545 pm intervention dispatched,0,False,False,False,True,False,False,False,False,False,False,False,False,False,False,False,False,False,False,False,False,False,False,17
153,"Woman jogging with earphones at Sivakasi fireworks factory road, Karur at 10:45 PM. Regular route. No suspicious activity. Status: NORMAL.",safe,0.5185185185185186,904,34,10:45 PM,Tamil Nadu,train,woman jogging with earphones at sivakasi fireworks factory road karur at 1045 pm regular route no suspicious activity status normal,5,False,True,False,False,False,False,False,False,False,True,False,False,False,False,False,False,False,False,False,False,False,False,22
154,AI surveillance flagged lone woman walking near Srirangam temple lane in Sivakasi at 11:00 PM. Nearest patrol unit notified.,lone_walking_night,0.592592592592593,145,35,11:00 PM,Tamil Nadu,train,ai surveillance flagged lone woman walking near srirangam temple lane in sivakasi at 1100 pm nearest patrol unit notified,3,False,False,True,False,False,False,False,False,False,False,False,False,False,False,False,True,False,False,False,False,False,False,23
155,"Camera detected group harassment at Tiruppur SIDCO area, Kanchipuram at 11:00 PM. Female surrounded, unable to proceed. Emergency alert sent.",group_harassment,0.2962962962962967,133,43,11:00 PM,Tamil Nadu,val,camera detected group harassment at tiruppur sidco area kanchipuram at 1100 pm female surrounded unable to proceed emergency alert sent,2,False,False,False,False,False,False,False,False,True,False,False,False,False,False,False,False,False,False,False,False,False,False,23
156,"Tamil Nadu SafeCity night log: Unaccompanied woman near Thoothukudi port road, Tirunelveli at 11:00 PM. Smart lights activated along path.",lone_walking_night,0.40740740740740744,794,39,11:00 PM,Tamil Nadu,val,tamil nadu safecity night log unaccompanied woman near thoothukudi port road tirunelveli at 1100 pm smart lights activated along path,3,False,False,True,False,False,False,False,False,False,False,False,False,False,False,False,False,False,False,False,True,False,False,23
157,"Two-person tracking alert at Anna Nagar subway, Kanchipuram: Male suspect pursuing female pedestrian. Duration 5 minutes. Alert: CRITICAL.",being_followed,0.2592592592592595,594,1,2:00 AM,Tamil Nadu,val,twoperson tracking alert at anna nagar subway kanchipuram male suspect pursuing female pedestrian duration 5 minutes alert critical,0,False,False,False,False,False,False,False,False,True,False,False,False,False,False,False,False,False,False,False,False,False,False,2
158,"Command Centre to field unit: Respond to SIPCOT industrial area road, Nagercoil. Female pedestrian safety alert. Time: 2:30 AM. Priority: HIGH.",being_followed,0.44444444444444464,244,32,2:30 AM,Tamil Nadu,train,command centre to field unit respond to sipcot industrial area road nagercoil female pedestrian safety alert time 230 am priority high,0,False,False,False,False,False,False,False,False,False,False,False,False,True,False,False,False,False,False,False,False,False,False,2
159,"TN-MD camera grid alert — Ammapet isolated street, Tiruchirappalli: Behaviour anomaly at 9:00 PM. Female subject flagged for monitoring.",monitoring,0.2592592592592595,314,0,9:00 PM,Tamil Nadu,val,tnmd camera grid alert ammapet isolated street tiruchirappalli behaviour anomaly at 900 pm female subject flagged for monitoring,4,False,True,False,False,False,False,False,False,False,False,False,False,False,False,False,False,False,False,True,False,False,False,21
160,"Tamil Nadu 112 Emergency integrated alert: Kanchipuram silk market lane, Cuddalore at 12:30 AM. Female distress signal. Unit en route.",being_followed,0.8148148148148149,178,12,12:30 AM,Tamil Nadu,train,tamil nadu 112 emergency integrated alert kanchipuram silk market lane cuddalore at 1230 am female distress signal unit en route,0,False,False,False,False,True,False,False,False,False,False,False,False,False,False,False,False,False,False,False,False,False,False,0
161,AI surveillance flagged lone woman walking near Cuddalore old town street in Madurai at 11:30 PM. Nearest patrol unit notified.,lone_walking_night,0.6296296296296298,394,6,11:30 PM,Tamil Nadu,train,ai surveillance flagged lone woman walking near cuddalore old town street in madurai at 1130 pm nearest patrol unit notified,3,False,False,True,False,False,False,False,False,False,False,False,True,False,False,False,False,False,False,False,False,False,False,23
162,"Woman at Porur flyover footpath, Thoothukudi at 11:30 PM near ATM. Transaction completed. Moving normally. Status: SAFE.",safe,0.2592592592592595,767,30,11:30 PM,Tamil Nadu,train,woman at porur flyover footpath thoothukudi at 1130 pm near atm transaction completed moving normally status safe,5,False,True,False,False,False,False,False,False,False,False,False,False,False,False,False,False,False,True,False,False,False,False,23
163,"AI flagged aggressive group posture near female pedestrian at Namakkal lorry stand area, Chennai. Time: 1:00 AM. Backup from Chennai Police requested.",group_harassment,0.8148148148148149,770,24,1:00 AM,Tamil Nadu,train,ai flagged aggressive group posture near female pedestrian at namakkal lorry stand area chennai time 100 am backup from chennai police requested,2,False,False,False,False,False,False,False,False,False,False,False,False,False,False,False,False,False,False,False,False,False,False,1
164,"Female student group passing Cuddalore old town street, Kumbakonam at 9:30 PM. Campus security visible nearby. SAFE.",safe,0.14814814814814836,316,6,9:30 PM,Tamil Nadu,train,female student group passing cuddalore old town street kumbakonam at 930 pm campus security visible nearby safe,5,False,True,False,False,False,False,False,False,False,False,True,False,False,False,False,False,False,False,False,False,False,False,21
165,"Night patrol AI report — Tambaram railway station, Hosur at 9:30 PM. Female pedestrian count: 1. App notification sent for escort service.",lone_walking_night,0.18518518518518556,837,37,9:30 PM,Tamil Nadu,test,night patrol ai report tambaram railway station hosur at 930 pm female pedestrian count 1 app notification sent for escort service,3,False,False,True,False,False,False,False,True,False,False,False,False,False,False,False,False,False,False,False,False,False,False,21
166,"AI alert — Namakkal lorry stand area, Sivakasi: Person shadowing female for 400 metres since 10:45 PM. Intervention dispatched.",being_followed,0.8888888888888888,20,24,10:45 PM,Tamil Nadu,train,ai alert namakkal lorry stand area sivakasi person shadowing female for 400 metres since 1045 pm intervention dispatched,0,False,False,False,False,False,False,False,False,False,False,False,False,False,False,False,True,False,False,False,False,False,False,22
167,Real-time alert dispatched. Coimbatore Police Unit notified of situation at Kumbakonam temple tank road. Timestamp: 11:30 PM. TNSP coordinating.,being_followed,0.8148148148148149,717,16,11:30 PM,Tamil Nadu,train,realtime alert dispatched coimbatore police unit notified of situation at kumbakonam temple tank road timestamp 1130 pm tnsp coordinating,0,False,False,False,True,False,False,False,False,False,False,False,False,False,False,False,False,False,False,False,False,False,False,23
168,"AI body language analysis at Mathigiri isolated path, Namakkal: Subject shows defensive posture, looking over shoulder frequently. Time: 12:00 AM.",distress_signal,0.0370370370370372,882,20,12:00 AM,Tamil Nadu,train,ai body language analysis at mathigiri isolated path namakkal subject shows defensive posture looking over shoulder frequently time 1200 am,1,True,False,False,False,False,False,False,False,False,False,False,False,False,True,False,False,False,False,False,False,False,False,0
169,"AI pipeline triggered at Vadapalani signal, Vellore camera grid at 12:00 AM. Gender: Female. Activity: Walking alone. Threat score: 74/100.",monitoring,0.40740740740740744,474,45,12:00 AM,Tamil Nadu,train,ai pipeline triggered at vadapalani signal vellore camera grid at 1200 am gender female activity walking alone threat score 74100,4,False,True,False,False,False,False,False,False,False,False,False,False,False,False,False,False,False,False,False,False,False,True,0
170,"AI pattern detection: Unknown male mirroring woman's path at Madurai Meenakshi temple road, Namakkal since 6:30 PM. High confidence tracking match.",being_followed,0.44444444444444464,589,17,6:30 PM,Tamil Nadu,train,ai pattern detection unknown male mirroring womans path at madurai meenakshi temple road namakkal since 630 pm high confidence tracking match,0,False,False,False,False,False,False,False,False,False,False,False,False,False,True,False,False,False,False,False,False,False,False,18
171,"Night patrol AI report — Thoothukudi port road, Tiruchirappalli at 2:30 AM. Female pedestrian count: 1. App notification sent for escort service.",lone_walking_night,0.14814814814814836,274,39,2:30 AM,Tamil Nadu,train,night patrol ai report thoothukudi port road tiruchirappalli at 230 am female pedestrian count 1 app notification sent for escort service,3,False,False,True,False,False,False,False,False,False,False,False,False,False,False,False,False,False,False,True,False,False,False,2
172,"AI body language analysis at Madurai Meenakshi temple road, Kanchipuram: Subject shows defensive posture, looking over shoulder frequently. Time: 6:30 PM.",distress_signal,0.48148148148148184,64,17,6:30 PM,Tamil Nadu,test,ai body language analysis at madurai meenakshi temple road kanchipuram subject shows defensive posture looking over shoulder frequently time 630 pm,1,True,False,False,False,False,False,False,False,True,False,False,False,False,False,False,False,False,False,False,False,False,False,18
173,"Tamil Nadu CCTV integration alert: RS Puram walkway, Kumbakonam at 10:45 PM. Cross-camera tracking active across 3 zones.",monitoring,0.5185185185185186,573,31,10:45 PM,Tamil Nadu,train,tamil nadu cctv integration alert rs puram walkway kumbakonam at 1045 pm crosscamera tracking active across 3 zones,4,False,True,False,False,False,False,False,False,False,False,True,False,False,False,False,False,False,False,False,False,False,False,22
174,Vellore Command Centre: Female being followed near Koyambedu market at 10:45 PM. Visual context sent to nearest PCR van.,being_followed,0.666666666666667,602,15,10:45 PM,Tamil Nadu,test,vellore command centre female being followed near koyambedu market at 1045 pm visual context sent to nearest pcr van,0,False,False,False,False,False,False,False,False,False,False,False,False,False,False,False,False,False,False,False,False,False,True,22
175,"Woman at Virudhunagar bus stop, Kumbakonam at 10:00 PM near ATM. Transaction completed. Moving normally. Status: SAFE.",safe,0.7407407407407409,444,49,10:00 PM,Tamil Nadu,train,woman at virudhunagar bus stop kumbakonam at 1000 pm near atm transaction completed moving normally status safe,5,False,True,False,False,False,False,False,False,False,False,True,False,False,False,False,False,False,False,False,False,False,False,22
176,"Gait analysis: Female at Goripalayam junction, Kumbakonam at 6:30 PM shows 82% distress probability. Kumbakonam Police intervention recommended.",distress_signal,0.37037037037037024,779,9,6:30 PM,Tamil Nadu,val,gait analysis female at goripalayam junction kumbakonam at 630 pm shows 82 distress probability kumbakonam police intervention recommended,1,True,False,False,False,False,False,False,False,False,False,True,False,False,False,False,False,False,False,False,False,False,False,18
177,"AI alert — Kanchipuram silk market lane, Hosur: Person shadowing female for 400 metres since 5:45 PM. Intervention dispatched.",being_followed,0.5185185185185186,345,12,5:45 PM,Tamil Nadu,train,ai alert kanchipuram silk market lane hosur person shadowing female for 400 metres since 545 pm intervention dispatched,0,False,False,False,False,False,False,False,True,False,False,False,False,False,False,False,False,False,False,False,False,False,False,17
178,"Camera node TN-CH-47 at Katpadi dark alley, Thanjavur detected abnormal motion at 10:00 PM. Female pedestrian in frame. Analysis running.",monitoring,0.6296296296296298,194,14,10:00 PM,Tamil Nadu,val,camera node tnch47 at katpadi dark alley thanjavur detected abnormal motion at 1000 pm female pedestrian in frame analysis running,4,False,True,False,False,False,False,False,False,False,False,False,False,False,False,False,False,True,False,False,False,False,False,22
179,"Group of 3+ males surrounding female subject near Vadapalani signal, Karur at 12:30 AM. Subject movement restricted. Police dispatch initiated.",group_harassment,0.7407407407407409,850,45,12:30 AM,Tamil Nadu,train,group of 3 males surrounding female subject near vadapalani signal karur at 1230 am subject movement restricted police dispatch initiated,2,False,False,False,False,False,False,False,False,False,True,False,False,False,False,False,False,False,False,False,False,False,False,0
180,"Night monitoring alert: Lone female pedestrian near Palayamkottai night road, Tiruppur at 10:00 PM. Smart lighting activated along route.",lone_walking_night,0.2592592592592595,670,26,10:00 PM,Tamil Nadu,val,night monitoring alert lone female pedestrian near palayamkottai night road tiruppur at 1000 pm smart lighting activated along route,3,False,False,True,False,False,False,False,False,False,False,False,False,False,False,False,False,False,False,False,False,True,False,22
181,CCTV alert — Erode: Woman walking alone at Vellore CMC hospital road at 8:00 PM. No other pedestrians within 50 metres.,lone_walking_night,0.14814814814814836,261,48,8:00 PM,Tamil Nadu,train,cctv alert erode woman walking alone at vellore cmc hospital road at 800 pm no other pedestrians within 50 metres,3,False,False,True,False,False,False,True,False,False,False,False,False,False,False,False,False,False,False,False,False,False,False,20
182,"AI pattern detection: Unknown male mirroring woman's path at Velachery IT corridor, Chennai since 8:30 PM. High confidence tracking match.",being_followed,0.8148148148148149,805,47,8:30 PM,Tamil Nadu,test,ai pattern detection unknown male mirroring womans path at velachery it corridor chennai since 830 pm high confidence tracking match,0,False,False,False,False,False,False,False,False,False,False,False,False,False,False,False,False,False,False,False,False,False,False,20
183,"Woman jogging with earphones at Mathigiri isolated path, Dindigul at 8:30 PM. Regular route. No suspicious activity. Status: NORMAL.",safe,0.7407407407407409,705,20,8:30 PM,Tamil Nadu,val,woman jogging with earphones at mathigiri isolated path dindigul at 830 pm regular route no suspicious activity status normal,5,False,True,False,False,False,True,False,False,False,False,False,False,False,False,False,False,False,False,False,False,False,False,20
184,AI surveillance flagged lone woman walking near Velachery IT corridor in Erode at 1:00 AM. Nearest patrol unit notified.,lone_walking_night,0.0370370370370372,60,47,1:00 AM,Tamil Nadu,train,ai surveillance flagged lone woman walking near velachery it corridor in erode at 100 am nearest patrol unit notified,3,False,False,True,False,False,False,True,False,False,False,False,False,False,False,False,False,False,False,False,False,False,False,1
185,"Woman jogging with earphones at Vellore CMC hospital road, Karur at 9:30 PM. Regular route. No suspicious activity. Status: NORMAL.",safe,0.14814814814814836,450,48,9:30 PM,Tamil Nadu,train,woman jogging with earphones at vellore cmc hospital road karur at 930 pm regular route no suspicious activity status normal,5,False,True,False,False,False,False,False,False,False,True,False,False,False,False,False,False,False,False,False,False,False,False,21
186,"Tamil Nadu SafeCity night log: Unaccompanied woman near VOC Park pathway, Sivakasi at 3:30 AM. Smart lights activated along path.",lone_walking_night,0.48148148148148184,113,44,3:30 AM,Tamil Nadu,val,tamil nadu safecity night log unaccompanied woman near voc park pathway sivakasi at 330 am smart lights activated along path,3,False,False,True,False,False,False,False,False,False,False,False,False,False,False,False,True,False,False,False,False,False,False,3
187,"Two-person tracking alert at SIPCOT industrial area road, Salem: Male suspect pursuing female pedestrian. Duration 5 minutes. Alert: CRITICAL.",being_followed,0.37037037037037024,38,32,11:00 PM,Tamil Nadu,train,twoperson tracking alert at sipcot industrial area road salem male suspect pursuing female pedestrian duration 5 minutes alert critical,0,False,False,False,False,False,False,False,False,False,False,False,False,False,False,True,False,False,False,False,False,False,False,23
188,"Deep learning classifier — Tambaram railway station, Thoothukudi: Lone female, night scene, isolated path, 4:00 AM. Risk score: 87/100.",suspicious_behavior,0.666666666666667,430,37,4:00 AM,Tamil Nadu,test,deep learning classifier tambaram railway station thoothukudi lone female night scene isolated path 400 am risk score 87100,6,True,False,False,False,False,False,False,False,False,False,False,False,False,False,False,False,False,True,False,False,False,False,4
189,"Tamil Nadu SafeCity system: Female detected alone at Karur textile market lane, Karur. Time: 11:30 PM. Escort service notification sent via app.",lone_walking_night,0.37037037037037024,165,13,11:30 PM,Tamil Nadu,train,tamil nadu safecity system female detected alone at karur textile market lane karur time 1130 pm escort service notification sent via app,3,False,False,True,False,False,False,False,False,False,True,False,False,False,False,False,False,False,False,False,False,False,False,23
190,"AI pipeline triggered at Mathigiri isolated path, Hosur camera grid at 9:00 PM. Gender: Female. Activity: Walking alone. Threat score: 74/100.",monitoring,0.6296296296296298,70,20,9:00 PM,Tamil Nadu,train,ai pipeline triggered at mathigiri isolated path hosur camera grid at 900 pm gender female activity walking alone threat score 74100,4,False,True,False,False,False,False,False,True,False,False,False,False,False,False,False,False,False,False,False,False,False,False,21
191,"Tamil Nadu SafeCity system: Female detected alone at Erode bus terminus lane, Thoothukudi. Time: 1:00 AM. Escort service notification sent via app.",lone_walking_night,0.7037037037037042,366,8,1:00 AM,Tamil Nadu,train,tamil nadu safecity system female detected alone at erode bus terminus lane thoothukudi time 100 am escort service notification sent via app,3,False,False,True,False,False,False,False,False,False,False,False,False,False,False,False,False,False,True,False,False,False,False,1
192,"Vehicle slowing repeatedly near female pedestrian at Thanjavur Big Temple road, Thanjavur at 3:30 AM. TN licence plate captured. Police notified.",threat_detected,0.9629629629629632,876,38,3:30 AM,Tamil Nadu,train,vehicle slowing repeatedly near female pedestrian at thanjavur big temple road thanjavur at 330 am tn licence plate captured police notified,7,True,False,False,False,False,False,False,False,False,False,False,False,False,False,False,False,True,False,False,False,False,False,3
193,"Tamil Nadu SafeCity system: Female detected alone at Chromepet dark lane, Vellore. Time: 3:30 AM. Escort service notification sent via app.",lone_walking_night,0.7777777777777781,23,4,3:30 AM,Tamil Nadu,train,tamil nadu safecity system female detected alone at chromepet dark lane vellore time 330 am escort service notification sent via app,3,False,False,True,False,False,False,False,False,False,False,False,False,False,False,False,False,False,False,False,False,False,True,3
194,"Camera node TN-SL-47 at Tiruchengode night road, Coimbatore detected abnormal motion at 9:00 PM. Female pedestrian in frame. Analysis running.",monitoring,0.8148148148148149,459,40,9:00 PM,Tamil Nadu,test,camera node tnsl47 at tiruchengode night road coimbatore detected abnormal motion at 900 pm female pedestrian in frame analysis running,4,False,True,False,True,False,False,False,False,False,False,False,False,False,False,False,False,False,False,False,False,False,False,21
195,"Stalking behaviour detected at Madurai Meenakshi temple road, Namakkal: Subject changed direction twice; follower replicated both turns. Time: 12:30 AM.",being_followed,0.8148148148148149,520,17,12:30 AM,Tamil Nadu,test,stalking behaviour detected at madurai meenakshi temple road namakkal subject changed direction twice follower replicated both turns time 1230 am,0,False,False,False,False,False,False,False,False,False,False,False,False,False,True,False,False,False,False,False,False,False,False,0
196,"Abnormal movement pattern: Female subject running intermittently near Salem Steel Plant road, Erode at 8:00 PM. Possible escape behaviour.",distress_signal,0.0740740740740744,155,33,8:00 PM,Tamil Nadu,test,abnormal movement pattern female subject running intermittently near salem steel plant road erode at 800 pm possible escape behaviour,1,True,False,False,False,False,False,True,False,False,False,False,False,False,False,False,False,False,False,False,False,False,False,20
197,"Night monitoring alert: Lone female pedestrian near Anna Nagar subway, Karur at 3:30 AM. Smart lighting activated along route.",lone_walking_night,0.2962962962962967,99,1,3:30 AM,Tamil Nadu,val,night monitoring alert lone female pedestrian near anna nagar subway karur at 330 am smart lighting activated along route,3,False,False,True,False,False,False,False,False,False,True,False,False,False,False,False,False,False,False,False,False,False,False,3
198,"Woman jogging with earphones at Tambaram railway station, Thoothukudi at 5:45 PM. Regular route. No suspicious activity. Status: NORMAL.",safe,0.5185185185185186,886,37,5:45 PM,Tamil Nadu,train,woman jogging with earphones at tambaram railway station thoothukudi at 545 pm regular route no suspicious activity status normal,5,False,True,False,False,False,False,False,False,False,False,False,False,False,False,False,False,False,True,False,False,False,False,17
199,"Female student group passing Salem Steel Plant road, Erode at 7:45 PM. Campus security visible nearby. SAFE.",safe,0.7777777777777781,914,33,7:45 PM,Tamil Nadu,train,female student group passing salem steel plant road erode at 745 pm campus security visible nearby safe,5,False,True,False,False,False,False,True,False,False,False,False,False,False,False,False,False,False,False,False,False,False,False,19
200,"Camera node TN-CH-47 at RS Puram walkway, Hosur detected abnormal motion at 12:00 AM. Female pedestrian in frame. Analysis running.",monitoring,0.5555555555555558,102,31,12:00 AM,Tamil Nadu,train,camera node tnch47 at rs puram walkway hosur detected abnormal motion at 1200 am female pedestrian in frame analysis running,4,False,True,False,False,False,False,False,True,False,False,False,False,False,False,False,False,False,False,False,False,False,False,0
201,"CCTV log — Noyyal river walkway, Thanjavur: Female pedestrian in group of 4. Well-lit street. Time: 11:00 PM. SAFE.",safe,0.592592592592593,205,25,11:00 PM,Tamil Nadu,test,cctv log noyyal river walkway thanjavur female pedestrian in group of 4 welllit street time 1100 pm safe,5,False,True,False,False,False,False,False,False,False,False,False,False,False,False,False,False,True,False,False,False,False,False,23
202,Madurai Command Centre: Female being followed near Thoothukudi port road at 3:00 AM. Visual context sent to nearest PCR van.,being_followed,0.8148148148148149,498,39,3:00 AM,Tamil Nadu,train,madurai command centre female being followed near thoothukudi port road at 300 am visual context sent to nearest pcr van,0,False,False,False,False,False,False,False,False,False,False,False,True,False,False,False,False,False,False,False,False,False,False,3
203,"CCTV log — Hosur industrial estate lane, Karur: Female pedestrian in group of 4. Well-lit street. Time: 5:45 PM. SAFE.",safe,0.48148148148148184,766,11,5:45 PM,Tamil Nadu,train,cctv log hosur industrial estate lane karur female pedestrian in group of 4 welllit street time 545 pm safe,5,False,True,False,False,False,False,False,False,False,True,False,False,False,False,False,False,False,False,False,False,False,False,17
204,Sivakasi Police dispatch initiated. Location: Papanasam dark street. Time: 8:00 PM. Reason: Lone female at risk. Nearest unit responding.,being_followed,0.592592592592593,407,27,8:00 PM,Tamil Nadu,test,sivakasi police dispatch initiated location papanasam dark street time 800 pm reason lone female at risk nearest unit responding,0,False,False,False,False,False,False,False,False,False,False,False,False,False,False,False,True,False,False,False,False,False,False,20
205,"Two women walking together near Medical college lane, Cuddalore at 3:00 AM. Well-lit area. System status: SAFE.",safe,0.0740740740740744,197,22,3:00 AM,Tamil Nadu,val,two women walking together near medical college lane cuddalore at 300 am welllit area system status safe,5,False,True,False,False,True,False,False,False,False,False,False,False,False,False,False,False,False,False,False,False,False,False,3
206,Hosur Command Centre: Female being followed near Erode bus terminus lane at 2:30 AM. Visual context sent to nearest PCR van.,being_followed,0.7777777777777781,0,8,2:30 AM,Tamil Nadu,test,hosur command centre female being followed near erode bus terminus lane at 230 am visual context sent to nearest pcr van,0,False,False,False,False,False,False,False,True,False,False,False,False,False,False,False,False,False,False,False,False,False,False,2
207,"Two-person tracking alert at Chromepet dark lane, Tirunelveli: Male suspect pursuing female pedestrian. Duration 5 minutes. Alert: CRITICAL.",being_followed,0.5555555555555558,907,4,10:45 PM,Tamil Nadu,train,twoperson tracking alert at chromepet dark lane tirunelveli male suspect pursuing female pedestrian duration 5 minutes alert critical,0,False,False,False,False,False,False,False,False,False,False,False,False,False,False,False,False,False,False,False,True,False,False,22
208,"Woman displaying rapid head turns and looking back repeatedly at Noyyal river walkway, Hosur at 7:45 PM. Distress posture detected.",distress_signal,0.5555555555555558,410,25,7:45 PM,Tamil Nadu,train,woman displaying rapid head turns and looking back repeatedly at noyyal river walkway hosur at 745 pm distress posture detected,1,True,False,False,False,False,False,False,True,False,False,False,False,False,False,False,False,False,False,False,False,False,False,19
209,"Single female pedestrian identified at Salem Steel Plant road, Vellore at 1:30 AM. Isolated stretch near Salem Steel Plant road. System flagged for monitoring.",lone_walking_night,0.2592592592592595,756,33,1:30 AM,Tamil Nadu,test,single female pedestrian identified at salem steel plant road vellore at 130 am isolated stretch near salem steel plant road system flagged for monitoring,3,False,False,True,False,False,False,False,False,False,False,False,False,False,False,False,False,False,False,False,False,False,True,1
210,"Woman jogging with earphones at Chromepet dark lane, Thoothukudi at 1:00 AM. Regular route. No suspicious activity. Status: NORMAL.",safe,0.18518518518518556,9,4,1:00 AM,Tamil Nadu,val,woman jogging with earphones at chromepet dark lane thoothukudi at 100 am regular route no suspicious activity status normal,5,False,True,False,False,False,False,False,False,False,False,False,False,False,False,False,False,False,True,False,False,False,False,1
211,"Two-person tracking alert at Ammapet isolated street, Namakkal: Male suspect pursuing female pedestrian. Duration 5 minutes. Alert: CRITICAL.",being_followed,0.9629629629629632,615,0,8:00 PM,Tamil Nadu,val,twoperson tracking alert at ammapet isolated street namakkal male suspect pursuing female pedestrian duration 5 minutes alert critical,0,False,False,False,False,False,False,False,False,False,False,False,False,False,True,False,False,False,False,False,False,False,False,20
212,"SmartCity TN surveillance — Goripalayam junction, Tirunelveli, 3:00 AM: Face anonymised. Gender: Female. Motion: Walking alone.",monitoring,0.0370370370370372,314,9,3:00 AM,Tamil Nadu,train,smartcity tn surveillance goripalayam junction tirunelveli 300 am face anonymised gender female motion walking alone,4,False,True,False,False,False,False,False,False,False,False,False,False,False,False,False,False,False,False,False,True,False,False,3
213,"Pose estimation at Vellore CMC hospital road, Dindigul (7:45 PM): Female subject exhibiting evasive movement. Threat assessment: ELEVATED.",suspicious_behavior,0.37037037037037024,281,48,7:45 PM,Tamil Nadu,train,pose estimation at vellore cmc hospital road dindigul 745 pm female subject exhibiting evasive movement threat assessment elevated,6,True,False,False,False,False,True,False,False,False,False,False,False,False,False,False,False,False,False,False,False,False,False,19
214,"Unattended bag flagged near woman at Koyambedu market, Madurai at 2:30 AM. Madurai bomb disposal team notified. Female being evacuated.",threat_detected,0.8518518518518521,409,15,2:30 AM,Tamil Nadu,train,unattended bag flagged near woman at koyambedu market madurai at 230 am madurai bomb disposal team notified female being evacuated,7,True,False,False,False,False,False,False,False,False,False,False,True,False,False,False,False,False,False,False,False,False,False,2
215,"AI body language analysis at Tirunelveli junction footpath, Hosur: Subject shows defensive posture, looking over shoulder frequently. Time: 9:30 PM.",distress_signal,0.8148148148148149,391,42,9:30 PM,Tamil Nadu,train,ai body language analysis at tirunelveli junction footpath hosur subject shows defensive posture looking over shoulder frequently time 930 pm,1,True,False,False,False,False,False,False,True,False,False,False,False,False,False,False,False,False,False,False,False,False,False,21
216,"Female student group passing Varadharaja Perumal temple road, Tiruchirappalli at 5:45 PM. Campus security visible nearby. SAFE.",safe,0.6296296296296298,435,46,5:45 PM,Tamil Nadu,val,female student group passing varadharaja perumal temple road tiruchirappalli at 545 pm campus security visible nearby safe,5,False,True,False,False,False,False,False,False,False,False,False,False,False,False,False,False,False,False,True,False,False,False,17
217,"CCTV log — Tirunelveli junction footpath, Karur: Female pedestrian in group of 4. Well-lit street. Time: 2:30 AM. SAFE.",safe,0.37037037037037024,833,42,2:30 AM,Tamil Nadu,train,cctv log tirunelveli junction footpath karur female pedestrian in group of 4 welllit street time 230 am safe,5,False,True,False,False,False,False,False,False,False,True,False,False,False,False,False,False,False,False,False,False,False,False,2
218,Hosur Command Centre: Female being followed near Papanasam dark street at 3:30 AM. Visual context sent to nearest PCR van.,being_followed,0.2962962962962967,514,27,3:30 AM,Tamil Nadu,train,hosur command centre female being followed near papanasam dark street at 330 am visual context sent to nearest pcr van,0,False,False,False,False,False,False,False,True,False,False,False,False,False,False,False,False,False,False,False,False,False,False,3
219,"Group of 3+ males surrounding female subject near Vadapalani signal, Karur at 12:00 AM. Subject movement restricted. Police dispatch initiated.",group_harassment,0.6296296296296298,513,45,12:00 AM,Tamil Nadu,train,group of 3 males surrounding female subject near vadapalani signal karur at 1200 am subject movement restricted police dispatch initiated,2,False,False,False,False,False,False,False,False,False,True,False,False,False,False,False,False,False,False,False,False,False,False,0
220,"Camera network at Anna Nagar subway, Kumbakonam flagged repeated path overlap at 11:30 PM. Male subject tracked across 3 camera zones.",being_followed,0.3333333333333339,725,1,11:30 PM,Tamil Nadu,train,camera network at anna nagar subway kumbakonam flagged repeated path overlap at 1130 pm male subject tracked across 3 camera zones,0,False,False,False,False,False,False,False,False,False,False,True,False,False,False,False,False,False,False,False,False,False,False,23
221,Karur SafeCity alert: Eve-teasing behaviour flagged at Kumbakonam temple tank road at 3:00 AM. All India Women Helpline 181 notified.,group_harassment,0.2962962962962967,649,16,3:00 AM,Tamil Nadu,train,karur safecity alert eveteasing behaviour flagged at kumbakonam temple tank road at 300 am all india women helpline 181 notified,2,False,False,False,False,False,False,False,False,False,True,False,False,False,False,False,False,False,False,False,False,False,False,3
222,"Suspicious individual following female subject for 3+ minutes near SIPCOT industrial area road, Hosur at 6:30 PM. Police alerted immediately.",being_followed,0.5185185185185186,148,32,6:30 PM,Tamil Nadu,train,suspicious individual following female subject for 3 minutes near sipcot industrial area road hosur at 630 pm police alerted immediately,0,False,True,False,False,False,False,False,True,False,False,False,False,False,False,False,False,False,False,False,False,False,False,18
223,"Suspicious individual following female subject for 3+ minutes near Vadapalani signal, Nagercoil at 2:00 AM. Police alerted immediately.",being_followed,0.8148148148148149,84,45,2:00 AM,Tamil Nadu,train,suspicious individual following female subject for 3 minutes near vadapalani signal nagercoil at 200 am police alerted immediately,0,False,False,False,False,False,False,False,False,False,False,False,False,True,False,False,False,False,False,False,False,False,False,2
224,"Group of 3+ males surrounding female subject near Cuddalore old town street, Thanjavur at 8:30 PM. Subject movement restricted. Police dispatch initiated.",group_harassment,0.666666666666667,351,6,8:30 PM,Tamil Nadu,train,group of 3 males surrounding female subject near cuddalore old town street thanjavur at 830 pm subject movement restricted police dispatch initiated,2,False,False,False,False,False,False,False,False,False,False,False,False,False,False,False,False,True,False,False,False,False,False,20
225,"Tamil Nadu 112 Emergency integrated alert: Peelamedu road, Thoothukudi at 5:45 PM. Female distress signal. Unit en route.",being_followed,0.0370370370370372,728,28,5:45 PM,Tamil Nadu,val,tamil nadu 112 emergency integrated alert peelamedu road thoothukudi at 545 pm female distress signal unit en route,0,False,False,False,False,False,False,False,False,False,False,False,False,False,False,False,False,False,True,False,False,False,False,17
226,"Stalking behaviour detected at Marthandam road, Erode: Subject changed direction twice; follower replicated both turns. Time: 3:30 AM.",being_followed,0.40740740740740744,309,19,3:30 AM,Tamil Nadu,train,stalking behaviour detected at marthandam road erode subject changed direction twice follower replicated both turns time 330 am,0,False,False,False,False,False,False,True,False,False,False,False,False,False,False,False,False,False,False,False,False,False,False,3
227,"Stalking behaviour detected at Thanjavur Big Temple road, Vellore: Subject changed direction twice; follower replicated both turns. Time: 6:30 PM.",being_followed,0.2962962962962967,416,38,6:30 PM,Tamil Nadu,train,stalking behaviour detected at thanjavur big temple road vellore subject changed direction twice follower replicated both turns time 630 pm,0,False,False,False,False,False,False,False,False,False,False,False,False,False,False,False,False,False,False,False,False,False,True,18
228,"SmartCity TN surveillance — Papanasam dark street, Erode, 6:30 PM: Face anonymised. Gender: Female. Motion: Walking alone.",monitoring,0.0370370370370372,168,27,6:30 PM,Tamil Nadu,train,smartcity tn surveillance papanasam dark street erode 630 pm face anonymised gender female motion walking alone,4,False,True,False,False,False,False,True,False,False,False,False,False,False,False,False,False,False,False,False,False,False,False,18
229,Dindigul Command Centre: Female being followed near Marina Beach road at 9:30 PM. Visual context sent to nearest PCR van.,being_followed,0.7037037037037042,255,18,9:30 PM,Tamil Nadu,train,dindigul command centre female being followed near marina beach road at 930 pm visual context sent to nearest pcr van,0,False,False,False,False,False,True,False,False,False,False,False,False,False,False,False,False,False,False,False,False,False,False,21
230,"Emergency response triggered at Erode bus terminus lane, Tirunelveli at 8:30 PM. Visual context sent to PCR van. ETA: 4 minutes.",being_followed,0.5185185185185186,56,8,8:30 PM,Tamil Nadu,test,emergency response triggered at erode bus terminus lane tirunelveli at 830 pm visual context sent to pcr van eta 4 minutes,0,False,False,False,False,False,False,False,False,False,False,False,False,False,False,False,False,False,False,False,True,False,False,20
231,"Woman at Varadharaja Perumal temple road, Coimbatore at 9:30 PM near ATM. Transaction completed. Moving normally. Status: SAFE.",safe,0.2962962962962967,709,46,9:30 PM,Tamil Nadu,train,woman at varadharaja perumal temple road coimbatore at 930 pm near atm transaction completed moving normally status safe,5,False,True,False,True,False,False,False,False,False,False,False,False,False,False,False,False,False,False,False,False,False,False,21
232,CCTV alert — Tiruppur: Woman walking alone at Coimbatore Gandhipuram bus stop at 11:30 PM. No other pedestrians within 50 metres.,lone_walking_night,0.9629629629629632,387,5,11:30 PM,Tamil Nadu,train,cctv alert tiruppur woman walking alone at coimbatore gandhipuram bus stop at 1130 pm no other pedestrians within 50 metres,3,False,False,True,False,False,False,False,False,False,False,False,False,False,False,False,False,False,False,False,False,True,False,23
233,"SOS gesture pattern detected near Sivakasi fireworks factory road, Hosur at 8:30 PM. Subject waving arms — possible request for help.",distress_signal,0.666666666666667,121,34,8:30 PM,Tamil Nadu,train,sos gesture pattern detected near sivakasi fireworks factory road hosur at 830 pm subject waving arms possible request for help,1,True,False,False,False,False,False,False,True,False,False,False,False,False,False,False,False,False,False,False,False,False,False,20
234,"Female pedestrian walking with companion near Varadharaja Perumal temple road, Cuddalore at 3:00 AM. No threats detected. Status: SAFE.",safe,0.7037037037037042,693,46,3:00 AM,Tamil Nadu,train,female pedestrian walking with companion near varadharaja perumal temple road cuddalore at 300 am no threats detected status safe,5,False,True,False,False,True,False,False,False,False,False,False,False,False,False,False,False,False,False,False,False,False,False,3
235,"CCTV log — SIPCOT industrial area road, Karur: Female pedestrian in group of 4. Well-lit street. Time: 9:30 PM. SAFE.",safe,0.48148148148148184,173,32,9:30 PM,Tamil Nadu,test,cctv log sipcot industrial area road karur female pedestrian in group of 4 welllit street time 930 pm safe,5,False,True,False,False,False,False,False,False,False,True,False,False,False,False,False,False,False,False,False,False,False,False,21
236,Automated alert to Salem Police: Female safety concern at Varadharaja Perumal temple road at 10:45 PM. GPS coordinates transmitted.,being_followed,0.44444444444444464,41,46,10:45 PM,Tamil Nadu,train,automated alert to salem police female safety concern at varadharaja perumal temple road at 1045 pm gps coordinates transmitted,0,False,False,False,False,False,False,False,False,False,False,False,False,False,False,True,False,False,False,False,False,False,False,22
237,"AI alert — Thoothukudi port road, Karur: Person shadowing female for 400 metres since 1:00 AM. Intervention dispatched.",being_followed,0.8518518518518521,667,39,1:00 AM,Tamil Nadu,train,ai alert thoothukudi port road karur person shadowing female for 400 metres since 100 am intervention dispatched,0,False,False,False,False,False,False,False,False,False,True,False,False,False,False,False,False,False,False,False,False,False,False,1
238,"Tamil Nadu 112 Emergency integrated alert: Perambur street, Erode at 7:45 PM. Female distress signal. Unit en route.",being_followed,0.0740740740740744,419,29,7:45 PM,Tamil Nadu,train,tamil nadu 112 emergency integrated alert perambur street erode at 745 pm female distress signal unit en route,0,False,False,False,False,False,False,True,False,False,False,False,False,False,False,False,False,False,False,False,False,False,False,19
239,"Camera network at Thoothukudi port road, Erode flagged repeated path overlap at 6:30 PM. Male subject tracked across 3 camera zones.",being_followed,0.925925925925926,784,39,6:30 PM,Tamil Nadu,train,camera network at thoothukudi port road erode flagged repeated path overlap at 630 pm male subject tracked across 3 camera zones,0,False,False,False,False,False,False,True,False,False,False,False,False,False,False,False,False,False,False,False,False,False,False,18
240,"AI body language analysis at Thoothukudi port road, Madurai: Subject shows defensive posture, looking over shoulder frequently. Time: 12:30 AM.",distress_signal,0.7407407407407409,63,39,12:30 AM,Tamil Nadu,train,ai body language analysis at thoothukudi port road madurai subject shows defensive posture looking over shoulder frequently time 1230 am,1,True,False,False,False,False,False,False,False,False,False,False,True,False,False,False,False,False,False,False,False,False,False,0
241,"AI behaviour score at Sivakasi fireworks factory road, Cuddalore: Walking speed increased 40% in last 2 minutes. Time: 8:00 PM. Flagged.",suspicious_behavior,0.2962962962962967,809,34,8:00 PM,Tamil Nadu,test,ai behaviour score at sivakasi fireworks factory road cuddalore walking speed increased 40 in last 2 minutes time 800 pm flagged,6,True,False,False,False,True,False,False,False,False,False,False,False,False,False,False,False,False,False,False,False,False,False,20
242,"Tamil Nadu CCTV integration alert: Mathigiri isolated path, Namakkal at 11:30 PM. Cross-camera tracking active across 3 zones.",monitoring,0.44444444444444464,929,20,11:30 PM,Tamil Nadu,train,tamil nadu cctv integration alert mathigiri isolated path namakkal at 1130 pm crosscamera tracking active across 3 zones,4,False,True,False,False,False,False,False,False,False,False,False,False,False,True,False,False,False,False,False,False,False,False,23
243,"Pose estimation at Coimbatore Gandhipuram bus stop, Nagercoil (8:30 PM): Female subject exhibiting evasive movement. Threat assessment: ELEVATED.",suspicious_behavior,0.8148148148148149,755,5,8:30 PM,Tamil Nadu,train,pose estimation at coimbatore gandhipuram bus stop nagercoil 830 pm female subject exhibiting evasive movement threat assessment elevated,6,True,False,False,False,False,False,False,False,False,False,False,False,True,False,False,False,False,False,False,False,False,False,20
244,"Command Centre to field unit: Respond to Marina Beach road, Coimbatore. Female pedestrian safety alert. Time: 9:00 PM. Priority: HIGH.",being_followed,0.8518518518518521,781,18,9:00 PM,Tamil Nadu,train,command centre to field unit respond to marina beach road coimbatore female pedestrian safety alert time 900 pm priority high,0,False,False,False,True,False,False,False,False,False,False,False,False,False,False,False,False,False,False,False,False,False,False,21
245,"TN-CH camera grid alert — Nagercoil bus stand area, Vellore: Behaviour anomaly at 11:30 PM. Female subject flagged for monitoring.",monitoring,0.2962962962962967,100,23,11:30 PM,Tamil Nadu,train,tnch camera grid alert nagercoil bus stand area vellore behaviour anomaly at 1130 pm female subject flagged for monitoring,4,False,True,False,False,False,False,False,False,False,False,False,False,False,False,False,False,False,False,False,False,False,True,23
246,"Gait analysis: Female at Kumbakonam temple tank road, Vellore at 2:00 AM shows 82% distress probability. Vellore Police intervention recommended.",distress_signal,0.5185185185185186,571,16,2:00 AM,Tamil Nadu,train,gait analysis female at kumbakonam temple tank road vellore at 200 am shows 82 distress probability vellore police intervention recommended,1,True,False,False,False,False,False,False,False,False,False,False,False,False,False,False,False,False,False,False,False,False,True,2
247,"Gait analysis — Kumbakonam temple tank road, Chennai (12:00 AM): Female shows 78% distress probability. Chennai Police intervention recommended.",suspicious_behavior,0.6296296296296298,45,16,12:00 AM,Tamil Nadu,test,gait analysis kumbakonam temple tank road chennai 1200 am female shows 78 distress probability chennai police intervention recommended,6,True,False,False,False,False,False,False,False,False,False,False,False,False,False,False,False,False,False,False,False,False,False,0
248,"Stalking behaviour detected at Porur flyover footpath, Kumbakonam: Subject changed direction twice; follower replicated both turns. Time: 8:00 PM.",being_followed,0.925925925925926,353,30,8:00 PM,Tamil Nadu,train,stalking behaviour detected at porur flyover footpath kumbakonam subject changed direction twice follower replicated both turns time 800 pm,0,False,False,False,False,False,False,False,False,False,False,True,False,False,False,False,False,False,False,False,False,False,False,20
249,"Woman at Cuddalore old town street, Tirunelveli at 11:00 PM near ATM. Transaction completed. Moving normally. Status: SAFE.",safe,0.592592592592593,270,6,11:00 PM,Tamil Nadu,train,woman at cuddalore old town street tirunelveli at 1100 pm near atm transaction completed moving normally status safe,5,False,True,False,False,False,False,False,False,False,False,False,False,False,False,False,False,False,False,False,True,False,False,23
250,"AI alert — Ammapet isolated street, Salem: Person shadowing female for 400 metres since 8:00 PM. Intervention dispatched.",being_followed,0.7037037037037042,827,0,8:00 PM,Tamil Nadu,train,ai alert ammapet isolated street salem person shadowing female for 400 metres since 800 pm intervention dispatched,0,False,False,False,False,False,False,False,False,False,False,False,False,False,False,True,False,False,False,False,False,False,False,20
251,"Suspicious individual following female subject for 3+ minutes near Ammapet isolated street, Thanjavur at 1:00 AM. Police alerted immediately.",being_followed,0.5185185185185186,320,0,1:00 AM,Tamil Nadu,train,suspicious individual following female subject for 3 minutes near ammapet isolated street thanjavur at 100 am police alerted immediately,0,False,False,False,False,False,False,False,False,False,False,False,False,False,False,False,False,True,False,False,False,False,False,1
252,"Emergency response triggered at Namakkal lorry stand area, Hosur at 9:30 PM. Visual context sent to PCR van. ETA: 4 minutes.",being_followed,0.8518518518518521,516,24,9:30 PM,Tamil Nadu,train,emergency response triggered at namakkal lorry stand area hosur at 930 pm visual context sent to pcr van eta 4 minutes,0,False,False,False,False,False,False,False,True,False,False,False,False,False,False,False,False,False,False,False,False,False,False,21
253,"Woman at Tiruchengode night road, Salem at 11:30 PM near ATM. Transaction completed. Moving normally. Status: SAFE.",safe,0.18518518518518556,247,40,11:30 PM,Tamil Nadu,test,woman at tiruchengode night road salem at 1130 pm near atm transaction completed moving normally status safe,5,False,True,False,False,False,False,False,False,False,False,False,False,False,False,True,False,False,False,False,False,False,False,23
254,"Camera network at Mathigiri isolated path, Tiruppur flagged repeated path overlap at 3:00 AM. Male subject tracked across 3 camera zones.",being_followed,0.0370370370370372,851,20,3:00 AM,Tamil Nadu,train,camera network at mathigiri isolated path tiruppur flagged repeated path overlap at 300 am male subject tracked across 3 camera zones,0,False,False,False,False,False,False,False,False,False,False,False,False,False,False,False,False,False,False,False,False,True,False,3
255,"AI pattern detection: Unknown male mirroring woman's path at Sivakasi fireworks factory road, Erode since 11:30 PM. High confidence tracking match.",being_followed,0.2592592592592595,18,34,11:30 PM,Tamil Nadu,train,ai pattern detection unknown male mirroring womans path at sivakasi fireworks factory road erode since 1130 pm high confidence tracking match,0,False,False,False,False,False,False,True,False,False,False,False,False,False,False,False,False,False,False,False,False,False,False,23
256,"Night patrol AI report — Tiruchengode night road, Vellore at 1:30 AM. Female pedestrian count: 1. App notification sent for escort service.",lone_walking_night,0.5555555555555558,150,40,1:30 AM,Tamil Nadu,train,night patrol ai report tiruchengode night road vellore at 130 am female pedestrian count 1 app notification sent for escort service,3,False,False,True,False,False,False,False,False,False,False,False,False,False,False,False,False,False,False,False,False,False,True,1
257,"Deep learning classifier — Karur textile market lane, Thanjavur: Subject accelerated pace 40% in 2 minutes. Time: 9:30 PM. Flagged HIGH.",distress_signal,0.37037037037037024,196,13,9:30 PM,Tamil Nadu,train,deep learning classifier karur textile market lane thanjavur subject accelerated pace 40 in 2 minutes time 930 pm flagged high,1,True,False,False,False,False,False,False,False,False,False,False,False,False,False,False,False,True,False,False,False,False,False,21
258,"Weapon-like object detected near female subject at Koyambedu market, Namakkal at 9:30 PM. Visual verification requested. Alert: HIGH.",threat_detected,0.925925925925926,72,15,9:30 PM,Tamil Nadu,train,weaponlike object detected near female subject at koyambedu market namakkal at 930 pm visual verification requested alert high,7,True,False,False,False,False,False,False,False,False,False,False,False,False,True,False,False,False,False,False,False,False,False,21
259,"Command Centre to field unit: Respond to Mattuthavani stand, Kumbakonam. Female pedestrian safety alert. Time: 11:30 PM. Priority: HIGH.",being_followed,0.22222222222222276,582,21,11:30 PM,Tamil Nadu,train,command centre to field unit respond to mattuthavani stand kumbakonam female pedestrian safety alert time 1130 pm priority high,0,False,False,False,False,False,False,False,False,False,False,True,False,False,False,False,False,False,False,False,False,False,False,23
260,Cuddalore Command Centre: Female being followed near Sivakasi fireworks factory road at 6:30 PM. Visual context sent to nearest PCR van.,being_followed,0.7777777777777781,329,34,6:30 PM,Tamil Nadu,train,cuddalore command centre female being followed near sivakasi fireworks factory road at 630 pm visual context sent to nearest pcr van,0,False,False,False,False,True,False,False,False,False,False,False,False,False,False,False,False,False,False,False,False,False,False,18
261,"Camera network at Perambur street, Karur flagged repeated path overlap at 7:45 PM. Male subject tracked across 3 camera zones.",being_followed,0.37037037037037024,834,29,7:45 PM,Tamil Nadu,train,camera network at perambur street karur flagged repeated path overlap at 745 pm male subject tracked across 3 camera zones,0,False,False,False,False,False,False,False,False,False,True,False,False,False,False,False,False,False,False,False,False,False,False,19
262,"Night patrol AI report — Papanasam dark street, Thoothukudi at 2:00 AM. Female pedestrian count: 1. App notification sent for escort service.",lone_walking_night,0.5185185185185186,776,27,2:00 AM,Tamil Nadu,train,night patrol ai report papanasam dark street thoothukudi at 200 am female pedestrian count 1 app notification sent for escort service,3,False,True,False,False,False,False,False,False,False,False,False,False,False,False,False,False,False,True,False,False,False,False,2
263,"AI pipeline triggered at Chromepet dark lane, Thoothukudi camera grid at 6:30 PM. Gender: Female. Activity: Walking alone. Threat score: 74/100.",monitoring,0.2962962962962967,768,4,6:30 PM,Tamil Nadu,train,ai pipeline triggered at chromepet dark lane thoothukudi camera grid at 630 pm gender female activity walking alone threat score 74100,4,False,True,False,False,False,False,False,False,False,False,False,False,False,False,False,False,False,True,False,False,False,False,18
264,"Group of 3+ males surrounding female subject near Marina Beach road, Cuddalore at 2:30 AM. Subject movement restricted. Police dispatch initiated.",group_harassment,0.14814814814814836,356,18,2:30 AM,Tamil Nadu,train,group of 3 males surrounding female subject near marina beach road cuddalore at 230 am subject movement restricted police dispatch initiated,2,False,False,False,False,True,False,False,False,False,False,False,False,False,False,False,False,False,False,False,False,False,False,2
265,"NightWatch TN AI: Female detected at isolated VOC Park pathway, Nagercoil at 7:45 PM. Street patrol redirected to her route.",lone_walking_night,0.22222222222222276,349,44,7:45 PM,Tamil Nadu,train,nightwatch tn ai female detected at isolated voc park pathway nagercoil at 745 pm street patrol redirected to her route,3,False,False,True,False,False,False,False,False,False,False,False,False,True,False,False,False,False,False,False,False,False,False,19
266,"Tamil Nadu SafeCity night log: Unaccompanied woman near Marina Beach road, Tiruchirappalli at 6:30 PM. Smart lights activated along path.",lone_walking_night,0.5185185185185186,919,18,6:30 PM,Tamil Nadu,train,tamil nadu safecity night log unaccompanied woman near marina beach road tiruchirappalli at 630 pm smart lights activated along path,3,False,False,True,False,False,False,False,False,False,False,False,False,False,False,False,False,False,False,True,False,False,False,18
267,"Camera network at Varadharaja Perumal temple road, Nagercoil flagged repeated path overlap at 9:00 PM. Male subject tracked across 3 camera zones.",being_followed,0.14814814814814836,517,46,9:00 PM,Tamil Nadu,train,camera network at varadharaja perumal temple road nagercoil flagged repeated path overlap at 900 pm male subject tracked across 3 camera zones,0,False,False,False,False,False,False,False,False,False,False,False,False,True,False,False,False,False,False,False,False,False,False,21
268,"Deep learning classifier — Madurai Meenakshi temple road, Sivakasi: Subject accelerated pace 40% in 2 minutes. Time: 12:30 AM. Flagged HIGH.",distress_signal,0.592592592592593,783,17,12:30 AM,Tamil Nadu,val,deep learning classifier madurai meenakshi temple road sivakasi subject accelerated pace 40 in 2 minutes time 1230 am flagged high,1,True,False,False,False,False,False,False,False,False,False,False,False,False,False,False,True,False,False,False,False,False,False,0
269,Automated alert to Hosur Police: Female safety concern at Karur textile market lane at 6:30 PM. GPS coordinates transmitted.,being_followed,0.592592592592593,284,13,6:30 PM,Tamil Nadu,val,automated alert to hosur police female safety concern at karur textile market lane at 630 pm gps coordinates transmitted,0,False,False,False,False,False,False,False,True,False,False,False,False,False,False,False,False,False,False,False,False,False,False,18
270,"Two-person tracking alert at RS Puram walkway, Hosur: Male suspect pursuing female pedestrian. Duration 5 minutes. Alert: CRITICAL.",being_followed,0.1111111111111116,825,31,5:45 PM,Tamil Nadu,train,twoperson tracking alert at rs puram walkway hosur male suspect pursuing female pedestrian duration 5 minutes alert critical,0,False,False,False,False,False,False,False,True,False,False,False,False,False,False,False,False,False,False,False,False,False,False,17
271,Automated alert to Tiruchirappalli Police: Female safety concern at Karur textile market lane at 9:30 PM. GPS coordinates transmitted.,being_followed,0.925925925925926,256,13,9:30 PM,Tamil Nadu,train,automated alert to tiruchirappalli police female safety concern at karur textile market lane at 930 pm gps coordinates transmitted,0,False,False,False,False,False,False,False,False,False,False,False,False,False,False,False,False,False,False,True,False,False,False,21
272,Real-time alert dispatched. Namakkal Police Unit notified of situation at Ammapet isolated street. Timestamp: 3:30 AM. TNSP coordinating.,being_followed,0.8518518518518521,620,0,3:30 AM,Tamil Nadu,train,realtime alert dispatched namakkal police unit notified of situation at ammapet isolated street timestamp 330 am tnsp coordinating,0,False,False,False,False,False,False,False,False,False,False,False,False,False,True,False,False,False,False,False,False,False,False,3
273,"Unknown vehicle following female pedestrian route near Tambaram railway station, Tiruchirappalli. Time: 8:00 PM. TN RTO plate analysis underway.",threat_detected,0.3333333333333339,645,37,8:00 PM,Tamil Nadu,val,unknown vehicle following female pedestrian route near tambaram railway station tiruchirappalli time 800 pm tn rto plate analysis underway,7,True,False,False,False,False,False,False,False,False,False,False,False,False,False,False,False,False,False,True,False,False,False,20
274,CCTV alert — Tiruppur: Woman walking alone at Karur textile market lane at 1:30 AM. No other pedestrians within 50 metres.,lone_walking_night,0.592592592592593,407,13,1:30 AM,Tamil Nadu,train,cctv alert tiruppur woman walking alone at karur textile market lane at 130 am no other pedestrians within 50 metres,3,False,False,True,False,False,False,False,False,False,False,False,False,False,False,False,False,False,False,False,False,True,False,1
275,"AI behaviour score at Tiruppur SIDCO area, Sivakasi: Walking speed increased 40% in last 2 minutes. Time: 2:30 AM. Flagged.",suspicious_behavior,0.6296296296296298,893,43,2:30 AM,Tamil Nadu,train,ai behaviour score at tiruppur sidco area sivakasi walking speed increased 40 in last 2 minutes time 230 am flagged,6,False,False,True,False,False,False,False,False,False,False,False,False,False,False,False,True,False,False,False,False,False,False,2
276,"Two women walking together near RS Puram walkway, Erode at 11:00 PM. Well-lit area. System status: SAFE.",safe,0.0,873,31,11:00 PM,Tamil Nadu,train,two women walking together near rs puram walkway erode at 1100 pm welllit area system status safe,5,False,True,False,False,False,False,True,False,False,False,False,False,False,False,False,False,False,False,False,False,False,False,23
277,"Tamil Nadu SafeCity system: Female detected alone at Karur textile market lane, Hosur. Time: 6:30 PM. Escort service notification sent via app.",lone_walking_night,0.0,229,13,6:30 PM,Tamil Nadu,train,tamil nadu safecity system female detected alone at karur textile market lane hosur time 630 pm escort service notification sent via app,3,False,False,True,False,False,False,False,True,False,False,False,False,False,False,False,False,False,False,False,False,False,False,18
278,"Female student group passing Peelamedu road, Vellore at 8:00 PM. Campus security visible nearby. SAFE.",safe,0.592592592592593,226,28,8:00 PM,Tamil Nadu,train,female student group passing peelamedu road vellore at 800 pm campus security visible nearby safe,5,False,True,False,False,False,False,False,False,False,False,False,False,False,False,False,False,False,False,False,False,False,True,20
279,"Gait analysis: Female at Hosur industrial estate lane, Hosur at 10:45 PM shows 82% distress probability. Hosur Police intervention recommended.",distress_signal,0.37037037037037024,264,11,10:45 PM,Tamil Nadu,train,gait analysis female at hosur industrial estate lane hosur at 1045 pm shows 82 distress probability hosur police intervention recommended,1,True,False,False,False,False,False,False,True,False,False,False,False,False,False,False,False,False,False,False,False,False,False,22
280,"Woman displaying rapid head turns and looking back repeatedly at Tiruchengode night road, Chennai at 10:45 PM. Distress posture detected.",distress_signal,0.0,600,40,10:45 PM,Tamil Nadu,test,woman displaying rapid head turns and looking back repeatedly at tiruchengode night road chennai at 1045 pm distress posture detected,1,True,False,False,False,False,False,False,False,False,False,False,False,False,False,False,False,False,False,False,False,False,False,22
281,AI surveillance flagged lone woman walking near Virudhunagar bus stop in Salem at 4:00 AM. Nearest patrol unit notified.,lone_walking_night,0.592592592592593,485,49,4:00 AM,Tamil Nadu,train,ai surveillance flagged lone woman walking near virudhunagar bus stop in salem at 400 am nearest patrol unit notified,3,False,False,True,False,False,False,False,False,False,False,False,False,False,False,True,False,False,False,False,False,False,False,4
282,"AI alert — Medical college lane, Tiruppur: Person shadowing female for 400 metres since 10:00 PM. Intervention dispatched.",being_followed,0.5185185185185186,923,22,10:00 PM,Tamil Nadu,train,ai alert medical college lane tiruppur person shadowing female for 400 metres since 1000 pm intervention dispatched,0,False,False,False,False,False,False,False,False,False,False,False,False,False,False,False,False,False,False,False,False,True,False,22
283,"Female pedestrian walking with companion near Guindy underpass, Tiruppur at 8:30 PM. No threats detected. Status: SAFE.",safe,0.666666666666667,555,10,8:30 PM,Tamil Nadu,train,female pedestrian walking with companion near guindy underpass tiruppur at 830 pm no threats detected status safe,5,False,True,False,False,False,False,False,False,False,False,False,False,False,False,False,False,False,False,False,False,True,False,20
284,"Stalking behaviour detected at Palayamkottai night road, Karur: Subject changed direction twice; follower replicated both turns. Time: 5:45 PM.",being_followed,0.2592592592592595,15,26,5:45 PM,Tamil Nadu,train,stalking behaviour detected at palayamkottai night road karur subject changed direction twice follower replicated both turns time 545 pm,0,False,False,False,False,False,False,False,False,False,True,False,False,False,False,False,False,False,False,False,False,False,False,17
285,"Woman jogging with earphones at Marina Beach road, Hosur at 8:00 PM. Regular route. No suspicious activity. Status: NORMAL.",safe,0.592592592592593,707,18,8:00 PM,Tamil Nadu,train,woman jogging with earphones at marina beach road hosur at 800 pm regular route no suspicious activity status normal,5,False,True,False,False,False,False,False,True,False,False,False,False,False,False,False,False,False,False,False,False,False,False,20
286,"Woman at Varadharaja Perumal temple road, Chennai at 10:00 PM near ATM. Transaction completed. Moving normally. Status: SAFE.",safe,0.7777777777777781,845,46,10:00 PM,Tamil Nadu,train,woman at varadharaja perumal temple road chennai at 1000 pm near atm transaction completed moving normally status safe,5,False,True,False,False,False,False,False,False,False,False,False,False,False,False,False,False,False,False,False,False,False,False,22
287,"Vehicle slowing repeatedly near female pedestrian at Vellore CMC hospital road, Tiruchirappalli at 5:45 PM. TN licence plate captured. Police notified.",threat_detected,0.925925925925926,187,48,5:45 PM,Tamil Nadu,val,vehicle slowing repeatedly near female pedestrian at vellore cmc hospital road tiruchirappalli at 545 pm tn licence plate captured police notified,7,True,False,False,False,False,False,False,False,False,False,False,False,False,False,False,False,False,False,True,False,False,False,17
288,"CCTV log — Sivakasi fireworks factory road, Kanchipuram: Female pedestrian in group of 4. Well-lit street. Time: 3:30 AM. SAFE.",safe,0.0740740740740744,89,34,3:30 AM,Tamil Nadu,val,cctv log sivakasi fireworks factory road kanchipuram female pedestrian in group of 4 welllit street time 330 am safe,5,False,True,False,False,False,False,False,False,True,False,False,False,False,False,False,False,False,False,False,False,False,False,3
289,"Woman detected walking alone near Guindy underpass, Nagercoil at 3:30 AM. No companion visible. Area poorly lit. Tamil Nadu Police alert dispatched.",lone_walking_night,0.1111111111111116,126,10,3:30 AM,Tamil Nadu,val,woman detected walking alone near guindy underpass nagercoil at 330 am no companion visible area poorly lit tamil nadu police alert dispatched,3,False,False,True,False,False,False,False,False,False,False,False,False,True,False,False,False,False,False,False,False,False,False,3
290,"Encirclement behaviour detected at Thanjavur Big Temple road, Kumbakonam: Multiple individuals blocking path of lone woman. Alert raised at 3:00 AM.",group_harassment,0.8518518518518521,469,38,3:00 AM,Tamil Nadu,train,encirclement behaviour detected at thanjavur big temple road kumbakonam multiple individuals blocking path of lone woman alert raised at 300 am,2,False,False,False,False,False,False,False,False,False,False,True,False,False,False,False,False,False,False,False,False,False,False,3
291,"NightWatch TN AI: Female detected at isolated Bhavani river walkway, Tiruppur at 12:30 AM. Street patrol redirected to her route.",lone_walking_night,0.5185185185185186,32,3,12:30 AM,Tamil Nadu,train,nightwatch tn ai female detected at isolated bhavani river walkway tiruppur at 1230 am street patrol redirected to her route,3,False,False,True,False,False,False,False,False,False,False,False,False,False,False,False,False,False,False,False,False,True,False,0
292,"Tamil Nadu CCTV integration alert: Papanasam dark street, Coimbatore at 12:00 AM. Cross-camera tracking active across 3 zones.",monitoring,0.18518518518518556,653,27,12:00 AM,Tamil Nadu,train,tamil nadu cctv integration alert papanasam dark street coimbatore at 1200 am crosscamera tracking active across 3 zones,4,False,True,False,True,False,False,False,False,False,False,False,False,False,False,False,False,False,False,False,False,False,False,0
293,Real-time alert dispatched. Nagercoil Police Unit notified of situation at Vadapalani signal. Timestamp: 8:00 PM. TNSP coordinating.,being_followed,0.7777777777777781,723,45,8:00 PM,Tamil Nadu,train,realtime alert dispatched nagercoil police unit notified of situation at vadapalani signal timestamp 800 pm tnsp coordinating,0,False,False,False,False,False,False,False,False,False,False,False,False,True,False,False,False,False,False,False,False,False,False,20
294,"Female pedestrian walking with companion near Kumbakonam temple tank road, Dindigul at 5:45 PM. No threats detected. Status: SAFE.",safe,0.7777777777777781,712,16,5:45 PM,Tamil Nadu,train,female pedestrian walking with companion near kumbakonam temple tank road dindigul at 545 pm no threats detected status safe,5,False,True,False,False,False,True,False,False,False,False,False,False,False,False,False,False,False,False,False,False,False,False,17
295,"Female pedestrian walking with companion near Tambaram railway station, Hosur at 2:00 AM. No threats detected. Status: SAFE.",safe,0.7037037037037042,347,37,2:00 AM,Tamil Nadu,train,female pedestrian walking with companion near tambaram railway station hosur at 200 am no threats detected status safe,5,False,True,False,False,False,False,False,True,False,False,False,False,False,False,False,False,False,False,False,False,False,False,2
296,"AI pattern detection: Unknown male mirroring woman's path at Katpadi dark alley, Kanchipuram since 7:45 PM. High confidence tracking match.",being_followed,0.48148148148148184,792,14,7:45 PM,Tamil Nadu,train,ai pattern detection unknown male mirroring womans path at katpadi dark alley kanchipuram since 745 pm high confidence tracking match,0,False,False,False,False,False,False,False,False,True,False,False,False,False,False,False,False,False,False,False,False,False,False,19
297,Thanjavur SafeCity alert: Eve-teasing behaviour flagged at Peelamedu road at 7:45 PM. All India Women Helpline 181 notified.,group_harassment,0.592592592592593,568,28,7:45 PM,Tamil Nadu,train,thanjavur safecity alert eveteasing behaviour flagged at peelamedu road at 745 pm all india women helpline 181 notified,2,False,False,False,False,False,False,False,False,False,False,False,False,False,False,False,False,True,False,False,False,False,False,19
298,"Camera network at Madurai Meenakshi temple road, Cuddalore flagged repeated path overlap at 7:45 PM. Male subject tracked across 3 camera zones.",being_followed,0.592592592592593,525,17,7:45 PM,Tamil Nadu,train,camera network at madurai meenakshi temple road cuddalore flagged repeated path overlap at 745 pm male subject tracked across 3 camera zones,0,False,False,False,False,True,False,False,False,False,False,False,False,False,False,False,False,False,False,False,False,False,False,19
299,"Woman jogging with earphones at Mattuthavani stand, Cuddalore at 11:30 PM. Regular route. No suspicious activity. Status: NORMAL.",safe,0.0740740740740744,93,21,11:30 PM,Tamil Nadu,train,woman jogging with earphones at mattuthavani stand cuddalore at 1130 pm regular route no suspicious activity status normal,5,False,True,False,False,True,False,False,False,False,False,False,False,False,False,False,False,False,False,False,False,False,False,23
300,"Female subject near Vadapalani signal, Tirunelveli at 9:00 PM. Security escort confirmed by Tirunelveli Police. Status: SAFE.",safe,0.2962962962962967,400,45,9:00 PM,Tamil Nadu,val,female subject near vadapalani signal tirunelveli at 900 pm security escort confirmed by tirunelveli police status safe,5,False,True,False,False,False,False,False,False,False,False,False,False,False,False,False,False,False,False,False,True,False,False,21
301,"Camera node TN-ER-47 at Virudhunagar bus stop, Hosur detected abnormal motion at 7:45 PM. Female pedestrian in frame. Analysis running.",monitoring,0.8518518518518521,277,49,7:45 PM,Tamil Nadu,train,camera node tner47 at virudhunagar bus stop hosur detected abnormal motion at 745 pm female pedestrian in frame analysis running,4,False,True,False,False,False,False,False,True,False,False,False,False,False,False,False,False,False,False,False,False,False,False,19
302,"AI pattern detection: Unknown male mirroring woman's path at Tirunelveli junction footpath, Sivakasi since 1:00 AM. High confidence tracking match.",being_followed,0.666666666666667,846,42,1:00 AM,Tamil Nadu,train,ai pattern detection unknown male mirroring womans path at tirunelveli junction footpath sivakasi since 100 am high confidence tracking match,0,False,False,False,False,False,False,False,False,False,False,False,False,False,False,False,True,False,False,False,False,False,False,1
303,"SmartCity TN surveillance — Katpadi dark alley, Dindigul, 12:30 AM: Face anonymised. Gender: Female. Motion: Walking alone.",monitoring,0.0740740740740744,759,14,12:30 AM,Tamil Nadu,test,smartcity tn surveillance katpadi dark alley dindigul 1230 am face anonymised gender female motion walking alone,4,False,True,False,False,False,True,False,False,False,False,False,False,False,False,False,False,False,False,False,False,False,False,0
304,"AI pattern detection: Unknown male mirroring woman's path at Chromepet dark lane, Namakkal since 11:00 PM. High confidence tracking match.",being_followed,0.2592592592592595,647,4,11:00 PM,Tamil Nadu,train,ai pattern detection unknown male mirroring womans path at chromepet dark lane namakkal since 1100 pm high confidence tracking match,0,False,False,False,False,False,False,False,False,False,False,False,False,False,True,False,False,False,False,False,False,False,False,23
305,"Body language model — Papanasam dark street, Salem at 9:30 PM: Shoulders hunched, frequent backward glances. Risk: HIGH.",suspicious_behavior,0.44444444444444464,481,27,9:30 PM,Tamil Nadu,train,body language model papanasam dark street salem at 930 pm shoulders hunched frequent backward glances risk high,6,True,False,False,False,False,False,False,False,False,False,False,False,False,False,True,False,False,False,False,False,False,False,21
306,AI surveillance flagged lone woman walking near Mattuthavani stand in Kumbakonam at 3:30 AM. Nearest patrol unit notified.,lone_walking_night,0.9629629629629632,597,21,3:30 AM,Tamil Nadu,train,ai surveillance flagged lone woman walking near mattuthavani stand in kumbakonam at 330 am nearest patrol unit notified,3,False,False,True,False,False,False,False,False,False,False,True,False,False,False,False,False,False,False,False,False,False,False,3
307,"SOS gesture pattern detected near Porur flyover footpath, Tirunelveli at 11:00 PM. Subject waving arms — possible request for help.",distress_signal,0.2962962962962967,208,30,11:00 PM,Tamil Nadu,train,sos gesture pattern detected near porur flyover footpath tirunelveli at 1100 pm subject waving arms possible request for help,1,True,False,False,False,False,False,False,False,False,False,False,False,False,False,False,False,False,False,False,True,False,False,23
308,"Command Centre to field unit: Respond to Kumbakonam temple tank road, Vellore. Female pedestrian safety alert. Time: 10:45 PM. Priority: HIGH.",being_followed,1.0,274,16,10:45 PM,Tamil Nadu,train,command centre to field unit respond to kumbakonam temple tank road vellore female pedestrian safety alert time 1045 pm priority high,0,False,False,False,False,False,False,False,False,False,False,False,False,False,False,False,False,False,False,False,False,False,True,22
309,"Camera network at Namakkal lorry stand area, Sivakasi flagged repeated path overlap at 10:45 PM. Male subject tracked across 3 camera zones.",being_followed,0.37037037037037024,354,24,10:45 PM,Tamil Nadu,train,camera network at namakkal lorry stand area sivakasi flagged repeated path overlap at 1045 pm male subject tracked across 3 camera zones,0,False,False,False,False,False,False,False,False,False,False,False,False,False,False,False,True,False,False,False,False,False,False,22
310,"Night patrol AI report — Bhavani river walkway, Kanchipuram at 5:45 PM. Female pedestrian count: 1. App notification sent for escort service.",lone_walking_night,0.44444444444444464,223,3,5:45 PM,Tamil Nadu,train,night patrol ai report bhavani river walkway kanchipuram at 545 pm female pedestrian count 1 app notification sent for escort service,3,False,False,True,False,False,False,False,False,True,False,False,False,False,False,False,False,False,False,False,False,False,False,17
311,Kanchipuram Police dispatch initiated. Location: RS Puram walkway. Time: 4:00 AM. Reason: Lone female at risk. Nearest unit responding.,being_followed,0.22222222222222276,848,31,4:00 AM,Tamil Nadu,train,kanchipuram police dispatch initiated location rs puram walkway time 400 am reason lone female at risk nearest unit responding,0,False,False,False,False,False,False,False,False,True,False,False,False,False,False,False,False,False,False,False,False,False,False,4
312,"Unknown vehicle following female pedestrian route near Chromepet dark lane, Salem. Time: 10:45 PM. TN RTO plate analysis underway.",threat_detected,0.8888888888888888,923,4,10:45 PM,Tamil Nadu,train,unknown vehicle following female pedestrian route near chromepet dark lane salem time 1045 pm tn rto plate analysis underway,7,True,False,False,False,False,False,False,False,False,False,False,False,False,False,True,False,False,False,False,False,False,False,22
313,Vellore SafeCity alert: Eve-teasing behaviour flagged at Sivakasi fireworks factory road at 3:00 AM. All India Women Helpline 181 notified.,group_harassment,0.14814814814814836,857,34,3:00 AM,Tamil Nadu,train,vellore safecity alert eveteasing behaviour flagged at sivakasi fireworks factory road at 300 am all india women helpline 181 notified,2,False,False,False,False,False,False,False,False,False,False,False,False,False,False,False,False,False,False,False,False,False,True,3
314,"Group of 3+ males surrounding female subject near Katpadi dark alley, Hosur at 9:00 PM. Subject movement restricted. Police dispatch initiated.",group_harassment,0.0370370370370372,860,14,9:00 PM,Tamil Nadu,val,group of 3 males surrounding female subject near katpadi dark alley hosur at 900 pm subject movement restricted police dispatch initiated,2,False,False,False,False,False,False,False,True,False,False,False,False,False,False,False,False,False,False,False,False,False,False,21
315,"Camera detected group harassment at Virudhunagar bus stop, Vellore at 1:30 AM. Female surrounded, unable to proceed. Emergency alert sent.",group_harassment,0.8148148148148149,643,49,1:30 AM,Tamil Nadu,train,camera detected group harassment at virudhunagar bus stop vellore at 130 am female surrounded unable to proceed emergency alert sent,2,False,False,False,False,False,False,False,False,False,False,False,False,False,False,False,False,False,False,False,False,False,True,1
316,"Camera detected group harassment at Tiruchirappalli Chatram bus stop, Salem at 7:45 PM. Female surrounded, unable to proceed. Emergency alert sent.",group_harassment,0.592592592592593,408,41,7:45 PM,Tamil Nadu,train,camera detected group harassment at tiruchirappalli chatram bus stop salem at 745 pm female surrounded unable to proceed emergency alert sent,2,False,False,False,False,False,False,False,False,False,False,False,False,False,False,True,False,False,False,False,False,False,False,19
317,"TN SafeCity AI behavioural engine: Subject at Madurai Meenakshi temple road, Cuddalore at 3:00 AM showing signs consistent with being followed.",suspicious_behavior,0.666666666666667,627,17,3:00 AM,Tamil Nadu,train,tn safecity ai behavioural engine subject at madurai meenakshi temple road cuddalore at 300 am showing signs consistent with being followed,6,True,False,False,False,True,False,False,False,False,False,False,False,False,False,False,False,False,False,False,False,False,False,3
318,"Tamil Nadu SafeCity night log: Unaccompanied woman near Katpadi dark alley, Erode at 11:00 PM. Smart lights activated along path.",lone_walking_night,0.2962962962962967,924,14,11:00 PM,Tamil Nadu,val,tamil nadu safecity night log unaccompanied woman near katpadi dark alley erode at 1100 pm smart lights activated along path,3,False,False,True,False,False,False,True,False,False,False,False,False,False,False,False,False,False,False,False,False,False,False,23
319,"Group of 3+ males surrounding female subject near Tirunelveli junction footpath, Tirunelveli at 12:30 AM. Subject movement restricted. Police dispatch initiated.",group_harassment,0.22222222222222276,927,42,12:30 AM,Tamil Nadu,train,group of 3 males surrounding female subject near tirunelveli junction footpath tirunelveli at 1230 am subject movement restricted police dispatch initiated,2,False,False,False,False,False,False,False,False,False,False,False,False,False,False,False,False,False,False,False,True,False,False,0
320,"Female subject walking unaccompanied at Erode bus terminus lane, Karur at 2:30 AM. Street lights non-functional. Risk score elevated.",lone_walking_night,0.0740740740740744,253,8,2:30 AM,Tamil Nadu,train,female subject walking unaccompanied at erode bus terminus lane karur at 230 am street lights nonfunctional risk score elevated,3,False,False,True,False,False,False,False,False,False,True,False,False,False,False,False,False,False,False,False,False,False,False,2
321,"Camera node TN-CH-47 at Vadapalani signal, Salem detected abnormal motion at 2:30 AM. Female pedestrian in frame. Analysis running.",monitoring,0.44444444444444464,192,45,2:30 AM,Tamil Nadu,test,camera node tnch47 at vadapalani signal salem detected abnormal motion at 230 am female pedestrian in frame analysis running,4,False,True,False,False,False,False,False,False,False,False,False,False,False,False,True,False,False,False,False,False,False,False,2
322,"Tamil Nadu CCTV integration alert: Anna Nagar subway, Erode at 2:30 AM. Cross-camera tracking active across 3 zones.",monitoring,1.0,292,1,2:30 AM,Tamil Nadu,train,tamil nadu cctv integration alert anna nagar subway erode at 230 am crosscamera tracking active across 3 zones,4,False,False,False,False,False,False,True,False,False,False,False,False,False,False,False,False,False,False,False,False,False,False,2
323,"Emergency response triggered at Coimbatore Gandhipuram bus stop, Madurai at 12:30 AM. Visual context sent to PCR van. ETA: 4 minutes.",being_followed,0.666666666666667,819,5,12:30 AM,Tamil Nadu,train,emergency response triggered at coimbatore gandhipuram bus stop madurai at 1230 am visual context sent to pcr van eta 4 minutes,0,False,False,False,False,False,False,False,False,False,False,False,True,False,False,False,False,False,False,False,False,False,False,0
324,"Camera network at Kumbakonam temple tank road, Dindigul flagged repeated path overlap at 2:00 AM. Male subject tracked across 3 camera zones.",being_followed,0.7037037037037042,214,16,2:00 AM,Tamil Nadu,train,camera network at kumbakonam temple tank road dindigul flagged repeated path overlap at 200 am male subject tracked across 3 camera zones,0,False,False,False,False,False,True,False,False,False,False,False,False,False,False,False,False,False,False,False,False,False,False,2
325,"Tamil Nadu CCTV integration alert: Velachery IT corridor, Erode at 4:00 AM. Cross-camera tracking active across 3 zones.",monitoring,1.0,243,47,4:00 AM,Tamil Nadu,train,tamil nadu cctv integration alert velachery it corridor erode at 400 am crosscamera tracking active across 3 zones,4,False,True,False,False,False,False,True,False,False,False,False,False,False,False,False,False,False,False,False,False,False,False,4
326,"Woman jogging with earphones at Sivakasi fireworks factory road, Tiruchirappalli at 10:45 PM. Regular route. No suspicious activity. Status: NORMAL.",safe,0.9629629629629632,115,34,10:45 PM,Tamil Nadu,train,woman jogging with earphones at sivakasi fireworks factory road tiruchirappalli at 1045 pm regular route no suspicious activity status normal,5,True,False,False,False,False,False,False,False,False,False,False,False,False,False,False,False,False,False,True,False,False,False,22
327,"Unknown vehicle following female pedestrian route near Ammapet isolated street, Sivakasi. Time: 12:30 AM. TN RTO plate analysis underway.",threat_detected,0.5555555555555558,884,0,12:30 AM,Tamil Nadu,train,unknown vehicle following female pedestrian route near ammapet isolated street sivakasi time 1230 am tn rto plate analysis underway,7,True,False,False,False,False,False,False,False,False,False,False,False,False,False,False,True,False,False,False,False,False,False,0
328,"Single female pedestrian identified at SIPCOT industrial area road, Thanjavur at 4:00 AM. Isolated stretch near SIPCOT industrial area road. System flagged for monitoring.",lone_walking_night,0.6296296296296298,644,32,4:00 AM,Tamil Nadu,train,single female pedestrian identified at sipcot industrial area road thanjavur at 400 am isolated stretch near sipcot industrial area road system flagged for monitoring,3,False,False,True,False,False,False,False,False,False,False,False,False,False,False,False,False,True,False,False,False,False,False,4
329,"Female subject walking unaccompanied at Bhavani river walkway, Madurai at 8:00 PM. Street lights non-functional. Risk score elevated.",lone_walking_night,0.592592592592593,901,3,8:00 PM,Tamil Nadu,val,female subject walking unaccompanied at bhavani river walkway madurai at 800 pm street lights nonfunctional risk score elevated,3,False,False,True,False,False,False,False,False,False,False,False,True,False,False,False,False,False,False,False,False,False,False,20
330,"Two women walking together near VOC Park pathway, Kumbakonam at 11:00 PM. Well-lit area. System status: SAFE.",safe,0.7037037037037042,199,44,11:00 PM,Tamil Nadu,train,two women walking together near voc park pathway kumbakonam at 1100 pm welllit area system status safe,5,False,True,False,False,False,False,False,False,False,False,True,False,False,False,False,False,False,False,False,False,False,False,23
331,"Unattended bag flagged near woman at Ammapet isolated street, Cuddalore at 10:45 PM. Cuddalore bomb disposal team notified. Female being evacuated.",threat_detected,0.18518518518518556,414,0,10:45 PM,Tamil Nadu,train,unattended bag flagged near woman at ammapet isolated street cuddalore at 1045 pm cuddalore bomb disposal team notified female being evacuated,7,True,False,False,False,True,False,False,False,False,False,False,False,False,False,False,False,False,False,False,False,False,False,22
332,"Deep learning classifier — Kanchipuram silk market lane, Kanchipuram: Lone female, night scene, isolated path, 12:00 AM. Risk score: 87/100.",suspicious_behavior,0.5555555555555558,163,12,12:00 AM,Tamil Nadu,val,deep learning classifier kanchipuram silk market lane kanchipuram lone female night scene isolated path 1200 am risk score 87100,6,True,False,False,False,False,False,False,False,True,False,False,False,False,False,False,False,False,False,False,False,False,False,0
333,"Two-person tracking alert at Erode bus terminus lane, Nagercoil: Male suspect pursuing female pedestrian. Duration 5 minutes. Alert: CRITICAL.",being_followed,0.5185185185185186,722,8,11:30 PM,Tamil Nadu,val,twoperson tracking alert at erode bus terminus lane nagercoil male suspect pursuing female pedestrian duration 5 minutes alert critical,0,False,False,False,False,False,False,False,False,False,False,False,False,True,False,False,False,False,False,False,False,False,False,23
334,Coimbatore Command Centre: Female being followed near Varadharaja Perumal temple road at 6:30 PM. Visual context sent to nearest PCR van.,being_followed,0.18518518518518556,159,46,6:30 PM,Tamil Nadu,train,coimbatore command centre female being followed near varadharaja perumal temple road at 630 pm visual context sent to nearest pcr van,0,False,False,False,True,False,False,False,False,False,False,False,False,False,False,False,False,False,False,False,False,False,False,18
335,"AI behaviour score at Guindy underpass, Vellore: Walking speed increased 40% in last 2 minutes. Time: 5:45 PM. Flagged.",suspicious_behavior,0.8148148148148149,867,10,5:45 PM,Tamil Nadu,train,ai behaviour score at guindy underpass vellore walking speed increased 40 in last 2 minutes time 545 pm flagged,6,True,False,False,False,False,False,False,False,False,False,False,False,False,False,False,False,False,False,False,False,False,True,17
336,"Stalking behaviour detected at VOC Park pathway, Coimbatore: Subject changed direction twice; follower replicated both turns. Time: 7:45 PM.",being_followed,0.8148148148148149,103,44,7:45 PM,Tamil Nadu,train,stalking behaviour detected at voc park pathway coimbatore subject changed direction twice follower replicated both turns time 745 pm,0,False,False,False,True,False,False,False,False,False,False,False,False,False,False,False,False,False,False,False,False,False,False,19
337,"Pose estimation at Katpadi dark alley, Kanchipuram (3:00 AM): Female subject exhibiting evasive movement. Threat assessment: ELEVATED.",suspicious_behavior,0.6296296296296298,278,14,3:00 AM,Tamil Nadu,train,pose estimation at katpadi dark alley kanchipuram 300 am female subject exhibiting evasive movement threat assessment elevated,6,True,False,False,False,False,False,False,False,True,False,False,False,False,False,False,False,False,False,False,False,False,False,3
338,"CCTV log — Tiruchengode night road, Salem: Female pedestrian in group of 4. Well-lit street. Time: 2:30 AM. SAFE.",safe,1.0,58,40,2:30 AM,Tamil Nadu,train,cctv log tiruchengode night road salem female pedestrian in group of 4 welllit street time 230 am safe,5,False,True,False,False,False,False,False,False,False,False,False,False,False,False,True,False,False,False,False,False,False,False,2
339,"Tamil Nadu 112 Emergency integrated alert: Anna Nagar subway, Kanchipuram at 10:00 PM. Female distress signal. Unit en route.",being_followed,0.0740740740740744,754,1,10:00 PM,Tamil Nadu,train,tamil nadu 112 emergency integrated alert anna nagar subway kanchipuram at 1000 pm female distress signal unit en route,0,False,False,False,False,False,False,False,False,True,False,False,False,False,False,False,False,False,False,False,False,False,False,22
340,"CCTV log — Mattuthavani stand, Erode: Female pedestrian in group of 4. Well-lit street. Time: 9:00 PM. SAFE.",safe,0.22222222222222276,673,21,9:00 PM,Tamil Nadu,train,cctv log mattuthavani stand erode female pedestrian in group of 4 welllit street time 900 pm safe,5,False,True,False,False,False,False,True,False,False,False,False,False,False,False,False,False,False,False,False,False,False,False,21
341,"Single female pedestrian identified at Virudhunagar bus stop, Coimbatore at 4:00 AM. Isolated stretch near Virudhunagar bus stop. System flagged for monitoring.",lone_walking_night,0.666666666666667,812,49,4:00 AM,Tamil Nadu,test,single female pedestrian identified at virudhunagar bus stop coimbatore at 400 am isolated stretch near virudhunagar bus stop system flagged for monitoring,3,False,False,True,True,False,False,False,False,False,False,False,False,False,False,False,False,False,False,False,False,False,False,4
342,"Unknown vehicle following female pedestrian route near Bhavani river walkway, Tirunelveli. Time: 8:30 PM. TN RTO plate analysis underway.",threat_detected,0.6296296296296298,612,3,8:30 PM,Tamil Nadu,val,unknown vehicle following female pedestrian route near bhavani river walkway tirunelveli time 830 pm tn rto plate analysis underway,7,True,False,False,False,False,False,False,False,False,False,False,False,False,False,False,False,False,False,False,True,False,False,20
343,Sivakasi night surveillance: Camera node flagged lone female at SIPCOT industrial area road at 9:00 PM. Nearest police booth alerted.,lone_walking_night,0.18518518518518556,152,32,9:00 PM,Tamil Nadu,val,sivakasi night surveillance camera node flagged lone female at sipcot industrial area road at 900 pm nearest police booth alerted,3,False,False,True,False,False,False,False,False,False,False,False,False,False,False,False,True,False,False,False,False,False,False,21
344,"Night patrol AI report — Perambur street, Tirunelveli at 11:30 PM. Female pedestrian count: 1. App notification sent for escort service.",lone_walking_night,0.0370370370370372,689,29,11:30 PM,Tamil Nadu,train,night patrol ai report perambur street tirunelveli at 1130 pm female pedestrian count 1 app notification sent for escort service,3,False,False,True,False,False,False,False,False,False,False,False,False,False,False,False,False,False,False,False,True,False,False,23
345,"Vehicle slowing repeatedly near female pedestrian at Vadapalani signal, Dindigul at 5:45 PM. TN licence plate captured. Police notified.",threat_detected,0.6296296296296298,124,45,5:45 PM,Tamil Nadu,train,vehicle slowing repeatedly near female pedestrian at vadapalani signal dindigul at 545 pm tn licence plate captured police notified,7,True,False,False,False,False,True,False,False,False,False,False,False,False,False,False,False,False,False,False,False,False,False,17
346,"Tamil Nadu SafeCity system: Female detected alone at Egmore metro station, Kumbakonam. Time: 10:00 PM. Escort service notification sent via app.",lone_walking_night,0.18518518518518556,64,7,10:00 PM,Tamil Nadu,train,tamil nadu safecity system female detected alone at egmore metro station kumbakonam time 1000 pm escort service notification sent via app,3,False,False,True,False,False,False,False,False,False,False,True,False,False,False,False,False,False,False,False,False,False,False,22
347,AI surveillance flagged lone woman walking near Velachery IT corridor in Salem at 9:30 PM. Nearest patrol unit notified.,lone_walking_night,0.7777777777777781,129,47,9:30 PM,Tamil Nadu,train,ai surveillance flagged lone woman walking near velachery it corridor in salem at 930 pm nearest patrol unit notified,3,False,True,False,False,False,False,False,False,False,False,False,False,False,False,True,False,False,False,False,False,False,False,21
348,Thoothukudi SafeCity alert: Eve-teasing behaviour flagged at Madurai Meenakshi temple road at 2:30 AM. All India Women Helpline 181 notified.,group_harassment,0.22222222222222276,179,17,2:30 AM,Tamil Nadu,train,thoothukudi safecity alert eveteasing behaviour flagged at madurai meenakshi temple road at 230 am all india women helpline 181 notified,2,False,False,False,False,False,False,False,False,False,False,False,False,False,False,False,False,False,True,False,False,False,False,2
349,"Woman displaying rapid head turns and looking back repeatedly at Ammapet isolated street, Thanjavur at 12:00 AM. Distress posture detected.",distress_signal,0.14814814814814836,191,0,12:00 AM,Tamil Nadu,val,woman displaying rapid head turns and looking back repeatedly at ammapet isolated street thanjavur at 1200 am distress posture detected,1,True,False,False,False,False,False,False,False,False,False,False,False,False,False,False,False,True,False,False,False,False,False,0
350,"Female pedestrian walking with companion near SIPCOT industrial area road, Vellore at 6:30 PM. No threats detected. Status: SAFE.",safe,0.14814814814814836,797,32,6:30 PM,Tamil Nadu,train,female pedestrian walking with companion near sipcot industrial area road vellore at 630 pm no threats detected status safe,5,False,True,False,False,False,False,False,False,False,False,False,False,False,False,False,False,False,False,False,False,False,True,18
351,"Woman jogging with earphones at RS Puram walkway, Thanjavur at 10:45 PM. Regular route. No suspicious activity. Status: NORMAL.",safe,0.48148148148148184,297,31,10:45 PM,Tamil Nadu,train,woman jogging with earphones at rs puram walkway thanjavur at 1045 pm regular route no suspicious activity status normal,5,False,True,False,False,False,False,False,False,False,False,False,False,False,False,False,False,True,False,False,False,False,False,22
352,Real-time alert dispatched. Vellore Police Unit notified of situation at Mattuthavani stand. Timestamp: 3:00 AM. TNSP coordinating.,being_followed,0.6296296296296298,80,21,3:00 AM,Tamil Nadu,train,realtime alert dispatched vellore police unit notified of situation at mattuthavani stand timestamp 300 am tnsp coordinating,0,False,False,False,False,False,False,False,False,False,False,False,False,False,False,False,False,False,False,False,False,False,True,3
353,"SmartCity TN surveillance — Tambaram railway station, Kumbakonam, 10:00 PM: Face anonymised. Gender: Female. Motion: Walking alone.",monitoring,0.40740740740740744,8,37,10:00 PM,Tamil Nadu,train,smartcity tn surveillance tambaram railway station kumbakonam 1000 pm face anonymised gender female motion walking alone,4,False,True,False,False,False,False,False,False,False,False,True,False,False,False,False,False,False,False,False,False,False,False,22
354,"Pose estimation at Nagercoil bus stand area, Vellore (6:30 PM): Female subject exhibiting evasive movement. Threat assessment: ELEVATED.",suspicious_behavior,0.7037037037037042,245,23,6:30 PM,Tamil Nadu,train,pose estimation at nagercoil bus stand area vellore 630 pm female subject exhibiting evasive movement threat assessment elevated,6,True,False,False,False,False,False,False,False,False,False,False,False,False,False,False,False,False,False,False,False,False,True,18
355,"AI flagged aggressive group posture near female pedestrian at Marina Beach road, Tirunelveli. Time: 11:30 PM. Backup from Tirunelveli Police requested.",group_harassment,0.8888888888888888,804,18,11:30 PM,Tamil Nadu,train,ai flagged aggressive group posture near female pedestrian at marina beach road tirunelveli time 1130 pm backup from tirunelveli police requested,2,False,False,False,False,False,False,False,False,False,False,False,False,False,False,False,False,False,False,False,True,False,False,23
356,"Tamil Nadu SafeCity system: Female detected alone at Guindy underpass, Cuddalore. Time: 1:30 AM. Escort service notification sent via app.",lone_walking_night,0.48148148148148184,721,10,1:30 AM,Tamil Nadu,train,tamil nadu safecity system female detected alone at guindy underpass cuddalore time 130 am escort service notification sent via app,3,False,False,True,False,True,False,False,False,False,False,False,False,False,False,False,False,False,False,False,False,False,False,1
357,"CCTV log — Chromepet dark lane, Chennai: Female pedestrian in group of 4. Well-lit street. Time: 12:30 AM. SAFE.",safe,0.2592592592592595,626,4,12:30 AM,Tamil Nadu,train,cctv log chromepet dark lane chennai female pedestrian in group of 4 welllit street time 1230 am safe,5,False,True,False,False,False,False,False,False,False,False,False,False,False,False,False,False,False,False,False,False,False,False,0
358,"Camera node TN-TJ-47 at Goripalayam junction, Thoothukudi detected abnormal motion at 3:00 AM. Female pedestrian in frame. Analysis running.",monitoring,0.7777777777777781,575,9,3:00 AM,Tamil Nadu,train,camera node tntj47 at goripalayam junction thoothukudi detected abnormal motion at 300 am female pedestrian in frame analysis running,4,False,True,False,False,False,False,False,False,False,False,False,False,False,False,False,False,False,True,False,False,False,False,3
359,"AI pattern detection: Unknown male mirroring woman's path at T. Nagar bus stand, Madurai since 3:00 AM. High confidence tracking match.",being_followed,0.7407407407407409,806,36,3:00 AM,Tamil Nadu,val,ai pattern detection unknown male mirroring womans path at t nagar bus stand madurai since 300 am high confidence tracking match,0,False,False,False,False,False,False,False,False,False,False,False,True,False,False,False,False,False,False,False,False,False,False,3
360,"Command Centre to field unit: Respond to RS Puram walkway, Vellore. Female pedestrian safety alert. Time: 11:30 PM. Priority: HIGH.",being_followed,0.8148148148148149,479,31,11:30 PM,Tamil Nadu,train,command centre to field unit respond to rs puram walkway vellore female pedestrian safety alert time 1130 pm priority high,0,False,False,False,False,False,False,False,False,False,False,False,False,False,False,False,False,False,False,False,False,False,True,23
361,"Camera detected group harassment at Avinashi road footpath, Kumbakonam at 10:45 PM. Female surrounded, unable to proceed. Emergency alert sent.",group_harassment,0.5555555555555558,368,2,10:45 PM,Tamil Nadu,val,camera detected group harassment at avinashi road footpath kumbakonam at 1045 pm female surrounded unable to proceed emergency alert sent,2,False,False,False,False,False,False,False,False,False,False,True,False,False,False,False,False,False,False,False,False,False,False,22
362,"Female subject walking unaccompanied at Sivakasi fireworks factory road, Karur at 7:45 PM. Street lights non-functional. Risk score elevated.",lone_walking_night,0.0740740740740744,29,34,7:45 PM,Tamil Nadu,val,female subject walking unaccompanied at sivakasi fireworks factory road karur at 745 pm street lights nonfunctional risk score elevated,3,False,False,True,False,False,False,False,False,False,True,False,False,False,False,False,False,False,False,False,False,False,False,19
363,"Pose estimation at Egmore metro station, Karur (9:30 PM): Female subject exhibiting evasive movement. Threat assessment: ELEVATED.",suspicious_behavior,0.40740740740740744,902,7,9:30 PM,Tamil Nadu,train,pose estimation at egmore metro station karur 930 pm female subject exhibiting evasive movement threat assessment elevated,6,True,False,False,False,False,False,False,False,False,True,False,False,False,False,False,False,False,False,False,False,False,False,21
364,"Woman displaying rapid head turns and looking back repeatedly at Koyambedu market, Cuddalore at 11:00 PM. Distress posture detected.",distress_signal,0.925925925925926,120,15,11:00 PM,Tamil Nadu,test,woman displaying rapid head turns and looking back repeatedly at koyambedu market cuddalore at 1100 pm distress posture detected,1,True,False,False,False,True,False,False,False,False,False,False,False,False,False,False,False,False,False,False,False,False,False,23
365,"Woman displaying rapid head turns and looking back repeatedly at Porur flyover footpath, Madurai at 1:30 AM. Distress posture detected.",distress_signal,0.5185185185185186,436,30,1:30 AM,Tamil Nadu,train,woman displaying rapid head turns and looking back repeatedly at porur flyover footpath madurai at 130 am distress posture detected,1,True,False,False,False,False,False,False,False,False,False,False,True,False,False,False,False,False,False,False,False,False,False,1
366,"AI flagged aggressive group posture near female pedestrian at Mattuthavani stand, Thoothukudi. Time: 2:30 AM. Backup from Thoothukudi Police requested.",group_harassment,0.18518518518518556,464,21,2:30 AM,Tamil Nadu,val,ai flagged aggressive group posture near female pedestrian at mattuthavani stand thoothukudi time 230 am backup from thoothukudi police requested,2,False,False,False,False,False,False,False,False,False,False,False,False,False,False,False,False,False,True,False,False,False,False,2
367,"Woman at Mathigiri isolated path, Tiruchirappalli at 2:30 AM near ATM. Transaction completed. Moving normally. Status: SAFE.",safe,0.666666666666667,2,20,2:30 AM,Tamil Nadu,train,woman at mathigiri isolated path tiruchirappalli at 230 am near atm transaction completed moving normally status safe,5,False,True,False,False,False,False,False,False,False,False,False,False,False,False,False,False,False,False,True,False,False,False,2
368,"Female pedestrian walking with companion near RS Puram walkway, Tirunelveli at 3:30 AM. No threats detected. Status: SAFE.",safe,0.2592592592592595,849,31,3:30 AM,Tamil Nadu,train,female pedestrian walking with companion near rs puram walkway tirunelveli at 330 am no threats detected status safe,5,False,True,False,False,False,False,False,False,False,False,False,False,False,False,False,False,False,False,False,True,False,False,3
369,"CCTV log — Goripalayam junction, Sivakasi: Female pedestrian in group of 4. Well-lit street. Time: 2:00 AM. SAFE.",safe,0.7037037037037042,828,9,2:00 AM,Tamil Nadu,train,cctv log goripalayam junction sivakasi female pedestrian in group of 4 welllit street time 200 am safe,5,False,True,False,False,False,False,False,False,False,False,False,False,False,False,False,True,False,False,False,False,False,False,2
370,"TN SafeCity AI behavioural engine: Subject at Vellore CMC hospital road, Dindigul at 3:30 AM showing signs consistent with being followed.",suspicious_behavior,0.8518518518518521,848,48,3:30 AM,Tamil Nadu,train,tn safecity ai behavioural engine subject at vellore cmc hospital road dindigul at 330 am showing signs consistent with being followed,6,True,False,False,False,False,True,False,False,False,False,False,False,False,False,False,False,False,False,False,False,False,False,3
371,"Deep learning classifier — Papanasam dark street, Cuddalore: Lone female, night scene, isolated path, 4:00 AM. Risk score: 87/100.",suspicious_behavior,0.9629629629629632,380,27,4:00 AM,Tamil Nadu,train,deep learning classifier papanasam dark street cuddalore lone female night scene isolated path 400 am risk score 87100,6,True,False,False,False,True,False,False,False,False,False,False,False,False,False,False,False,False,False,False,False,False,False,4
372,"Two women walking together near Palayamkottai night road, Madurai at 10:00 PM. Well-lit area. System status: SAFE.",safe,0.37037037037037024,447,26,10:00 PM,Tamil Nadu,val,two women walking together near palayamkottai night road madurai at 1000 pm welllit area system status safe,5,False,True,False,False,False,False,False,False,False,False,False,True,False,False,False,False,False,False,False,False,False,False,22
373,Nagercoil Police dispatch initiated. Location: Srirangam temple lane. Time: 8:00 PM. Reason: Lone female at risk. Nearest unit responding.,being_followed,0.666666666666667,61,35,8:00 PM,Tamil Nadu,train,nagercoil police dispatch initiated location srirangam temple lane time 800 pm reason lone female at risk nearest unit responding,0,False,False,False,False,False,False,False,False,False,False,False,False,True,False,False,False,False,False,False,False,False,False,20
374,"Single female pedestrian identified at Ammapet isolated street, Karur at 2:30 AM. Isolated stretch near Ammapet isolated street. System flagged for monitoring.",lone_walking_night,0.14814814814814836,44,0,2:30 AM,Tamil Nadu,train,single female pedestrian identified at ammapet isolated street karur at 230 am isolated stretch near ammapet isolated street system flagged for monitoring,3,False,False,True,False,False,False,False,False,False,True,False,False,False,False,False,False,False,False,False,False,False,False,2
375,"Camera detected group harassment at Tiruchengode night road, Sivakasi at 12:00 AM. Female surrounded, unable to proceed. Emergency alert sent.",group_harassment,0.7777777777777781,319,40,12:00 AM,Tamil Nadu,train,camera detected group harassment at tiruchengode night road sivakasi at 1200 am female surrounded unable to proceed emergency alert sent,2,False,False,False,False,False,False,False,False,False,False,False,False,False,False,False,True,False,False,False,False,False,False,0
376,"Woman at Katpadi dark alley, Coimbatore at 9:30 PM near ATM. Transaction completed. Moving normally. Status: SAFE.",safe,0.0,429,14,9:30 PM,Tamil Nadu,train,woman at katpadi dark alley coimbatore at 930 pm near atm transaction completed moving normally status safe,5,False,False,True,True,False,False,False,False,False,False,False,False,False,False,False,False,False,False,False,False,False,False,21
377,"Unknown vehicle following female pedestrian route near Tiruchirappalli Chatram bus stop, Chennai. Time: 8:00 PM. TN RTO plate analysis underway.",threat_detected,0.0740740740740744,460,41,8:00 PM,Tamil Nadu,train,unknown vehicle following female pedestrian route near tiruchirappalli chatram bus stop chennai time 800 pm tn rto plate analysis underway,7,True,False,False,False,False,False,False,False,False,False,False,False,False,False,False,False,False,False,False,False,False,False,20
378,"SOS gesture pattern detected near Noyyal river walkway, Thoothukudi at 12:30 AM. Subject waving arms — possible request for help.",distress_signal,0.5185185185185186,807,25,12:30 AM,Tamil Nadu,train,sos gesture pattern detected near noyyal river walkway thoothukudi at 1230 am subject waving arms possible request for help,1,True,False,False,False,False,False,False,False,False,False,False,False,False,False,False,False,False,True,False,False,False,False,0
379,"Woman at Katpadi dark alley, Namakkal at 7:45 PM near ATM. Transaction completed. Moving normally. Status: SAFE.",safe,0.0740740740740744,625,14,7:45 PM,Tamil Nadu,train,woman at katpadi dark alley namakkal at 745 pm near atm transaction completed moving normally status safe,5,False,True,False,False,False,False,False,False,False,False,False,False,False,True,False,False,False,False,False,False,False,False,19
380,Dindigul Urban Command Centre log: Papanasam dark street camera flagged unusual activity at 8:30 PM. Female subject under observation.,monitoring,0.14814814814814836,22,27,8:30 PM,Tamil Nadu,train,dindigul urban command centre log papanasam dark street camera flagged unusual activity at 830 pm female subject under observation,4,False,True,False,False,False,True,False,False,False,False,False,False,False,False,False,False,False,False,False,False,False,False,20
381,"SmartCity TN surveillance — Erode bus terminus lane, Tiruchirappalli, 11:00 PM: Face anonymised. Gender: Female. Motion: Walking alone.",monitoring,0.2962962962962967,796,8,11:00 PM,Tamil Nadu,train,smartcity tn surveillance erode bus terminus lane tiruchirappalli 1100 pm face anonymised gender female motion walking alone,4,False,True,False,False,False,False,False,False,False,False,False,False,False,False,False,False,False,False,True,False,False,False,23
382,"Tamil Nadu SafeCity system: Female detected alone at Tiruchengode night road, Cuddalore. Time: 6:30 PM. Escort service notification sent via app.",lone_walking_night,0.7407407407407409,871,40,6:30 PM,Tamil Nadu,val,tamil nadu safecity system female detected alone at tiruchengode night road cuddalore time 630 pm escort service notification sent via app,3,False,False,True,False,True,False,False,False,False,False,False,False,False,False,False,False,False,False,False,False,False,False,18
383,"Weapon-like object detected near female subject at Tambaram railway station, Nagercoil at 9:30 PM. Visual verification requested. Alert: HIGH.",threat_detected,0.7037037037037042,39,37,9:30 PM,Tamil Nadu,train,weaponlike object detected near female subject at tambaram railway station nagercoil at 930 pm visual verification requested alert high,7,True,False,False,False,False,False,False,False,False,False,False,False,True,False,False,False,False,False,False,False,False,False,21
384,"Female subject near Erode bus terminus lane, Dindigul at 9:00 PM. Security escort confirmed by Dindigul Police. Status: SAFE.",safe,0.925925925925926,286,8,9:00 PM,Tamil Nadu,train,female subject near erode bus terminus lane dindigul at 900 pm security escort confirmed by dindigul police status safe,5,False,True,False,False,False,True,False,False,False,False,False,False,False,False,False,False,False,False,False,False,False,False,21
385,"Night monitoring alert: Lone female pedestrian near VOC Park pathway, Sivakasi at 9:00 PM. Smart lighting activated along route.",lone_walking_night,0.7037037037037042,710,44,9:00 PM,Tamil Nadu,train,night monitoring alert lone female pedestrian near voc park pathway sivakasi at 900 pm smart lighting activated along route,3,False,False,True,False,False,False,False,False,False,False,False,False,False,False,False,True,False,False,False,False,False,False,21
386,"Female pedestrian walking with companion near Erode bus terminus lane, Erode at 11:00 PM. No threats detected. Status: SAFE.",safe,0.6296296296296298,641,8,11:00 PM,Tamil Nadu,train,female pedestrian walking with companion near erode bus terminus lane erode at 1100 pm no threats detected status safe,5,False,True,False,False,False,False,True,False,False,False,False,False,False,False,False,False,False,False,False,False,False,False,23
387,"Abnormal movement pattern: Female subject running intermittently near Koyambedu market, Madurai at 8:30 PM. Possible escape behaviour.",distress_signal,0.7777777777777781,233,15,8:30 PM,Tamil Nadu,train,abnormal movement pattern female subject running intermittently near koyambedu market madurai at 830 pm possible escape behaviour,1,True,False,False,False,False,False,False,False,False,False,False,True,False,False,False,False,False,False,False,False,False,False,20
388,"AI pattern detection: Unknown male mirroring woman's path at Tiruppur SIDCO area, Sivakasi since 12:30 AM. High confidence tracking match.",being_followed,0.14814814814814836,545,43,12:30 AM,Tamil Nadu,train,ai pattern detection unknown male mirroring womans path at tiruppur sidco area sivakasi since 1230 am high confidence tracking match,0,False,False,False,False,False,False,False,False,False,False,False,False,False,False,False,True,False,False,False,False,False,False,0
389,"Night monitoring alert: Lone female pedestrian near Virudhunagar bus stop, Kumbakonam at 9:00 PM. Smart lighting activated along route.",lone_walking_night,0.0740740740740744,54,49,9:00 PM,Tamil Nadu,train,night monitoring alert lone female pedestrian near virudhunagar bus stop kumbakonam at 900 pm smart lighting activated along route,3,False,False,True,False,False,False,False,False,False,False,True,False,False,False,False,False,False,False,False,False,False,False,21
390,"Camera node TN-CH-47 at Varadharaja Perumal temple road, Cuddalore detected abnormal motion at 2:30 AM. Female pedestrian in frame. Analysis running.",monitoring,0.6296296296296298,122,46,2:30 AM,Tamil Nadu,train,camera node tnch47 at varadharaja perumal temple road cuddalore detected abnormal motion at 230 am female pedestrian in frame analysis running,4,False,True,False,False,True,False,False,False,False,False,False,False,False,False,False,False,False,False,False,False,False,False,2
391,"Tamil Nadu SafeCity night log: Unaccompanied woman near Salem Steel Plant road, Dindigul at 8:00 PM. Smart lights activated along path.",lone_walking_night,0.8888888888888888,75,33,8:00 PM,Tamil Nadu,val,tamil nadu safecity night log unaccompanied woman near salem steel plant road dindigul at 800 pm smart lights activated along path,3,False,False,True,False,False,True,False,False,False,False,False,False,False,False,False,False,False,False,False,False,False,False,20
392,"Single female pedestrian identified at Mattuthavani stand, Chennai at 4:00 AM. Isolated stretch near Mattuthavani stand. System flagged for monitoring.",lone_walking_night,0.0740740740740744,569,21,4:00 AM,Tamil Nadu,val,single female pedestrian identified at mattuthavani stand chennai at 400 am isolated stretch near mattuthavani stand system flagged for monitoring,3,False,False,True,False,False,False,False,False,False,False,False,False,False,False,False,False,False,False,False,False,False,False,4
393,"Tamil Nadu SafeCity system: Female detected alone at Goripalayam junction, Hosur. Time: 5:45 PM. Escort service notification sent via app.",lone_walking_night,0.0370370370370372,478,9,5:45 PM,Tamil Nadu,train,tamil nadu safecity system female detected alone at goripalayam junction hosur time 545 pm escort service notification sent via app,3,False,False,True,False,False,False,False,True,False,False,False,False,False,False,False,False,False,False,False,False,False,False,17
394,"Woman jogging with earphones at Tiruchengode night road, Kanchipuram at 1:00 AM. Regular route. No suspicious activity. Status: NORMAL.",safe,0.7407407407407409,201,40,1:00 AM,Tamil Nadu,val,woman jogging with earphones at tiruchengode night road kanchipuram at 100 am regular route no suspicious activity status normal,5,False,True,False,False,False,False,False,False,True,False,False,False,False,False,False,False,False,False,False,False,False,False,1
395,"Female student group passing Anna Nagar subway, Dindigul at 12:30 AM. Campus security visible nearby. SAFE.",safe,0.8888888888888888,228,1,12:30 AM,Tamil Nadu,train,female student group passing anna nagar subway dindigul at 1230 am campus security visible nearby safe,5,False,True,False,False,False,True,False,False,False,False,False,False,False,False,False,False,False,False,False,False,False,False,0
396,"AI behaviour score at Avinashi road footpath, Dindigul: Walking speed increased 40% in last 2 minutes. Time: 9:00 PM. Flagged.",suspicious_behavior,0.18518518518518556,856,2,9:00 PM,Tamil Nadu,train,ai behaviour score at avinashi road footpath dindigul walking speed increased 40 in last 2 minutes time 900 pm flagged,6,True,False,False,False,False,True,False,False,False,False,False,False,False,False,False,False,False,False,False,False,False,False,21
397,"Two-person tracking alert at Coimbatore Gandhipuram bus stop, Hosur: Male suspect pursuing female pedestrian. Duration 5 minutes. Alert: CRITICAL.",being_followed,0.48148148148148184,523,5,12:00 AM,Tamil Nadu,train,twoperson tracking alert at coimbatore gandhipuram bus stop hosur male suspect pursuing female pedestrian duration 5 minutes alert critical,0,False,False,False,False,False,False,False,True,False,False,False,False,False,False,False,False,False,False,False,False,False,False,0
398,"AI flagged aggressive group posture near female pedestrian at Thanjavur Big Temple road, Vellore. Time: 11:30 PM. Backup from Vellore Police requested.",group_harassment,0.40740740740740744,107,38,11:30 PM,Tamil Nadu,val,ai flagged aggressive group posture near female pedestrian at thanjavur big temple road vellore time 1130 pm backup from vellore police requested,2,False,False,False,False,False,False,False,False,False,False,False,False,False,False,False,False,False,False,False,False,False,True,23
399,"Single female pedestrian identified at RS Puram walkway, Madurai at 1:30 AM. Isolated stretch near RS Puram walkway. System flagged for monitoring.",lone_walking_night,0.18518518518518556,315,31,1:30 AM,Tamil Nadu,train,single female pedestrian identified at rs puram walkway madurai at 130 am isolated stretch near rs puram walkway system flagged for monitoring,3,False,False,False,False,False,False,False,False,False,False,False,True,False,False,False,False,False,False,False,False,False,False,1
400,"Camera network at Chromepet dark lane, Madurai flagged repeated path overlap at 5:45 PM. Male subject tracked across 3 camera zones.",being_followed,0.37037037037037024,887,4,5:45 PM,Tamil Nadu,train,camera network at chromepet dark lane madurai flagged repeated path overlap at 545 pm male subject tracked across 3 camera zones,0,False,False,False,False,False,False,False,False,False,False,False,True,False,False,False,False,False,False,False,False,False,False,17
401,"Camera node TN-TD-47 at Tiruchengode night road, Nagercoil detected abnormal motion at 2:00 AM. Female pedestrian in frame. Analysis running.",monitoring,0.7407407407407409,528,40,2:00 AM,Tamil Nadu,train,camera node tntd47 at tiruchengode night road nagercoil detected abnormal motion at 200 am female pedestrian in frame analysis running,4,False,True,False,False,False,False,False,False,False,False,False,False,True,False,False,False,False,False,False,False,False,False,2
402,"AI alert — Bhavani river walkway, Cuddalore: Person shadowing female for 400 metres since 9:30 PM. Intervention dispatched.",being_followed,0.2962962962962967,50,3,9:30 PM,Tamil Nadu,train,ai alert bhavani river walkway cuddalore person shadowing female for 400 metres since 930 pm intervention dispatched,0,False,False,False,False,True,False,False,False,False,False,False,False,False,False,False,False,False,False,False,False,False,False,21
403,"Abnormal movement pattern: Female subject running intermittently near Palayamkottai night road, Dindigul at 12:30 AM. Possible escape behaviour.",distress_signal,0.7407407407407409,603,26,12:30 AM,Tamil Nadu,test,abnormal movement pattern female subject running intermittently near palayamkottai night road dindigul at 1230 am possible escape behaviour,1,True,False,False,False,False,True,False,False,False,False,False,False,False,False,False,False,False,False,False,False,False,False,0
404,"Command Centre to field unit: Respond to Kumbakonam temple tank road, Tirunelveli. Female pedestrian safety alert. Time: 12:00 AM. Priority: HIGH.",being_followed,0.5185185185185186,140,16,12:00 AM,Tamil Nadu,train,command centre to field unit respond to kumbakonam temple tank road tirunelveli female pedestrian safety alert time 1200 am priority high,0,False,False,False,False,False,False,False,False,False,False,False,False,False,False,False,False,False,False,False,True,False,False,0
405,"Encirclement behaviour detected at Marina Beach road, Sivakasi: Multiple individuals blocking path of lone woman. Alert raised at 5:45 PM.",group_harassment,0.9629629629629632,648,18,5:45 PM,Tamil Nadu,train,encirclement behaviour detected at marina beach road sivakasi multiple individuals blocking path of lone woman alert raised at 545 pm,2,False,False,False,False,False,False,False,False,False,False,False,False,False,False,False,True,False,False,False,False,False,False,17
406,"Two-person tracking alert at Srirangam temple lane, Tiruppur: Male suspect pursuing female pedestrian. Duration 5 minutes. Alert: CRITICAL.",being_followed,0.48148148148148184,570,35,1:30 AM,Tamil Nadu,train,twoperson tracking alert at srirangam temple lane tiruppur male suspect pursuing female pedestrian duration 5 minutes alert critical,0,False,False,False,False,False,False,False,False,False,False,False,False,False,False,False,False,False,False,False,False,True,False,1
407,"Tamil Nadu SafeCity night log: Unaccompanied woman near T. Nagar bus stand, Hosur at 8:30 PM. Smart lights activated along path.",lone_walking_night,0.925925925925926,325,36,8:30 PM,Tamil Nadu,train,tamil nadu safecity night log unaccompanied woman near t nagar bus stand hosur at 830 pm smart lights activated along path,3,False,False,True,False,False,False,False,True,False,False,False,False,False,False,False,False,False,False,False,False,False,False,20
408,"Single female pedestrian identified at Thanjavur Big Temple road, Cuddalore at 1:00 AM. Isolated stretch near Thanjavur Big Temple road. System flagged for monitoring.",lone_walking_night,0.37037037037037024,554,38,1:00 AM,Tamil Nadu,train,single female pedestrian identified at thanjavur big temple road cuddalore at 100 am isolated stretch near thanjavur big temple road system flagged for monitoring,3,False,False,True,False,True,False,False,False,False,False,False,False,False,False,False,False,False,False,False,False,False,False,1
409,"AI flagged aggressive group posture near female pedestrian at Namakkal lorry stand area, Coimbatore. Time: 3:30 AM. Backup from Coimbatore Police requested.",group_harassment,0.925925925925926,11,24,3:30 AM,Tamil Nadu,train,ai flagged aggressive group posture near female pedestrian at namakkal lorry stand area coimbatore time 330 am backup from coimbatore police requested,2,False,False,False,True,False,False,False,False,False,False,False,False,False,False,False,False,False,False,False,False,False,False,3
410,"Night monitoring alert: Lone female pedestrian near Velachery IT corridor, Namakkal at 9:30 PM. Smart lighting activated along route.",lone_walking_night,0.14814814814814836,716,47,9:30 PM,Tamil Nadu,train,night monitoring alert lone female pedestrian near velachery it corridor namakkal at 930 pm smart lighting activated along route,3,False,False,True,False,False,False,False,False,False,False,False,False,False,True,False,False,False,False,False,False,False,False,21
411,"Camera network at Koyambedu market, Tiruppur flagged repeated path overlap at 9:00 PM. Male subject tracked across 3 camera zones.",being_followed,1.0,5,15,9:00 PM,Tamil Nadu,train,camera network at koyambedu market tiruppur flagged repeated path overlap at 900 pm male subject tracked across 3 camera zones,0,False,False,False,False,False,False,False,False,False,False,False,False,False,False,False,False,False,False,False,False,True,False,21
412,"Camera node TN-ER-47 at RS Puram walkway, Sivakasi detected abnormal motion at 1:00 AM. Female pedestrian in frame. Analysis running.",monitoring,0.8148148148148149,280,31,1:00 AM,Tamil Nadu,train,camera node tner47 at rs puram walkway sivakasi detected abnormal motion at 100 am female pedestrian in frame analysis running,4,False,True,False,False,False,False,False,False,False,False,False,False,False,False,False,True,False,False,False,False,False,False,1
413,"AI pipeline triggered at Erode bus terminus lane, Hosur camera grid at 10:45 PM. Gender: Female. Activity: Walking alone. Threat score: 74/100.",monitoring,0.6296296296296298,94,8,10:45 PM,Tamil Nadu,train,ai pipeline triggered at erode bus terminus lane hosur camera grid at 1045 pm gender female activity walking alone threat score 74100,4,False,True,False,False,False,False,False,True,False,False,False,False,False,False,False,False,False,False,False,False,False,False,22
414,CCTV alert — Dindigul: Woman walking alone at SIPCOT industrial area road at 3:30 AM. No other pedestrians within 50 metres.,lone_walking_night,0.8518518518518521,878,32,3:30 AM,Tamil Nadu,val,cctv alert dindigul woman walking alone at sipcot industrial area road at 330 am no other pedestrians within 50 metres,3,False,False,True,False,False,True,False,False,False,False,False,False,False,False,False,False,False,False,False,False,False,False,3
415,"AI pipeline triggered at Nagercoil bus stand area, Thanjavur camera grid at 7:45 PM. Gender: Female. Activity: Walking alone. Threat score: 74/100.",monitoring,0.8518518518518521,913,23,7:45 PM,Tamil Nadu,train,ai pipeline triggered at nagercoil bus stand area thanjavur camera grid at 745 pm gender female activity walking alone threat score 74100,4,False,True,False,False,False,False,False,False,False,False,False,False,False,False,False,False,True,False,False,False,False,False,19
416,"Female student group passing Vellore CMC hospital road, Erode at 1:00 AM. Campus security visible nearby. SAFE.",safe,0.9629629629629632,795,48,1:00 AM,Tamil Nadu,train,female student group passing vellore cmc hospital road erode at 100 am campus security visible nearby safe,5,False,True,False,False,False,False,True,False,False,False,False,False,False,False,False,False,False,False,False,False,False,False,1
417,"Female student group passing T. Nagar bus stand, Madurai at 2:00 AM. Campus security visible nearby. SAFE.",safe,0.592592592592593,707,36,2:00 AM,Tamil Nadu,val,female student group passing t nagar bus stand madurai at 200 am campus security visible nearby safe,5,False,True,False,False,False,False,False,False,False,False,False,True,False,False,False,False,False,False,False,False,False,False,2
418,"AI pipeline triggered at Velachery IT corridor, Karur camera grid at 2:30 AM. Gender: Female. Activity: Walking alone. Threat score: 74/100.",monitoring,0.666666666666667,874,47,2:30 AM,Tamil Nadu,val,ai pipeline triggered at velachery it corridor karur camera grid at 230 am gender female activity walking alone threat score 74100,4,False,True,False,False,False,False,False,False,False,True,False,False,False,False,False,False,False,False,False,False,False,False,2
419,"Deep learning classifier — Karur textile market lane, Coimbatore: Lone female, night scene, isolated path, 3:00 AM. Risk score: 87/100.",suspicious_behavior,0.7407407407407409,866,13,3:00 AM,Tamil Nadu,train,deep learning classifier karur textile market lane coimbatore lone female night scene isolated path 300 am risk score 87100,6,False,True,False,True,False,False,False,False,False,False,False,False,False,False,False,False,False,False,False,False,False,False,3
420,"Night patrol AI report — Medical college lane, Thanjavur at 9:00 PM. Female pedestrian count: 1. App notification sent for escort service.",lone_walking_night,0.22222222222222276,385,22,9:00 PM,Tamil Nadu,val,night patrol ai report medical college lane thanjavur at 900 pm female pedestrian count 1 app notification sent for escort service,3,False,False,True,False,False,False,False,False,False,False,False,False,False,False,False,False,True,False,False,False,False,False,21
421,"Night monitoring alert: Lone female pedestrian near Chromepet dark lane, Cuddalore at 8:30 PM. Smart lighting activated along route.",lone_walking_night,0.9629629629629632,821,4,8:30 PM,Tamil Nadu,val,night monitoring alert lone female pedestrian near chromepet dark lane cuddalore at 830 pm smart lighting activated along route,3,False,False,True,False,True,False,False,False,False,False,False,False,False,False,False,False,False,False,False,False,False,False,20
422,"Suspicious individual following female subject for 3+ minutes near Marina Beach road, Tiruppur at 1:30 AM. Police alerted immediately.",being_followed,0.666666666666667,706,18,1:30 AM,Tamil Nadu,train,suspicious individual following female subject for 3 minutes near marina beach road tiruppur at 130 am police alerted immediately,0,False,False,False,False,False,False,False,False,False,False,False,False,False,False,False,False,False,False,False,False,True,False,1
423,"Deep learning classifier — Salem Steel Plant road, Tiruppur: Lone female, night scene, isolated path, 1:00 AM. Risk score: 87/100.",suspicious_behavior,0.592592592592593,886,33,1:00 AM,Tamil Nadu,train,deep learning classifier salem steel plant road tiruppur lone female night scene isolated path 100 am risk score 87100,6,True,False,False,False,False,False,False,False,False,False,False,False,False,False,False,False,False,False,False,False,True,False,1
424,"TN-MD camera grid alert — VOC Park pathway, Cuddalore: Behaviour anomaly at 7:45 PM. Female subject flagged for monitoring.",monitoring,0.3333333333333339,395,44,7:45 PM,Tamil Nadu,test,tnmd camera grid alert voc park pathway cuddalore behaviour anomaly at 745 pm female subject flagged for monitoring,4,False,True,False,False,True,False,False,False,False,False,False,False,False,False,False,False,False,False,False,False,False,False,19
425,"SOS gesture pattern detected near Medical college lane, Cuddalore at 8:00 PM. Subject waving arms — possible request for help.",distress_signal,0.592592592592593,361,22,8:00 PM,Tamil Nadu,val,sos gesture pattern detected near medical college lane cuddalore at 800 pm subject waving arms possible request for help,1,True,False,False,False,True,False,False,False,False,False,False,False,False,False,False,False,False,False,False,False,False,False,20
426,"AI flagged aggressive group posture near female pedestrian at Perambur street, Dindigul. Time: 10:00 PM. Backup from Dindigul Police requested.",group_harassment,0.44444444444444464,751,29,10:00 PM,Tamil Nadu,val,ai flagged aggressive group posture near female pedestrian at perambur street dindigul time 1000 pm backup from dindigul police requested,2,False,False,False,False,False,True,False,False,False,False,False,False,False,False,False,False,False,False,False,False,False,False,22
427,"Deep learning classifier — Hosur industrial estate lane, Dindigul: Subject accelerated pace 40% in 2 minutes. Time: 10:45 PM. Flagged HIGH.",distress_signal,0.9629629629629632,863,11,10:45 PM,Tamil Nadu,test,deep learning classifier hosur industrial estate lane dindigul subject accelerated pace 40 in 2 minutes time 1045 pm flagged high,1,True,False,False,False,False,True,False,False,False,False,False,False,False,False,False,False,False,False,False,False,False,False,22
428,"SmartCity TN surveillance — Karur textile market lane, Coimbatore, 12:00 AM: Face anonymised. Gender: Female. Motion: Walking alone.",monitoring,0.44444444444444464,868,13,12:00 AM,Tamil Nadu,train,smartcity tn surveillance karur textile market lane coimbatore 1200 am face anonymised gender female motion walking alone,4,False,True,False,True,False,False,False,False,False,False,False,False,False,False,False,False,False,False,False,False,False,False,0
429,"Single female pedestrian identified at Bhavani river walkway, Tiruchirappalli at 11:00 PM. Isolated stretch near Bhavani river walkway. System flagged for monitoring.",lone_walking_night,0.7037037037037042,200,3,11:00 PM,Tamil Nadu,train,single female pedestrian identified at bhavani river walkway tiruchirappalli at 1100 pm isolated stretch near bhavani river walkway system flagged for monitoring,3,False,False,True,False,False,False,False,False,False,False,False,False,False,False,False,False,False,False,True,False,False,False,23
430,Chennai Urban Command Centre log: Avinashi road footpath camera flagged unusual activity at 3:00 AM. Female subject under observation.,monitoring,0.7777777777777781,301,2,3:00 AM,Tamil Nadu,train,chennai urban command centre log avinashi road footpath camera flagged unusual activity at 300 am female subject under observation,4,False,True,False,False,False,False,False,False,False,False,False,False,False,False,False,False,False,False,False,False,False,False,3
431,Thoothukudi SafeCity alert: Eve-teasing behaviour flagged at Cuddalore old town street at 10:45 PM. All India Women Helpline 181 notified.,group_harassment,0.18518518518518556,405,6,10:45 PM,Tamil Nadu,val,thoothukudi safecity alert eveteasing behaviour flagged at cuddalore old town street at 1045 pm all india women helpline 181 notified,2,False,False,False,False,False,False,False,False,False,False,False,False,False,False,False,False,False,True,False,False,False,False,22
432,"Group of 3+ males surrounding female subject near Varadharaja Perumal temple road, Tiruchirappalli at 11:30 PM. Subject movement restricted. Police dispatch initiated.",group_harassment,0.5555555555555558,146,46,11:30 PM,Tamil Nadu,val,group of 3 males surrounding female subject near varadharaja perumal temple road tiruchirappalli at 1130 pm subject movement restricted police dispatch initiated,2,False,False,False,False,False,False,False,False,False,False,False,False,False,False,False,False,False,False,True,False,False,False,23
433,"Suspicious individual following female subject for 3+ minutes near Katpadi dark alley, Kumbakonam at 9:00 PM. Police alerted immediately.",being_followed,0.40740740740740744,750,14,9:00 PM,Tamil Nadu,train,suspicious individual following female subject for 3 minutes near katpadi dark alley kumbakonam at 900 pm police alerted immediately,0,False,False,False,False,False,False,False,False,False,False,True,False,False,False,False,False,False,False,False,False,False,False,21
434,"Group of 3+ males surrounding female subject near Sivakasi fireworks factory road, Hosur at 11:30 PM. Subject movement restricted. Police dispatch initiated.",group_harassment,0.8888888888888888,256,34,11:30 PM,Tamil Nadu,train,group of 3 males surrounding female subject near sivakasi fireworks factory road hosur at 1130 pm subject movement restricted police dispatch initiated,2,False,False,False,False,False,False,False,True,False,False,False,False,False,False,False,False,False,False,False,False,False,False,23
435,Real-time alert dispatched. Dindigul Police Unit notified of situation at Katpadi dark alley. Timestamp: 4:00 AM. TNSP coordinating.,being_followed,0.0370370370370372,744,14,4:00 AM,Tamil Nadu,test,realtime alert dispatched dindigul police unit notified of situation at katpadi dark alley timestamp 400 am tnsp coordinating,0,False,False,False,False,False,True,False,False,False,False,False,False,False,False,False,False,False,False,False,False,False,False,4
436,"Female subject near Perambur street, Salem at 3:30 AM. Security escort confirmed by Salem Police. Status: SAFE.",safe,0.22222222222222276,585,29,3:30 AM,Tamil Nadu,train,female subject near perambur street salem at 330 am security escort confirmed by salem police status safe,5,False,True,False,False,False,False,False,False,False,False,False,False,False,False,True,False,False,False,False,False,False,False,3
437,"Woman at Cuddalore old town street, Sivakasi at 11:30 PM near ATM. Transaction completed. Moving normally. Status: SAFE.",safe,0.666666666666667,344,6,11:30 PM,Tamil Nadu,train,woman at cuddalore old town street sivakasi at 1130 pm near atm transaction completed moving normally status safe,5,False,True,False,False,False,False,False,False,False,False,False,False,False,False,False,True,False,False,False,False,False,False,23
438,"Abnormal movement pattern: Female subject running intermittently near Karur textile market lane, Tirunelveli at 9:30 PM. Possible escape behaviour.",distress_signal,0.5185185185185186,302,13,9:30 PM,Tamil Nadu,train,abnormal movement pattern female subject running intermittently near karur textile market lane tirunelveli at 930 pm possible escape behaviour,1,True,False,False,False,False,False,False,False,False,False,False,False,False,False,False,False,False,False,False,True,False,False,21
439,"AI flagged aggressive group posture near female pedestrian at Salem Steel Plant road, Tirunelveli. Time: 9:00 PM. Backup from Tirunelveli Police requested.",group_harassment,0.2592592592592595,125,33,9:00 PM,Tamil Nadu,train,ai flagged aggressive group posture near female pedestrian at salem steel plant road tirunelveli time 900 pm backup from tirunelveli police requested,2,False,False,False,False,False,False,False,False,False,False,False,False,False,False,False,False,False,False,False,True,False,False,21
440,"Group of 3+ males surrounding female subject near Thoothukudi port road, Nagercoil at 8:30 PM. Subject movement restricted. Police dispatch initiated.",group_harassment,0.40740740740740744,752,39,8:30 PM,Tamil Nadu,train,group of 3 males surrounding female subject near thoothukudi port road nagercoil at 830 pm subject movement restricted police dispatch initiated,2,False,False,False,False,False,False,False,False,False,False,False,False,True,False,False,False,False,False,False,False,False,False,20
441,"AI body language analysis at Madurai Meenakshi temple road, Hosur: Subject shows defensive posture, looking over shoulder frequently. Time: 9:00 PM.",distress_signal,0.7037037037037042,105,17,9:00 PM,Tamil Nadu,val,ai body language analysis at madurai meenakshi temple road hosur subject shows defensive posture looking over shoulder frequently time 900 pm,1,True,False,False,False,False,False,False,True,False,False,False,False,False,False,False,False,False,False,False,False,False,False,21
442,"SmartCity TN surveillance — Madurai Meenakshi temple road, Thanjavur, 11:00 PM: Face anonymised. Gender: Female. Motion: Walking alone.",monitoring,0.18518518518518556,526,17,11:00 PM,Tamil Nadu,val,smartcity tn surveillance madurai meenakshi temple road thanjavur 1100 pm face anonymised gender female motion walking alone,4,False,True,False,False,False,False,False,False,False,False,False,False,False,False,False,False,True,False,False,False,False,False,23
443,"Low-light camera activated at Tirunelveli junction footpath, Chennai at 9:00 PM. Thermal imaging shows lone female. Safe passage protocol triggered.",lone_walking_night,0.18518518518518556,546,42,9:00 PM,Tamil Nadu,val,lowlight camera activated at tirunelveli junction footpath chennai at 900 pm thermal imaging shows lone female safe passage protocol triggered,3,False,False,True,False,False,False,False,False,False,False,False,False,False,False,False,False,False,False,False,False,False,False,21
444,"TN SafeCity AI behavioural engine: Subject at Avinashi road footpath, Dindigul at 2:00 AM showing signs consistent with being followed.",suspicious_behavior,0.8518518518518521,700,2,2:00 AM,Tamil Nadu,val,tn safecity ai behavioural engine subject at avinashi road footpath dindigul at 200 am showing signs consistent with being followed,6,True,False,False,False,False,True,False,False,False,False,False,False,False,False,False,False,False,False,False,False,False,False,2
445,"Female pedestrian walking with companion near Vellore CMC hospital road, Cuddalore at 6:30 PM. No threats detected. Status: SAFE.",safe,0.9629629629629632,139,48,6:30 PM,Tamil Nadu,train,female pedestrian walking with companion near vellore cmc hospital road cuddalore at 630 pm no threats detected status safe,5,False,True,False,False,True,False,False,False,False,False,False,False,False,False,False,False,False,False,False,False,False,False,18
446,Real-time alert dispatched. Tiruchirappalli Police Unit notified of situation at Coimbatore Gandhipuram bus stop. Timestamp: 11:00 PM. TNSP coordinating.,being_followed,0.7037037037037042,169,5,11:00 PM,Tamil Nadu,train,realtime alert dispatched tiruchirappalli police unit notified of situation at coimbatore gandhipuram bus stop timestamp 1100 pm tnsp coordinating,0,False,False,False,False,False,False,False,False,False,False,False,False,False,False,False,False,False,False,True,False,False,False,23
447,"SOS gesture pattern detected near Vadapalani signal, Dindigul at 1:00 AM. Subject waving arms — possible request for help.",distress_signal,0.2592592592592595,106,45,1:00 AM,Tamil Nadu,train,sos gesture pattern detected near vadapalani signal dindigul at 100 am subject waving arms possible request for help,1,True,False,False,False,False,True,False,False,False,False,False,False,False,False,False,False,False,False,False,False,False,False,1
448,"Female pedestrian walking with companion near Karur textile market lane, Hosur at 6:30 PM. No threats detected. Status: SAFE.",safe,0.7777777777777781,441,13,6:30 PM,Tamil Nadu,train,female pedestrian walking with companion near karur textile market lane hosur at 630 pm no threats detected status safe,5,False,True,False,False,False,False,False,True,False,False,False,False,False,False,False,False,False,False,False,False,False,False,18
449,"Night patrol AI report — Papanasam dark street, Vellore at 10:45 PM. Female pedestrian count: 1. App notification sent for escort service.",lone_walking_night,0.0740740740740744,215,27,10:45 PM,Tamil Nadu,train,night patrol ai report papanasam dark street vellore at 1045 pm female pedestrian count 1 app notification sent for escort service,3,False,False,True,False,False,False,False,False,False,False,False,False,False,False,False,False,False,False,False,False,False,True,22
450,"Low-light camera activated at Mathigiri isolated path, Cuddalore at 5:45 PM. Thermal imaging shows lone female. Safe passage protocol triggered.",lone_walking_night,0.7407407407407409,515,20,5:45 PM,Tamil Nadu,train,lowlight camera activated at mathigiri isolated path cuddalore at 545 pm thermal imaging shows lone female safe passage protocol triggered,3,False,False,True,False,True,False,False,False,False,False,False,False,False,False,False,False,False,False,False,False,False,False,17
451,"Command Centre to field unit: Respond to Anna Nagar subway, Dindigul. Female pedestrian safety alert. Time: 11:30 PM. Priority: HIGH.",being_followed,0.5185185185185186,646,1,11:30 PM,Tamil Nadu,val,command centre to field unit respond to anna nagar subway dindigul female pedestrian safety alert time 1130 pm priority high,0,False,False,False,False,False,True,False,False,False,False,False,False,False,False,False,False,False,False,False,False,False,False,23
452,"Low-light camera activated at Srirangam temple lane, Cuddalore at 11:00 PM. Thermal imaging shows lone female. Safe passage protocol triggered.",lone_walking_night,0.8518518518518521,576,35,11:00 PM,Tamil Nadu,train,lowlight camera activated at srirangam temple lane cuddalore at 1100 pm thermal imaging shows lone female safe passage protocol triggered,3,False,False,True,False,True,False,False,False,False,False,False,False,False,False,False,False,False,False,False,False,False,False,23
453,"Low-light camera activated at T. Nagar bus stand, Namakkal at 6:30 PM. Thermal imaging shows lone female. Safe passage protocol triggered.",lone_walking_night,0.7037037037037042,111,36,6:30 PM,Tamil Nadu,train,lowlight camera activated at t nagar bus stand namakkal at 630 pm thermal imaging shows lone female safe passage protocol triggered,3,False,False,True,False,False,False,False,False,False,False,False,False,False,True,False,False,False,False,False,False,False,False,18
454,AI surveillance flagged lone woman walking near Sivakasi fireworks factory road in Thanjavur at 11:00 PM. Nearest patrol unit notified.,lone_walking_night,0.666666666666667,889,34,11:00 PM,Tamil Nadu,train,ai surveillance flagged lone woman walking near sivakasi fireworks factory road in thanjavur at 1100 pm nearest patrol unit notified,3,False,False,True,False,False,False,False,False,False,False,False,False,False,False,False,False,True,False,False,False,False,False,23
455,AI surveillance flagged lone woman walking near Hosur industrial estate lane in Madurai at 6:30 PM. Nearest patrol unit notified.,lone_walking_night,0.40740740740740744,236,11,6:30 PM,Tamil Nadu,train,ai surveillance flagged lone woman walking near hosur industrial estate lane in madurai at 630 pm nearest patrol unit notified,3,False,False,True,False,False,False,False,False,False,False,False,True,False,False,False,False,False,False,False,False,False,False,18
456,"Low-light camera activated at Marthandam road, Madurai at 8:00 PM. Thermal imaging shows lone female. Safe passage protocol triggered.",lone_walking_night,0.2962962962962967,388,19,8:00 PM,Tamil Nadu,test,lowlight camera activated at marthandam road madurai at 800 pm thermal imaging shows lone female safe passage protocol triggered,3,False,False,True,False,False,False,False,False,False,False,False,True,False,False,False,False,False,False,False,False,False,False,20
457,"Tamil Nadu CCTV integration alert: Virudhunagar bus stop, Namakkal at 3:30 AM. Cross-camera tracking active across 3 zones.",monitoring,0.0370370370370372,532,49,3:30 AM,Tamil Nadu,val,tamil nadu cctv integration alert virudhunagar bus stop namakkal at 330 am crosscamera tracking active across 3 zones,4,False,True,False,False,False,False,False,False,False,False,False,False,False,True,False,False,False,False,False,False,False,False,3
458,"Two women walking together near Thoothukudi port road, Vellore at 2:00 AM. Well-lit area. System status: SAFE.",safe,0.18518518518518556,527,39,2:00 AM,Tamil Nadu,test,two women walking together near thoothukudi port road vellore at 200 am welllit area system status safe,5,False,True,False,False,False,False,False,False,False,False,False,False,False,False,False,False,False,False,False,False,False,True,2
459,"AI alert — Tiruppur SIDCO area, Chennai: Person shadowing female for 400 metres since 12:00 AM. Intervention dispatched.",being_followed,0.592592592592593,372,43,12:00 AM,Tamil Nadu,train,ai alert tiruppur sidco area chennai person shadowing female for 400 metres since 1200 am intervention dispatched,0,False,False,False,False,False,False,False,False,False,False,False,False,False,False,False,False,False,False,False,False,False,False,0
460,"Woman at Papanasam dark street, Vellore at 8:30 PM near ATM. Transaction completed. Moving normally. Status: SAFE.",safe,0.7777777777777781,903,27,8:30 PM,Tamil Nadu,train,woman at papanasam dark street vellore at 830 pm near atm transaction completed moving normally status safe,5,False,True,False,False,False,False,False,False,False,False,False,False,False,False,False,False,False,False,False,False,False,True,20
461,Namakkal night surveillance: Camera node flagged lone female at Medical college lane at 2:30 AM. Nearest police booth alerted.,lone_walking_night,0.925925925925926,648,22,2:30 AM,Tamil Nadu,val,namakkal night surveillance camera node flagged lone female at medical college lane at 230 am nearest police booth alerted,3,False,False,True,False,False,False,False,False,False,False,False,False,False,True,False,False,False,False,False,False,False,False,2
462,"TN SafeCity AI behavioural engine: Subject at Marthandam road, Kanchipuram at 12:00 AM showing signs consistent with being followed.",suspicious_behavior,0.7037037037037042,231,19,12:00 AM,Tamil Nadu,train,tn safecity ai behavioural engine subject at marthandam road kanchipuram at 1200 am showing signs consistent with being followed,6,True,False,False,False,False,False,False,False,True,False,False,False,False,False,False,False,False,False,False,False,False,False,0
463,"AI pipeline triggered at T. Nagar bus stand, Nagercoil camera grid at 2:30 AM. Gender: Female. Activity: Walking alone. Threat score: 74/100.",monitoring,0.0370370370370372,388,36,2:30 AM,Tamil Nadu,train,ai pipeline triggered at t nagar bus stand nagercoil camera grid at 230 am gender female activity walking alone threat score 74100,4,False,True,False,False,False,False,False,False,False,False,False,False,True,False,False,False,False,False,False,False,False,False,2
464,CCTV alert — Erode: Woman walking alone at Velachery IT corridor at 3:30 AM. No other pedestrians within 50 metres.,lone_walking_night,0.0370370370370372,581,47,3:30 AM,Tamil Nadu,train,cctv alert erode woman walking alone at velachery it corridor at 330 am no other pedestrians within 50 metres,3,False,False,True,False,False,False,True,False,False,False,False,False,False,False,False,False,False,False,False,False,False,False,3
465,"Two women walking together near Nagercoil bus stand area, Coimbatore at 11:30 PM. Well-lit area. System status: SAFE.",safe,0.925925925925926,386,23,11:30 PM,Tamil Nadu,train,two women walking together near nagercoil bus stand area coimbatore at 1130 pm welllit area system status safe,5,False,True,False,True,False,False,False,False,False,False,False,False,False,False,False,False,False,False,False,False,False,False,23
466,"Two-person tracking alert at Porur flyover footpath, Madurai: Male suspect pursuing female pedestrian. Duration 5 minutes. Alert: CRITICAL.",being_followed,0.6296296296296298,227,30,7:45 PM,Tamil Nadu,train,twoperson tracking alert at porur flyover footpath madurai male suspect pursuing female pedestrian duration 5 minutes alert critical,0,False,False,False,False,False,False,False,False,False,False,False,True,False,False,False,False,False,False,False,False,False,False,19
467,"AI pipeline triggered at Perambur street, Coimbatore camera grid at 8:30 PM. Gender: Female. Activity: Walking alone. Threat score: 74/100.",monitoring,0.8888888888888888,31,29,8:30 PM,Tamil Nadu,train,ai pipeline triggered at perambur street coimbatore camera grid at 830 pm gender female activity walking alone threat score 74100,4,False,True,False,True,False,False,False,False,False,False,False,False,False,False,False,False,False,False,False,False,False,False,20
468,"AI behaviour score at Velachery IT corridor, Salem: Walking speed increased 40% in last 2 minutes. Time: 10:00 PM. Flagged.",suspicious_behavior,0.666666666666667,584,47,10:00 PM,Tamil Nadu,train,ai behaviour score at velachery it corridor salem walking speed increased 40 in last 2 minutes time 1000 pm flagged,6,True,False,False,False,False,False,False,False,False,False,False,False,False,False,True,False,False,False,False,False,False,False,22
469,"Stalking behaviour detected at Ammapet isolated street, Nagercoil: Subject changed direction twice; follower replicated both turns. Time: 11:00 PM.",being_followed,0.8148148148148149,655,0,11:00 PM,Tamil Nadu,train,stalking behaviour detected at ammapet isolated street nagercoil subject changed direction twice follower replicated both turns time 1100 pm,0,False,False,False,False,False,False,False,False,False,False,False,False,True,False,False,False,False,False,False,False,False,False,23
470,"Female pedestrian walking with companion near Palayamkottai night road, Chennai at 1:00 AM. No threats detected. Status: SAFE.",safe,1.0,369,26,1:00 AM,Tamil Nadu,train,female pedestrian walking with companion near palayamkottai night road chennai at 100 am no threats detected status safe,5,False,True,False,False,False,False,False,False,False,False,False,False,False,False,False,False,False,False,False,False,False,False,1
471,"Woman at Chromepet dark lane, Chennai at 12:00 AM near ATM. Transaction completed. Moving normally. Status: SAFE.",safe,0.2592592592592595,636,4,12:00 AM,Tamil Nadu,train,woman at chromepet dark lane chennai at 1200 am near atm transaction completed moving normally status safe,5,False,True,False,False,False,False,False,False,False,False,False,False,False,False,False,False,False,False,False,False,False,False,0
472,"Vehicle slowing repeatedly near female pedestrian at Madurai Meenakshi temple road, Thoothukudi at 5:45 PM. TN licence plate captured. Police notified.",threat_detected,0.0370370370370372,839,17,5:45 PM,Tamil Nadu,train,vehicle slowing repeatedly near female pedestrian at madurai meenakshi temple road thoothukudi at 545 pm tn licence plate captured police notified,7,True,False,False,False,False,False,False,False,False,False,False,False,False,False,False,False,False,True,False,False,False,False,17
473,"Suspicious individual following female subject for 3+ minutes near Palayamkottai night road, Namakkal at 4:00 AM. Police alerted immediately.",being_followed,0.7777777777777781,73,26,4:00 AM,Tamil Nadu,train,suspicious individual following female subject for 3 minutes near palayamkottai night road namakkal at 400 am police alerted immediately,0,False,False,False,False,False,False,False,False,False,False,False,False,False,True,False,False,False,False,False,False,False,False,4
474,"Female pedestrian walking with companion near Tambaram railway station, Dindigul at 5:45 PM. No threats detected. Status: SAFE.",safe,0.8148148148148149,767,37,5:45 PM,Tamil Nadu,test,female pedestrian walking with companion near tambaram railway station dindigul at 545 pm no threats detected status safe,5,False,True,False,False,False,True,False,False,False,False,False,False,False,False,False,False,False,False,False,False,False,False,17
475,Tiruppur Urban Command Centre log: Porur flyover footpath camera flagged unusual activity at 11:00 PM. Female subject under observation.,monitoring,0.8518518518518521,19,30,11:00 PM,Tamil Nadu,val,tiruppur urban command centre log porur flyover footpath camera flagged unusual activity at 1100 pm female subject under observation,4,False,True,False,False,False,False,False,False,False,False,False,False,False,False,False,False,False,False,False,False,True,False,23
476,"Female subject near Porur flyover footpath, Kanchipuram at 9:30 PM. Security escort confirmed by Kanchipuram Police. Status: SAFE.",safe,0.5185185185185186,604,30,9:30 PM,Tamil Nadu,train,female subject near porur flyover footpath kanchipuram at 930 pm security escort confirmed by kanchipuram police status safe,5,False,True,False,False,False,False,False,False,True,False,False,False,False,False,False,False,False,False,False,False,False,False,21
477,"Stalking behaviour detected at Erode bus terminus lane, Kanchipuram: Subject changed direction twice; follower replicated both turns. Time: 10:00 PM.",being_followed,0.22222222222222276,502,8,10:00 PM,Tamil Nadu,train,stalking behaviour detected at erode bus terminus lane kanchipuram subject changed direction twice follower replicated both turns time 1000 pm,0,False,False,False,False,False,False,False,False,True,False,False,False,False,False,False,False,False,False,False,False,False,False,22
478,"TN-ER camera grid alert — Kanchipuram silk market lane, Namakkal: Behaviour anomaly at 8:00 PM. Female subject flagged for monitoring.",monitoring,0.3333333333333339,290,12,8:00 PM,Tamil Nadu,val,tner camera grid alert kanchipuram silk market lane namakkal behaviour anomaly at 800 pm female subject flagged for monitoring,4,False,True,False,False,False,False,False,False,False,False,False,False,False,True,False,False,False,False,False,False,False,False,20
479,"Deep learning classifier — Palayamkottai night road, Coimbatore: Subject accelerated pace 40% in 2 minutes. Time: 12:00 AM. Flagged HIGH.",distress_signal,0.2962962962962967,921,26,12:00 AM,Tamil Nadu,train,deep learning classifier palayamkottai night road coimbatore subject accelerated pace 40 in 2 minutes time 1200 am flagged high,1,True,False,False,True,False,False,False,False,False,False,False,False,False,False,False,False,False,False,False,False,False,False,0
480,"TN SafeCity AI behavioural engine: Subject at Kumbakonam temple tank road, Tiruchirappalli at 10:45 PM showing signs consistent with being followed.",suspicious_behavior,0.0370370370370372,881,16,10:45 PM,Tamil Nadu,train,tn safecity ai behavioural engine subject at kumbakonam temple tank road tiruchirappalli at 1045 pm showing signs consistent with being followed,6,True,False,False,False,False,False,False,False,False,False,False,False,False,False,False,False,False,False,True,False,False,False,22
481,"AI alert — Coimbatore Gandhipuram bus stop, Tiruppur: Person shadowing female for 400 metres since 2:00 AM. Intervention dispatched.",being_followed,0.666666666666667,134,5,2:00 AM,Tamil Nadu,train,ai alert coimbatore gandhipuram bus stop tiruppur person shadowing female for 400 metres since 200 am intervention dispatched,0,False,False,False,False,False,False,False,False,False,False,False,False,False,False,False,False,False,False,False,False,True,False,2
482,"Tamil Nadu SafeCity night log: Unaccompanied woman near Thanjavur Big Temple road, Thoothukudi at 7:45 PM. Smart lights activated along path.",lone_walking_night,0.7407407407407409,130,38,7:45 PM,Tamil Nadu,train,tamil nadu safecity night log unaccompanied woman near thanjavur big temple road thoothukudi at 745 pm smart lights activated along path,3,False,False,True,False,False,False,False,False,False,False,False,False,False,False,False,False,False,True,False,False,False,False,19
483,"Female pedestrian walking with companion near Karur textile market lane, Namakkal at 12:30 AM. No threats detected. Status: SAFE.",safe,0.5555555555555558,174,13,12:30 AM,Tamil Nadu,train,female pedestrian walking with companion near karur textile market lane namakkal at 1230 am no threats detected status safe,5,False,True,False,False,False,False,False,False,False,False,False,False,False,True,False,False,False,False,False,False,False,False,0
484,"Single female pedestrian identified at Erode bus terminus lane, Karur at 4:00 AM. Isolated stretch near Erode bus terminus lane. System flagged for monitoring.",lone_walking_night,0.48148148148148184,608,8,4:00 AM,Tamil Nadu,train,single female pedestrian identified at erode bus terminus lane karur at 400 am isolated stretch near erode bus terminus lane system flagged for monitoring,3,False,False,True,False,False,False,False,False,False,True,False,False,False,False,False,False,False,False,False,False,False,False,4
485,"Two women walking together near Coimbatore Gandhipuram bus stop, Madurai at 7:45 PM. Well-lit area. System status: SAFE.",safe,0.7037037037037042,484,5,7:45 PM,Tamil Nadu,train,two women walking together near coimbatore gandhipuram bus stop madurai at 745 pm welllit area system status safe,5,False,True,False,False,False,False,False,False,False,False,False,True,False,False,False,False,False,False,False,False,False,False,19
486,Real-time alert dispatched. Chennai Police Unit notified of situation at Tambaram railway station. Timestamp: 2:30 AM. TNSP coordinating.,being_followed,0.44444444444444464,630,37,2:30 AM,Tamil Nadu,val,realtime alert dispatched chennai police unit notified of situation at tambaram railway station timestamp 230 am tnsp coordinating,0,False,False,False,False,False,False,False,False,False,False,False,False,False,False,False,False,False,False,False,False,False,False,2
487,Chennai SafeCity alert: Eve-teasing behaviour flagged at SIPCOT industrial area road at 10:00 PM. All India Women Helpline 181 notified.,group_harassment,0.8518518518518521,384,32,10:00 PM,Tamil Nadu,train,chennai safecity alert eveteasing behaviour flagged at sipcot industrial area road at 1000 pm all india women helpline 181 notified,2,False,False,False,False,False,False,False,False,False,False,False,False,False,False,False,False,False,False,False,False,False,False,22
488,"TN-CB camera grid alert — Porur flyover footpath, Namakkal: Behaviour anomaly at 5:45 PM. Female subject flagged for monitoring.",monitoring,0.0370370370370372,51,30,5:45 PM,Tamil Nadu,val,tncb camera grid alert porur flyover footpath namakkal behaviour anomaly at 545 pm female subject flagged for monitoring,4,False,True,False,False,False,False,False,False,False,False,False,False,False,True,False,False,False,False,False,False,False,False,17
489,"Gait analysis: Female at Vellore CMC hospital road, Tirunelveli at 11:30 PM shows 82% distress probability. Tirunelveli Police intervention recommended.",distress_signal,0.8148148148148149,194,48,11:30 PM,Tamil Nadu,train,gait analysis female at vellore cmc hospital road tirunelveli at 1130 pm shows 82 distress probability tirunelveli police intervention recommended,1,True,False,False,False,False,False,False,False,False,False,False,False,False,False,False,False,False,False,False,True,False,False,23
490,"Gait analysis — Hosur industrial estate lane, Chennai (2:30 AM): Female shows 78% distress probability. Chennai Police intervention recommended.",suspicious_behavior,0.9629629629629632,829,11,2:30 AM,Tamil Nadu,train,gait analysis hosur industrial estate lane chennai 230 am female shows 78 distress probability chennai police intervention recommended,6,True,False,False,False,False,False,False,False,False,False,False,False,False,False,False,False,False,False,False,False,False,False,2
491,Tirunelveli Police dispatch initiated. Location: Thanjavur Big Temple road. Time: 1:30 AM. Reason: Lone female at risk. Nearest unit responding.,being_followed,0.592592592592593,331,38,1:30 AM,Tamil Nadu,val,tirunelveli police dispatch initiated location thanjavur big temple road time 130 am reason lone female at risk nearest unit responding,0,False,False,False,False,False,False,False,False,False,False,False,False,False,False,False,False,False,False,False,True,False,False,1
492,"Camera detected group harassment at Mathigiri isolated path, Tiruchirappalli at 9:30 PM. Female surrounded, unable to proceed. Emergency alert sent.",group_harassment,0.22222222222222276,811,20,9:30 PM,Tamil Nadu,train,camera detected group harassment at mathigiri isolated path tiruchirappalli at 930 pm female surrounded unable to proceed emergency alert sent,2,False,False,False,False,False,False,False,False,False,False,False,False,False,False,False,False,False,False,True,False,False,False,21
493,"Female subject walking unaccompanied at T. Nagar bus stand, Kumbakonam at 10:45 PM. Street lights non-functional. Risk score elevated.",lone_walking_night,0.40740740740740744,691,36,10:45 PM,Tamil Nadu,val,female subject walking unaccompanied at t nagar bus stand kumbakonam at 1045 pm street lights nonfunctional risk score elevated,3,False,False,True,False,False,False,False,False,False,False,True,False,False,False,False,False,False,False,False,False,False,False,22
494,"Woman detected walking alone near Palayamkottai night road, Kumbakonam at 10:45 PM. No companion visible. Area poorly lit. Tamil Nadu Police alert dispatched.",lone_walking_night,0.8518518518518521,790,26,10:45 PM,Tamil Nadu,train,woman detected walking alone near palayamkottai night road kumbakonam at 1045 pm no companion visible area poorly lit tamil nadu police alert dispatched,3,False,False,True,False,False,False,False,False,False,False,True,False,False,False,False,False,False,False,False,False,False,False,22
495,"Pose estimation at Kumbakonam temple tank road, Namakkal (10:00 PM): Female subject exhibiting evasive movement. Threat assessment: ELEVATED.",suspicious_behavior,0.5185185185185186,817,16,10:00 PM,Tamil Nadu,val,pose estimation at kumbakonam temple tank road namakkal 1000 pm female subject exhibiting evasive movement threat assessment elevated,6,True,False,False,False,False,False,False,False,False,False,False,False,False,True,False,False,False,False,False,False,False,False,22
496,"AI alert — RS Puram walkway, Vellore: Person shadowing female for 400 metres since 2:00 AM. Intervention dispatched.",being_followed,0.2592592592592595,357,31,2:00 AM,Tamil Nadu,train,ai alert rs puram walkway vellore person shadowing female for 400 metres since 200 am intervention dispatched,0,False,False,False,False,False,False,False,False,False,False,False,False,False,False,False,False,False,False,False,False,False,True,2
497,"AI flagged aggressive group posture near female pedestrian at Guindy underpass, Coimbatore. Time: 10:45 PM. Backup from Coimbatore Police requested.",group_harassment,0.5555555555555558,393,10,10:45 PM,Tamil Nadu,train,ai flagged aggressive group posture near female pedestrian at guindy underpass coimbatore time 1045 pm backup from coimbatore police requested,2,False,False,False,True,False,False,False,False,False,False,False,False,False,False,False,False,False,False,False,False,False,False,22
498,"CCTV log — Tiruchengode night road, Tiruppur: Female pedestrian in group of 4. Well-lit street. Time: 8:30 PM. SAFE.",safe,0.7407407407407409,659,40,8:30 PM,Tamil Nadu,train,cctv log tiruchengode night road tiruppur female pedestrian in group of 4 welllit street time 830 pm safe,5,False,True,False,False,False,False,False,False,False,False,False,False,False,False,False,False,False,False,False,False,True,False,20
499,CCTV alert — Tiruppur: Woman walking alone at Kumbakonam temple tank road at 3:30 AM. No other pedestrians within 50 metres.,lone_walking_night,0.5185185185185186,254,16,3:30 AM,Tamil Nadu,train,cctv alert tiruppur woman walking alone at kumbakonam temple tank road at 330 am no other pedestrians within 50 metres,3,False,False,True,False,False,False,False,False,False,False,False,False,False,False,False,False,False,False,False,False,True,False,3
500,"Weapon-like object detected near female subject at Cuddalore old town street, Sivakasi at 2:00 AM. Visual verification requested. Alert: HIGH.",threat_detected,0.6296296296296298,472,6,2:00 AM,Tamil Nadu,train,weaponlike object detected near female subject at cuddalore old town street sivakasi at 200 am visual verification requested alert high,7,True,False,False,False,False,False,False,False,False,False,False,False,False,False,False,True,False,False,False,False,False,False,2
501,"Woman detected walking alone near Noyyal river walkway, Erode at 10:00 PM. No companion visible. Area poorly lit. Tamil Nadu Police alert dispatched.",lone_walking_night,0.8518518518518521,6,25,10:00 PM,Tamil Nadu,train,woman detected walking alone near noyyal river walkway erode at 1000 pm no companion visible area poorly lit tamil nadu police alert dispatched,3,False,False,True,False,False,False,True,False,False,False,False,False,False,False,False,False,False,False,False,False,False,False,22
502,Thanjavur night surveillance: Camera node flagged lone female at Cuddalore old town street at 11:00 PM. Nearest police booth alerted.,lone_walking_night,0.7407407407407409,831,6,11:00 PM,Tamil Nadu,train,thanjavur night surveillance camera node flagged lone female at cuddalore old town street at 1100 pm nearest police booth alerted,3,False,False,True,False,False,False,False,False,False,False,False,False,False,False,False,False,True,False,False,False,False,False,23
503,"Low-light camera activated at Karur textile market lane, Karur at 8:00 PM. Thermal imaging shows lone female. Safe passage protocol triggered.",lone_walking_night,0.7777777777777781,580,13,8:00 PM,Tamil Nadu,train,lowlight camera activated at karur textile market lane karur at 800 pm thermal imaging shows lone female safe passage protocol triggered,3,False,False,True,False,False,False,False,False,False,True,False,False,False,False,False,False,False,False,False,False,False,False,20
504,"Command Centre to field unit: Respond to Tiruppur SIDCO area, Tiruppur. Female pedestrian safety alert. Time: 1:30 AM. Priority: HIGH.",being_followed,0.7407407407407409,900,43,1:30 AM,Tamil Nadu,val,command centre to field unit respond to tiruppur sidco area tiruppur female pedestrian safety alert time 130 am priority high,0,False,False,False,False,False,False,False,False,False,False,False,False,False,False,False,False,False,False,False,False,True,False,1
505,CCTV alert — Vellore: Woman walking alone at Vadapalani signal at 1:00 AM. No other pedestrians within 50 metres.,lone_walking_night,0.44444444444444464,704,45,1:00 AM,Tamil Nadu,train,cctv alert vellore woman walking alone at vadapalani signal at 100 am no other pedestrians within 50 metres,3,False,False,True,False,False,False,False,False,False,False,False,False,False,False,False,False,False,False,False,False,False,True,1
506,"Female student group passing Koyambedu market, Kumbakonam at 1:00 AM. Campus security visible nearby. SAFE.",safe,1.0,496,15,1:00 AM,Tamil Nadu,train,female student group passing koyambedu market kumbakonam at 100 am campus security visible nearby safe,5,False,True,False,False,False,False,False,False,False,False,True,False,False,False,False,False,False,False,False,False,False,False,1
507,CCTV alert — Thoothukudi: Woman walking alone at Srirangam temple lane at 8:30 PM. No other pedestrians within 50 metres.,lone_walking_night,0.48148148148148184,500,35,8:30 PM,Tamil Nadu,val,cctv alert thoothukudi woman walking alone at srirangam temple lane at 830 pm no other pedestrians within 50 metres,3,False,False,True,False,False,False,False,False,False,False,False,False,False,False,False,False,False,True,False,False,False,False,20
508,"Single female pedestrian identified at Kumbakonam temple tank road, Tirunelveli at 8:30 PM. Isolated stretch near Kumbakonam temple tank road. System flagged for monitoring.",lone_walking_night,0.9629629629629632,269,16,8:30 PM,Tamil Nadu,train,single female pedestrian identified at kumbakonam temple tank road tirunelveli at 830 pm isolated stretch near kumbakonam temple tank road system flagged for monitoring,3,False,False,True,False,False,False,False,False,False,False,False,False,False,False,False,False,False,False,False,True,False,False,20
509,"Woman jogging with earphones at Papanasam dark street, Erode at 8:00 PM. Regular route. No suspicious activity. Status: NORMAL.",safe,0.5555555555555558,898,27,8:00 PM,Tamil Nadu,train,woman jogging with earphones at papanasam dark street erode at 800 pm regular route no suspicious activity status normal,5,False,True,False,False,False,False,True,False,False,False,False,False,False,False,False,False,False,False,False,False,False,False,20
510,"Single female pedestrian identified at Srirangam temple lane, Tiruppur at 2:30 AM. Isolated stretch near Srirangam temple lane. System flagged for monitoring.",lone_walking_night,0.8518518518518521,166,35,2:30 AM,Tamil Nadu,val,single female pedestrian identified at srirangam temple lane tiruppur at 230 am isolated stretch near srirangam temple lane system flagged for monitoring,3,False,False,True,False,False,False,False,False,False,False,False,False,False,False,False,False,False,False,False,False,True,False,2
511,"AI behaviour score at Avinashi road footpath, Karur: Walking speed increased 40% in last 2 minutes. Time: 2:00 AM. Flagged.",suspicious_behavior,0.592592592592593,298,2,2:00 AM,Tamil Nadu,test,ai behaviour score at avinashi road footpath karur walking speed increased 40 in last 2 minutes time 200 am flagged,6,True,False,False,False,False,False,False,False,False,True,False,False,False,False,False,False,False,False,False,False,False,False,2
512,"Woman displaying rapid head turns and looking back repeatedly at Mattuthavani stand, Kanchipuram at 9:00 PM. Distress posture detected.",distress_signal,0.6296296296296298,308,21,9:00 PM,Tamil Nadu,val,woman displaying rapid head turns and looking back repeatedly at mattuthavani stand kanchipuram at 900 pm distress posture detected,1,True,False,False,False,False,False,False,False,True,False,False,False,False,False,False,False,False,False,False,False,False,False,21
513,"Suspicious individual following female subject for 3+ minutes near Sivakasi fireworks factory road, Thoothukudi at 7:45 PM. Police alerted immediately.",being_followed,0.7407407407407409,350,34,7:45 PM,Tamil Nadu,val,suspicious individual following female subject for 3 minutes near sivakasi fireworks factory road thoothukudi at 745 pm police alerted immediately,0,False,False,False,False,False,False,False,False,False,False,False,False,False,False,False,False,False,True,False,False,False,False,19
514,"Woman displaying rapid head turns and looking back repeatedly at Vadapalani signal, Vellore at 9:30 PM. Distress posture detected.",distress_signal,0.14814814814814836,221,45,9:30 PM,Tamil Nadu,val,woman displaying rapid head turns and looking back repeatedly at vadapalani signal vellore at 930 pm distress posture detected,1,False,True,False,False,False,False,False,False,False,False,False,False,False,False,False,False,False,False,False,False,False,True,21
515,Automated alert to Chennai Police: Female safety concern at T. Nagar bus stand at 9:00 PM. GPS coordinates transmitted.,being_followed,0.8148148148148149,187,36,9:00 PM,Tamil Nadu,val,automated alert to chennai police female safety concern at t nagar bus stand at 900 pm gps coordinates transmitted,0,False,False,False,False,False,False,False,False,False,False,False,False,False,False,False,False,False,False,False,False,False,False,21
516,"Female student group passing Kanchipuram silk market lane, Salem at 6:30 PM. Campus security visible nearby. SAFE.",safe,0.22222222222222276,834,12,6:30 PM,Tamil Nadu,train,female student group passing kanchipuram silk market lane salem at 630 pm campus security visible nearby safe,5,False,True,False,False,False,False,False,False,False,False,False,False,False,False,True,False,False,False,False,False,False,False,18
517,"Night patrol AI report — Ammapet isolated street, Karur at 4:00 AM. Female pedestrian count: 1. App notification sent for escort service.",lone_walking_night,1.0,110,0,4:00 AM,Tamil Nadu,val,night patrol ai report ammapet isolated street karur at 400 am female pedestrian count 1 app notification sent for escort service,3,False,False,True,False,False,False,False,False,False,True,False,False,False,False,False,False,False,False,False,False,False,False,4
518,"Stalking behaviour detected at Virudhunagar bus stop, Coimbatore: Subject changed direction twice; follower replicated both turns. Time: 2:00 AM.",being_followed,0.5555555555555558,108,49,2:00 AM,Tamil Nadu,test,stalking behaviour detected at virudhunagar bus stop coimbatore subject changed direction twice follower replicated both turns time 200 am,0,False,False,False,True,False,False,False,False,False,False,False,False,False,False,False,False,False,False,False,False,False,False,2
519,"Camera network at Thoothukudi port road, Dindigul flagged repeated path overlap at 7:45 PM. Male subject tracked across 3 camera zones.",being_followed,0.5185185185185186,852,39,7:45 PM,Tamil Nadu,train,camera network at thoothukudi port road dindigul flagged repeated path overlap at 745 pm male subject tracked across 3 camera zones,0,False,False,False,False,False,True,False,False,False,False,False,False,False,False,False,False,False,False,False,False,False,False,19
520,"Woman detected walking alone near Porur flyover footpath, Thanjavur at 12:30 AM. No companion visible. Area poorly lit. Tamil Nadu Police alert dispatched.",lone_walking_night,0.37037037037037024,42,30,12:30 AM,Tamil Nadu,val,woman detected walking alone near porur flyover footpath thanjavur at 1230 am no companion visible area poorly lit tamil nadu police alert dispatched,3,False,False,True,False,False,False,False,False,False,False,False,False,False,False,False,False,True,False,False,False,False,False,0
521,"AI pattern detection: Unknown male mirroring woman's path at Hosur industrial estate lane, Tiruppur since 12:00 AM. High confidence tracking match.",being_followed,0.1111111111111116,512,11,12:00 AM,Tamil Nadu,train,ai pattern detection unknown male mirroring womans path at hosur industrial estate lane tiruppur since 1200 am high confidence tracking match,0,False,False,False,False,False,False,False,False,False,False,False,False,False,False,False,False,False,False,False,False,True,False,0
522,"Suspicious individual following female subject for 3+ minutes near Tiruchengode night road, Salem at 8:30 PM. Police alerted immediately.",being_followed,0.5555555555555558,730,40,8:30 PM,Tamil Nadu,train,suspicious individual following female subject for 3 minutes near tiruchengode night road salem at 830 pm police alerted immediately,0,False,False,False,False,False,False,False,False,False,False,False,False,False,False,True,False,False,False,False,False,False,False,20
523,"Suspicious individual following female subject for 3+ minutes near Marthandam road, Tirunelveli at 4:00 AM. Police alerted immediately.",being_followed,0.9629629629629632,539,19,4:00 AM,Tamil Nadu,train,suspicious individual following female subject for 3 minutes near marthandam road tirunelveli at 400 am police alerted immediately,0,False,False,False,False,False,False,False,False,False,False,False,False,False,False,False,False,False,False,False,True,False,False,4
524,"Vehicle slowing repeatedly near female pedestrian at Bhavani river walkway, Cuddalore at 4:00 AM. TN licence plate captured. Police notified.",threat_detected,0.22222222222222276,897,3,4:00 AM,Tamil Nadu,val,vehicle slowing repeatedly near female pedestrian at bhavani river walkway cuddalore at 400 am tn licence plate captured police notified,7,True,False,False,False,True,False,False,False,False,False,False,False,False,False,False,False,False,False,False,False,False,False,4
525,"Encirclement behaviour detected at Tiruchengode night road, Hosur: Multiple individuals blocking path of lone woman. Alert raised at 10:45 PM.",group_harassment,0.2962962962962967,747,40,10:45 PM,Tamil Nadu,train,encirclement behaviour detected at tiruchengode night road hosur multiple individuals blocking path of lone woman alert raised at 1045 pm,2,False,False,False,False,False,False,False,True,False,False,False,False,False,False,False,False,False,False,False,False,False,False,22
526,"Woman jogging with earphones at Papanasam dark street, Tiruppur at 3:00 AM. Regular route. No suspicious activity. Status: NORMAL.",safe,1.0,461,27,3:00 AM,Tamil Nadu,train,woman jogging with earphones at papanasam dark street tiruppur at 300 am regular route no suspicious activity status normal,5,False,True,False,False,False,False,False,False,False,False,False,False,False,False,False,False,False,False,False,False,True,False,3
527,"Woman at Karur textile market lane, Tirunelveli at 4:00 AM near ATM. Transaction completed. Moving normally. Status: SAFE.",safe,0.44444444444444464,658,13,4:00 AM,Tamil Nadu,train,woman at karur textile market lane tirunelveli at 400 am near atm transaction completed moving normally status safe,5,False,True,False,False,False,False,False,False,False,False,False,False,False,False,False,False,False,False,False,True,False,False,4
528,"AI flagged aggressive group posture near female pedestrian at Salem Steel Plant road, Tiruchirappalli. Time: 8:30 PM. Backup from Tiruchirappalli Police requested.",group_harassment,0.5555555555555558,875,33,8:30 PM,Tamil Nadu,val,ai flagged aggressive group posture near female pedestrian at salem steel plant road tiruchirappalli time 830 pm backup from tiruchirappalli police requested,2,False,False,False,False,False,False,False,False,False,False,False,False,False,False,False,False,False,False,True,False,False,False,20
529,"Camera node TN-ER-47 at Palayamkottai night road, Dindigul detected abnormal motion at 2:00 AM. Female pedestrian in frame. Analysis running.",monitoring,0.7777777777777781,211,26,2:00 AM,Tamil Nadu,val,camera node tner47 at palayamkottai night road dindigul detected abnormal motion at 200 am female pedestrian in frame analysis running,4,False,True,False,False,False,True,False,False,False,False,False,False,False,False,False,False,False,False,False,False,False,False,2
530,"NightWatch TN AI: Female detected at isolated Sivakasi fireworks factory road, Vellore at 9:00 PM. Street patrol redirected to her route.",lone_walking_night,0.2962962962962967,398,34,9:00 PM,Tamil Nadu,train,nightwatch tn ai female detected at isolated sivakasi fireworks factory road vellore at 900 pm street patrol redirected to her route,3,False,True,False,False,False,False,False,False,False,False,False,False,False,False,False,False,False,False,False,False,False,True,21
531,"Tamil Nadu 112 Emergency integrated alert: Tiruchirappalli Chatram bus stop, Erode at 12:00 AM. Female distress signal. Unit en route.",being_followed,0.18518518518518556,467,41,12:00 AM,Tamil Nadu,train,tamil nadu 112 emergency integrated alert tiruchirappalli chatram bus stop erode at 1200 am female distress signal unit en route,0,False,False,False,False,False,False,True,False,False,False,False,False,False,False,False,False,False,False,False,False,False,False,0
532,"Woman at Palayamkottai night road, Thoothukudi at 8:00 PM near ATM. Transaction completed. Moving normally. Status: SAFE.",safe,0.2592592592592595,346,26,8:00 PM,Tamil Nadu,train,woman at palayamkottai night road thoothukudi at 800 pm near atm transaction completed moving normally status safe,5,False,True,False,False,False,False,False,False,False,False,False,False,False,False,False,False,False,True,False,False,False,False,20
533,"Group of 3+ males surrounding female subject near Cuddalore old town street, Tiruchirappalli at 10:00 PM. Subject movement restricted. Police dispatch initiated.",group_harassment,0.7037037037037042,149,6,10:00 PM,Tamil Nadu,train,group of 3 males surrounding female subject near cuddalore old town street tiruchirappalli at 1000 pm subject movement restricted police dispatch initiated,2,False,False,False,False,False,False,False,False,False,False,False,False,False,False,False,False,False,False,True,False,False,False,22
534,"NightWatch TN AI: Female detected at isolated Tiruppur SIDCO area, Dindigul at 2:30 AM. Street patrol redirected to her route.",lone_walking_night,0.9629629629629632,306,43,2:30 AM,Tamil Nadu,val,nightwatch tn ai female detected at isolated tiruppur sidco area dindigul at 230 am street patrol redirected to her route,3,False,False,True,False,False,True,False,False,False,False,False,False,False,False,False,False,False,False,False,False,False,False,2
535,"Vehicle slowing repeatedly near female pedestrian at Kanchipuram silk market lane, Cuddalore at 2:30 AM. TN licence plate captured. Police notified.",threat_detected,0.14814814814814836,25,12,2:30 AM,Tamil Nadu,train,vehicle slowing repeatedly near female pedestrian at kanchipuram silk market lane cuddalore at 230 am tn licence plate captured police notified,7,True,False,False,False,True,False,False,False,False,False,False,False,False,False,False,False,False,False,False,False,False,False,2
536,"Single female pedestrian identified at Salem Steel Plant road, Dindigul at 8:30 PM. Isolated stretch near Salem Steel Plant road. System flagged for monitoring.",lone_walking_night,0.18518518518518556,563,33,8:30 PM,Tamil Nadu,test,single female pedestrian identified at salem steel plant road dindigul at 830 pm isolated stretch near salem steel plant road system flagged for monitoring,3,False,False,True,False,False,True,False,False,False,False,False,False,False,False,False,False,False,False,False,False,False,False,20
537,"Unknown vehicle following female pedestrian route near Sivakasi fireworks factory road, Erode. Time: 3:30 AM. TN RTO plate analysis underway.",threat_detected,0.0740740740740744,273,34,3:30 AM,Tamil Nadu,test,unknown vehicle following female pedestrian route near sivakasi fireworks factory road erode time 330 am tn rto plate analysis underway,7,True,False,False,False,False,False,True,False,False,False,False,False,False,False,False,False,False,False,False,False,False,False,3
538,"Woman detected walking alone near Guindy underpass, Madurai at 10:45 PM. No companion visible. Area poorly lit. Tamil Nadu Police alert dispatched.",lone_walking_night,0.7407407407407409,889,10,10:45 PM,Tamil Nadu,train,woman detected walking alone near guindy underpass madurai at 1045 pm no companion visible area poorly lit tamil nadu police alert dispatched,3,False,False,True,False,False,False,False,False,False,False,False,True,False,False,False,False,False,False,False,False,False,False,22
539,"Weapon-like object detected near female subject at Kumbakonam temple tank road, Salem at 11:30 PM. Visual verification requested. Alert: HIGH.",threat_detected,0.666666666666667,117,16,11:30 PM,Tamil Nadu,test,weaponlike object detected near female subject at kumbakonam temple tank road salem at 1130 pm visual verification requested alert high,7,True,False,False,False,False,False,False,False,False,False,False,False,False,False,True,False,False,False,False,False,False,False,23
540,Karur Command Centre: Female being followed near Medical college lane at 8:00 PM. Visual context sent to nearest PCR van.,being_followed,0.5185185185185186,128,22,8:00 PM,Tamil Nadu,train,karur command centre female being followed near medical college lane at 800 pm visual context sent to nearest pcr van,0,False,False,False,False,False,False,False,False,False,True,False,False,False,False,False,False,False,False,False,False,False,False,20
541,"Female subject walking unaccompanied at Bhavani river walkway, Nagercoil at 3:00 AM. Street lights non-functional. Risk score elevated.",lone_walking_night,0.8518518518518521,841,3,3:00 AM,Tamil Nadu,val,female subject walking unaccompanied at bhavani river walkway nagercoil at 300 am street lights nonfunctional risk score elevated,3,False,False,True,False,False,False,False,False,False,False,False,False,True,False,False,False,False,False,False,False,False,False,3
542,"Woman jogging with earphones at Tambaram railway station, Tirunelveli at 10:45 PM. Regular route. No suspicious activity. Status: NORMAL.",safe,0.2962962962962967,813,37,10:45 PM,Tamil Nadu,train,woman jogging with earphones at tambaram railway station tirunelveli at 1045 pm regular route no suspicious activity status normal,5,False,True,False,False,False,False,False,False,False,False,False,False,False,False,False,False,False,False,False,True,False,False,22
543,"Camera node TN-MD-47 at Tiruchengode night road, Dindigul detected abnormal motion at 8:30 PM. Female pedestrian in frame. Analysis running.",monitoring,0.2962962962962967,371,40,8:30 PM,Tamil Nadu,train,camera node tnmd47 at tiruchengode night road dindigul detected abnormal motion at 830 pm female pedestrian in frame analysis running,4,False,True,False,False,False,True,False,False,False,False,False,False,False,False,False,False,False,False,False,False,False,False,20
544,"Gait analysis — Bhavani river walkway, Erode (1:00 AM): Female shows 78% distress probability. Erode Police intervention recommended.",suspicious_behavior,0.2962962962962967,422,3,1:00 AM,Tamil Nadu,train,gait analysis bhavani river walkway erode 100 am female shows 78 distress probability erode police intervention recommended,6,True,False,False,False,False,False,True,False,False,False,False,False,False,False,False,False,False,False,False,False,False,False,1
545,"AI pipeline triggered at Salem Steel Plant road, Vellore camera grid at 2:00 AM. Gender: Female. Activity: Walking alone. Threat score: 74/100.",monitoring,0.37037037037037024,48,33,2:00 AM,Tamil Nadu,val,ai pipeline triggered at salem steel plant road vellore camera grid at 200 am gender female activity walking alone threat score 74100,4,False,True,False,False,False,False,False,False,False,False,False,False,False,False,False,False,False,False,False,False,False,True,2
546,"Night monitoring alert: Lone female pedestrian near VOC Park pathway, Nagercoil at 11:30 PM. Smart lighting activated along route.",lone_walking_night,0.5185185185185186,399,44,11:30 PM,Tamil Nadu,test,night monitoring alert lone female pedestrian near voc park pathway nagercoil at 1130 pm smart lighting activated along route,3,False,False,True,False,False,False,False,False,False,False,False,False,True,False,False,False,False,False,False,False,False,False,23
547,"AI flagged aggressive group posture near female pedestrian at Kumbakonam temple tank road, Thanjavur. Time: 2:30 AM. Backup from Thanjavur Police requested.",group_harassment,0.22222222222222276,832,16,2:30 AM,Tamil Nadu,val,ai flagged aggressive group posture near female pedestrian at kumbakonam temple tank road thanjavur time 230 am backup from thanjavur police requested,2,False,False,False,False,False,False,False,False,False,False,False,False,False,False,False,False,True,False,False,False,False,False,2
548,"AI pipeline triggered at Nagercoil bus stand area, Chennai camera grid at 11:00 PM. Gender: Female. Activity: Walking alone. Threat score: 74/100.",monitoring,0.7777777777777781,537,23,11:00 PM,Tamil Nadu,val,ai pipeline triggered at nagercoil bus stand area chennai camera grid at 1100 pm gender female activity walking alone threat score 74100,4,False,True,False,False,False,False,False,False,False,False,False,False,False,False,False,False,False,False,False,False,False,False,23
549,"Emergency response triggered at Salem Steel Plant road, Salem at 8:30 PM. Visual context sent to PCR van. ETA: 4 minutes.",being_followed,0.6296296296296298,818,33,8:30 PM,Tamil Nadu,train,emergency response triggered at salem steel plant road salem at 830 pm visual context sent to pcr van eta 4 minutes,0,False,False,False,False,False,False,False,False,False,False,False,False,False,False,True,False,False,False,False,False,False,False,20
550,"Deep learning classifier — Bhavani river walkway, Nagercoil: Subject accelerated pace 40% in 2 minutes. Time: 10:45 PM. Flagged HIGH.",distress_signal,0.14814814814814836,719,3,10:45 PM,Tamil Nadu,val,deep learning classifier bhavani river walkway nagercoil subject accelerated pace 40 in 2 minutes time 1045 pm flagged high,1,True,False,False,False,False,False,False,False,False,False,False,False,True,False,False,False,False,False,False,False,False,False,22
551,"Gait analysis: Female at Palayamkottai night road, Tiruppur at 10:45 PM shows 82% distress probability. Tiruppur Police intervention recommended.",distress_signal,0.1111111111111116,879,26,10:45 PM,Tamil Nadu,train,gait analysis female at palayamkottai night road tiruppur at 1045 pm shows 82 distress probability tiruppur police intervention recommended,1,True,False,False,False,False,False,False,False,False,False,False,False,False,False,False,False,False,False,False,False,True,False,22
552,"Woman at Velachery IT corridor, Tiruppur at 7:45 PM near ATM. Transaction completed. Moving normally. Status: SAFE.",safe,0.7037037037037042,84,47,7:45 PM,Tamil Nadu,train,woman at velachery it corridor tiruppur at 745 pm near atm transaction completed moving normally status safe,5,False,True,False,False,False,False,False,False,False,False,False,False,False,False,False,False,False,False,False,False,True,False,19
553,"CCTV log — Katpadi dark alley, Namakkal: Female pedestrian in group of 4. Well-lit street. Time: 3:30 AM. SAFE.",safe,0.18518518518518556,142,14,3:30 AM,Tamil Nadu,train,cctv log katpadi dark alley namakkal female pedestrian in group of 4 welllit street time 330 am safe,5,False,True,False,False,False,False,False,False,False,False,False,False,False,True,False,False,False,False,False,False,False,False,3
554,"Unattended bag flagged near woman at RS Puram walkway, Hosur at 12:00 AM. Hosur bomb disposal team notified. Female being evacuated.",threat_detected,0.5555555555555558,364,31,12:00 AM,Tamil Nadu,test,unattended bag flagged near woman at rs puram walkway hosur at 1200 am hosur bomb disposal team notified female being evacuated,7,True,False,False,False,False,False,False,True,False,False,False,False,False,False,False,False,False,False,False,False,False,False,0
555,"Tamil Nadu SafeCity night log: Unaccompanied woman near Marthandam road, Sivakasi at 11:30 PM. Smart lights activated along path.",lone_walking_night,0.9629629629629632,97,19,11:30 PM,Tamil Nadu,train,tamil nadu safecity night log unaccompanied woman near marthandam road sivakasi at 1130 pm smart lights activated along path,3,False,False,True,False,False,False,False,False,False,False,False,False,False,False,False,True,False,False,False,False,False,False,23
556,CCTV alert — Tiruchirappalli: Woman walking alone at Cuddalore old town street at 5:45 PM. No other pedestrians within 50 metres.,lone_walking_night,0.18518518518518556,840,6,5:45 PM,Tamil Nadu,train,cctv alert tiruchirappalli woman walking alone at cuddalore old town street at 545 pm no other pedestrians within 50 metres,3,False,False,True,False,False,False,False,False,False,False,False,False,False,False,False,False,False,False,True,False,False,False,17
557,"SmartCity TN surveillance — Vellore CMC hospital road, Vellore, 3:00 AM: Face anonymised. Gender: Female. Motion: Walking alone.",monitoring,0.2962962962962967,593,48,3:00 AM,Tamil Nadu,train,smartcity tn surveillance vellore cmc hospital road vellore 300 am face anonymised gender female motion walking alone,4,False,True,False,False,False,False,False,False,False,False,False,False,False,False,False,False,False,False,False,False,False,True,3
558,"Woman at Guindy underpass, Coimbatore at 7:45 PM near ATM. Transaction completed. Moving normally. Status: SAFE.",safe,0.7407407407407409,782,10,7:45 PM,Tamil Nadu,train,woman at guindy underpass coimbatore at 745 pm near atm transaction completed moving normally status safe,5,False,True,False,True,False,False,False,False,False,False,False,False,False,False,False,False,False,False,False,False,False,False,19
559,"Suspicious individual following female subject for 3+ minutes near Tiruppur SIDCO area, Kumbakonam at 8:30 PM. Police alerted immediately.",being_followed,0.0370370370370372,193,43,8:30 PM,Tamil Nadu,train,suspicious individual following female subject for 3 minutes near tiruppur sidco area kumbakonam at 830 pm police alerted immediately,0,False,False,False,False,False,False,False,False,False,False,True,False,False,False,False,False,False,False,False,False,False,False,20
560,"Unattended bag flagged near woman at Thanjavur Big Temple road, Hosur at 2:00 AM. Hosur bomb disposal team notified. Female being evacuated.",threat_detected,0.37037037037037024,567,38,2:00 AM,Tamil Nadu,train,unattended bag flagged near woman at thanjavur big temple road hosur at 200 am hosur bomb disposal team notified female being evacuated,7,True,False,False,False,False,False,False,True,False,False,False,False,False,False,False,False,False,False,False,False,False,False,2
561,"AI body language analysis at Bhavani river walkway, Salem: Subject shows defensive posture, looking over shoulder frequently. Time: 12:30 AM.",distress_signal,0.8888888888888888,439,3,12:30 AM,Tamil Nadu,train,ai body language analysis at bhavani river walkway salem subject shows defensive posture looking over shoulder frequently time 1230 am,1,True,False,False,False,False,False,False,False,False,False,False,False,False,False,True,False,False,False,False,False,False,False,0
562,"AI body language analysis at Nagercoil bus stand area, Tiruppur: Subject shows defensive posture, looking over shoulder frequently. Time: 8:30 PM.",distress_signal,0.22222222222222276,355,23,8:30 PM,Tamil Nadu,train,ai body language analysis at nagercoil bus stand area tiruppur subject shows defensive posture looking over shoulder frequently time 830 pm,1,True,False,False,False,False,False,False,False,False,False,False,False,False,False,False,False,False,False,False,False,True,False,20
563,"Two women walking together near Salem Steel Plant road, Sivakasi at 4:00 AM. Well-lit area. System status: SAFE.",safe,0.5185185185185186,337,33,4:00 AM,Tamil Nadu,val,two women walking together near salem steel plant road sivakasi at 400 am welllit area system status safe,5,False,True,False,False,False,False,False,False,False,False,False,False,False,False,False,True,False,False,False,False,False,False,4
564,"TN-CH camera grid alert — Cuddalore old town street, Thanjavur: Behaviour anomaly at 9:30 PM. Female subject flagged for monitoring.",monitoring,0.6296296296296298,151,6,9:30 PM,Tamil Nadu,test,tnch camera grid alert cuddalore old town street thanjavur behaviour anomaly at 930 pm female subject flagged for monitoring,4,False,True,False,False,False,False,False,False,False,False,False,False,False,False,False,False,True,False,False,False,False,False,21
565,Dindigul Police dispatch initiated. Location: RS Puram walkway. Time: 1:00 AM. Reason: Lone female at risk. Nearest unit responding.,being_followed,0.44444444444444464,527,31,1:00 AM,Tamil Nadu,val,dindigul police dispatch initiated location rs puram walkway time 100 am reason lone female at risk nearest unit responding,0,False,False,False,False,False,True,False,False,False,False,False,False,False,False,False,False,False,False,False,False,False,False,1
566,"Encirclement behaviour detected at Virudhunagar bus stop, Karur: Multiple individuals blocking path of lone woman. Alert raised at 8:30 PM.",group_harassment,0.2962962962962967,487,49,8:30 PM,Tamil Nadu,train,encirclement behaviour detected at virudhunagar bus stop karur multiple individuals blocking path of lone woman alert raised at 830 pm,2,False,False,False,False,False,False,False,False,False,True,False,False,False,False,False,False,False,False,False,False,False,False,20
567,"TN SafeCity AI behavioural engine: Subject at Porur flyover footpath, Vellore at 12:30 AM showing signs consistent with being followed.",suspicious_behavior,0.666666666666667,695,30,12:30 AM,Tamil Nadu,test,tn safecity ai behavioural engine subject at porur flyover footpath vellore at 1230 am showing signs consistent with being followed,6,True,False,False,False,False,False,False,False,False,False,False,False,False,False,False,False,False,False,False,False,False,True,0
568,"AI alert — Cuddalore old town street, Sivakasi: Person shadowing female for 400 metres since 2:30 AM. Intervention dispatched.",being_followed,0.8518518518518521,104,6,2:30 AM,Tamil Nadu,val,ai alert cuddalore old town street sivakasi person shadowing female for 400 metres since 230 am intervention dispatched,0,False,False,False,False,False,False,False,False,False,False,False,False,False,False,False,True,False,False,False,False,False,False,2
569,"Female subject walking unaccompanied at Tiruchengode night road, Tiruppur at 1:30 AM. Street lights non-functional. Risk score elevated.",lone_walking_night,0.666666666666667,548,40,1:30 AM,Tamil Nadu,train,female subject walking unaccompanied at tiruchengode night road tiruppur at 130 am street lights nonfunctional risk score elevated,3,False,False,True,False,False,False,False,False,False,False,False,False,False,False,False,False,False,False,False,False,True,False,1
570,"Vehicle slowing repeatedly near female pedestrian at Thanjavur Big Temple road, Salem at 10:45 PM. TN licence plate captured. Police notified.",threat_detected,0.48148148148148184,501,38,10:45 PM,Tamil Nadu,train,vehicle slowing repeatedly near female pedestrian at thanjavur big temple road salem at 1045 pm tn licence plate captured police notified,7,True,False,False,False,False,False,False,False,False,False,False,False,False,False,True,False,False,False,False,False,False,False,22
571,Tiruchirappalli Urban Command Centre log: Hosur industrial estate lane camera flagged unusual activity at 3:00 AM. Female subject under observation.,monitoring,0.8518518518518521,529,11,3:00 AM,Tamil Nadu,train,tiruchirappalli urban command centre log hosur industrial estate lane camera flagged unusual activity at 300 am female subject under observation,4,False,True,False,False,False,False,False,False,False,False,False,False,False,False,False,False,False,False,True,False,False,False,3
572,"Female subject walking unaccompanied at Goripalayam junction, Dindigul at 7:45 PM. Street lights non-functional. Risk score elevated.",lone_walking_night,0.8518518518518521,669,9,7:45 PM,Tamil Nadu,train,female subject walking unaccompanied at goripalayam junction dindigul at 745 pm street lights nonfunctional risk score elevated,3,False,False,True,False,False,True,False,False,False,False,False,False,False,False,False,False,False,False,False,False,False,False,19
573,"SmartCity TN surveillance — Marthandam road, Hosur, 1:00 AM: Face anonymised. Gender: Female. Motion: Walking alone.",monitoring,0.37037037037037024,504,19,1:00 AM,Tamil Nadu,train,smartcity tn surveillance marthandam road hosur 100 am face anonymised gender female motion walking alone,4,False,True,False,False,False,False,False,True,False,False,False,False,False,False,False,False,False,False,False,False,False,False,1
574,"Encirclement behaviour detected at Virudhunagar bus stop, Sivakasi: Multiple individuals blocking path of lone woman. Alert raised at 10:00 PM.",group_harassment,0.3333333333333339,654,49,10:00 PM,Tamil Nadu,train,encirclement behaviour detected at virudhunagar bus stop sivakasi multiple individuals blocking path of lone woman alert raised at 1000 pm,2,False,False,False,False,False,False,False,False,False,False,False,False,False,False,False,True,False,False,False,False,False,False,22
575,"AI pattern detection: Unknown male mirroring woman's path at Madurai Meenakshi temple road, Karur since 1:30 AM. High confidence tracking match.",being_followed,0.925925925925926,443,17,1:30 AM,Tamil Nadu,train,ai pattern detection unknown male mirroring womans path at madurai meenakshi temple road karur since 130 am high confidence tracking match,0,False,False,False,False,False,False,False,False,False,True,False,False,False,False,False,False,False,False,False,False,False,False,1
576,"SmartCity TN surveillance — Ammapet isolated street, Salem, 9:30 PM: Face anonymised. Gender: Female. Motion: Walking alone.",monitoring,0.48148148148148184,92,0,9:30 PM,Tamil Nadu,val,smartcity tn surveillance ammapet isolated street salem 930 pm face anonymised gender female motion walking alone,4,False,True,False,False,False,False,False,False,False,False,False,False,False,False,True,False,False,False,False,False,False,False,21
577,"Stalking behaviour detected at Kumbakonam temple tank road, Erode: Subject changed direction twice; follower replicated both turns. Time: 5:45 PM.",being_followed,0.2592592592592595,911,16,5:45 PM,Tamil Nadu,train,stalking behaviour detected at kumbakonam temple tank road erode subject changed direction twice follower replicated both turns time 545 pm,0,False,False,False,False,False,False,True,False,False,False,False,False,False,False,False,False,False,False,False,False,False,False,17
578,"Abnormal movement pattern: Female subject running intermittently near Karur textile market lane, Erode at 11:00 PM. Possible escape behaviour.",distress_signal,0.9629629629629632,374,13,11:00 PM,Tamil Nadu,train,abnormal movement pattern female subject running intermittently near karur textile market lane erode at 1100 pm possible escape behaviour,1,True,False,False,False,False,False,True,False,False,False,False,False,False,False,False,False,False,False,False,False,False,False,23
579,"Night patrol AI report — Karur textile market lane, Tiruchirappalli at 3:30 AM. Female pedestrian count: 1. App notification sent for escort service.",lone_walking_night,0.37037037037037024,335,13,3:30 AM,Tamil Nadu,val,night patrol ai report karur textile market lane tiruchirappalli at 330 am female pedestrian count 1 app notification sent for escort service,3,False,False,True,False,False,False,False,False,False,False,False,False,False,False,False,False,False,False,True,False,False,False,3
580,"Gait analysis: Female at VOC Park pathway, Erode at 1:30 AM shows 82% distress probability. Erode Police intervention recommended.",distress_signal,0.0740740740740744,490,44,1:30 AM,Tamil Nadu,train,gait analysis female at voc park pathway erode at 130 am shows 82 distress probability erode police intervention recommended,1,True,False,False,False,False,False,True,False,False,False,False,False,False,False,False,False,False,False,False,False,False,False,1
581,"Abnormal movement pattern: Female subject running intermittently near Guindy underpass, Kanchipuram at 4:00 AM. Possible escape behaviour.",distress_signal,0.8888888888888888,365,10,4:00 AM,Tamil Nadu,train,abnormal movement pattern female subject running intermittently near guindy underpass kanchipuram at 400 am possible escape behaviour,1,True,False,False,False,False,False,False,False,True,False,False,False,False,False,False,False,False,False,False,False,False,False,4
582,Thanjavur night surveillance: Camera node flagged lone female at Peelamedu road at 5:45 PM. Nearest police booth alerted.,lone_walking_night,0.3333333333333339,917,28,5:45 PM,Tamil Nadu,train,thanjavur night surveillance camera node flagged lone female at peelamedu road at 545 pm nearest police booth alerted,3,False,False,True,False,False,False,False,False,False,False,False,False,False,False,False,False,True,False,False,False,False,False,17
583,"Female subject walking unaccompanied at Varadharaja Perumal temple road, Thanjavur at 4:00 AM. Street lights non-functional. Risk score elevated.",lone_walking_night,0.37037037037037024,76,46,4:00 AM,Tamil Nadu,val,female subject walking unaccompanied at varadharaja perumal temple road thanjavur at 400 am street lights nonfunctional risk score elevated,3,False,False,True,False,False,False,False,False,False,False,False,False,False,False,False,False,True,False,False,False,False,False,4
584,"Female pedestrian walking with companion near Thoothukudi port road, Salem at 8:00 PM. No threats detected. Status: SAFE.",safe,0.925925925925926,222,39,8:00 PM,Tamil Nadu,train,female pedestrian walking with companion near thoothukudi port road salem at 800 pm no threats detected status safe,5,False,True,False,False,False,False,False,False,False,False,False,False,False,False,True,False,False,False,False,False,False,False,20
585,"Tamil Nadu 112 Emergency integrated alert: Koyambedu market, Erode at 6:30 PM. Female distress signal. Unit en route.",being_followed,0.22222222222222276,127,15,6:30 PM,Tamil Nadu,train,tamil nadu 112 emergency integrated alert koyambedu market erode at 630 pm female distress signal unit en route,0,False,False,False,False,False,False,True,False,False,False,False,False,False,False,False,False,False,False,False,False,False,False,18
586,"Single female pedestrian identified at Coimbatore Gandhipuram bus stop, Sivakasi at 1:00 AM. Isolated stretch near Coimbatore Gandhipuram bus stop. System flagged for monitoring.",lone_walking_night,0.8518518518518521,894,5,1:00 AM,Tamil Nadu,train,single female pedestrian identified at coimbatore gandhipuram bus stop sivakasi at 100 am isolated stretch near coimbatore gandhipuram bus stop system flagged for monitoring,3,False,False,True,False,False,False,False,False,False,False,False,False,False,False,False,True,False,False,False,False,False,False,1
587,"Woman detected walking alone near Peelamedu road, Karur at 8:30 PM. No companion visible. Area poorly lit. Tamil Nadu Police alert dispatched.",lone_walking_night,0.7777777777777781,742,28,8:30 PM,Tamil Nadu,train,woman detected walking alone near peelamedu road karur at 830 pm no companion visible area poorly lit tamil nadu police alert dispatched,3,False,False,True,False,False,False,False,False,False,True,False,False,False,False,False,False,False,False,False,False,False,False,20
588,"Woman at Thoothukudi port road, Chennai at 5:45 PM near ATM. Transaction completed. Moving normally. Status: SAFE.",safe,0.14814814814814836,240,39,5:45 PM,Tamil Nadu,train,woman at thoothukudi port road chennai at 545 pm near atm transaction completed moving normally status safe,5,False,True,False,False,False,False,False,False,False,False,False,False,False,False,False,False,False,False,False,False,False,False,17
589,"AI body language analysis at Chromepet dark lane, Chennai: Subject shows defensive posture, looking over shoulder frequently. Time: 11:00 PM.",distress_signal,0.14814814814814836,147,4,11:00 PM,Tamil Nadu,test,ai body language analysis at chromepet dark lane chennai subject shows defensive posture looking over shoulder frequently time 1100 pm,1,True,False,False,False,False,False,False,False,False,False,False,False,False,False,False,False,False,False,False,False,False,False,23
590,"CCTV log — Tirunelveli junction footpath, Salem: Female pedestrian in group of 4. Well-lit street. Time: 10:45 PM. SAFE.",safe,0.0370370370370372,448,42,10:45 PM,Tamil Nadu,train,cctv log tirunelveli junction footpath salem female pedestrian in group of 4 welllit street time 1045 pm safe,5,False,True,False,False,False,False,False,False,False,False,False,False,False,False,True,False,False,False,False,False,False,False,22
591,"Low-light camera activated at Velachery IT corridor, Hosur at 1:30 AM. Thermal imaging shows lone female. Safe passage protocol triggered.",lone_walking_night,0.6296296296296298,209,47,1:30 AM,Tamil Nadu,train,lowlight camera activated at velachery it corridor hosur at 130 am thermal imaging shows lone female safe passage protocol triggered,3,False,False,True,False,False,False,False,True,False,False,False,False,False,False,False,False,False,False,False,False,False,False,1
592,"AI alert — Tiruchirappalli Chatram bus stop, Kumbakonam: Person shadowing female for 400 metres since 9:30 PM. Intervention dispatched.",being_followed,0.925925925925926,854,41,9:30 PM,Tamil Nadu,train,ai alert tiruchirappalli chatram bus stop kumbakonam person shadowing female for 400 metres since 930 pm intervention dispatched,0,False,False,False,False,False,False,False,False,False,False,True,False,False,False,False,False,False,False,False,False,False,False,21
593,"Two-person tracking alert at Palayamkottai night road, Sivakasi: Male suspect pursuing female pedestrian. Duration 5 minutes. Alert: CRITICAL.",being_followed,0.8148148148148149,800,26,4:00 AM,Tamil Nadu,train,twoperson tracking alert at palayamkottai night road sivakasi male suspect pursuing female pedestrian duration 5 minutes alert critical,0,False,False,False,False,False,False,False,False,False,False,False,False,False,False,False,True,False,False,False,False,False,False,4
594,"Tamil Nadu SafeCity night log: Unaccompanied woman near Tambaram railway station, Chennai at 6:30 PM. Smart lights activated along path.",lone_walking_night,0.592592592592593,358,37,6:30 PM,Tamil Nadu,train,tamil nadu safecity night log unaccompanied woman near tambaram railway station chennai at 630 pm smart lights activated along path,3,False,False,True,False,False,False,False,False,False,False,False,False,False,False,False,False,False,False,False,False,False,False,18
595,Automated alert to Namakkal Police: Female safety concern at Bhavani river walkway at 8:00 PM. GPS coordinates transmitted.,being_followed,0.666666666666667,77,3,8:00 PM,Tamil Nadu,train,automated alert to namakkal police female safety concern at bhavani river walkway at 800 pm gps coordinates transmitted,0,False,False,False,False,False,False,False,False,False,False,False,False,False,True,False,False,False,False,False,False,False,False,20
596,Chennai Command Centre: Female being followed near Noyyal river walkway at 11:00 PM. Visual context sent to nearest PCR van.,being_followed,0.1111111111111116,760,25,11:00 PM,Tamil Nadu,train,chennai command centre female being followed near noyyal river walkway at 1100 pm visual context sent to nearest pcr van,0,False,False,False,False,False,False,False,False,False,False,False,False,False,False,False,False,False,False,False,False,False,False,23
597,"Woman at Tiruchengode night road, Madurai at 1:00 AM near ATM. Transaction completed. Moving normally. Status: SAFE.",safe,0.8888888888888888,452,40,1:00 AM,Tamil Nadu,val,woman at tiruchengode night road madurai at 100 am near atm transaction completed moving normally status safe,5,False,True,False,False,False,False,False,False,False,False,False,True,False,False,False,False,False,False,False,False,False,False,1
598,"AI pipeline triggered at Erode bus terminus lane, Madurai camera grid at 10:45 PM. Gender: Female. Activity: Walking alone. Threat score: 74/100.",monitoring,0.8888888888888888,154,8,10:45 PM,Tamil Nadu,train,ai pipeline triggered at erode bus terminus lane madurai camera grid at 1045 pm gender female activity walking alone threat score 74100,4,False,True,False,False,False,False,False,False,False,False,False,True,False,False,False,False,False,False,False,False,False,False,22
599,"AI alert — Kanchipuram silk market lane, Kanchipuram: Person shadowing female for 400 metres since 8:30 PM. Intervention dispatched.",being_followed,0.8148148148148149,769,12,8:30 PM,Tamil Nadu,val,ai alert kanchipuram silk market lane kanchipuram person shadowing female for 400 metres since 830 pm intervention dispatched,0,False,False,False,False,False,False,False,False,True,False,False,False,False,False,False,False,False,False,False,False,False,False,20
600,"Gait analysis: Female at Sivakasi fireworks factory road, Thoothukudi at 2:30 AM shows 82% distress probability. Thoothukudi Police intervention recommended.",distress_signal,0.37037037037037024,57,34,2:30 AM,Tamil Nadu,val,gait analysis female at sivakasi fireworks factory road thoothukudi at 230 am shows 82 distress probability thoothukudi police intervention recommended,1,True,False,False,False,False,False,False,False,False,False,False,False,False,False,False,False,False,True,False,False,False,False,2
601,Tirunelveli night surveillance: Camera node flagged lone female at Porur flyover footpath at 9:00 PM. Nearest police booth alerted.,lone_walking_night,0.14814814814814836,765,30,9:00 PM,Tamil Nadu,val,tirunelveli night surveillance camera node flagged lone female at porur flyover footpath at 900 pm nearest police booth alerted,3,False,False,True,False,False,False,False,False,False,False,False,False,False,False,False,False,False,False,False,True,False,False,21
602,"Single female pedestrian identified at Hosur industrial estate lane, Chennai at 11:00 PM. Isolated stretch near Hosur industrial estate lane. System flagged for monitoring.",lone_walking_night,0.22222222222222276,489,11,11:00 PM,Tamil Nadu,val,single female pedestrian identified at hosur industrial estate lane chennai at 1100 pm isolated stretch near hosur industrial estate lane system flagged for monitoring,3,False,False,True,False,False,False,False,False,False,False,False,False,False,False,False,False,False,False,False,False,False,False,23
603,"Command Centre to field unit: Respond to Goripalayam junction, Chennai. Female pedestrian safety alert. Time: 11:00 PM. Priority: HIGH.",being_followed,0.666666666666667,321,9,11:00 PM,Tamil Nadu,train,command centre to field unit respond to goripalayam junction chennai female pedestrian safety alert time 1100 pm priority high,0,False,False,False,False,False,False,False,False,False,False,False,False,False,False,False,False,False,False,False,False,False,False,23
604,"Night patrol AI report — Tambaram railway station, Vellore at 5:45 PM. Female pedestrian count: 1. App notification sent for escort service.",lone_walking_night,0.592592592592593,330,37,5:45 PM,Tamil Nadu,val,night patrol ai report tambaram railway station vellore at 545 pm female pedestrian count 1 app notification sent for escort service,3,False,False,True,False,False,False,False,False,False,False,False,False,False,False,False,False,False,False,False,False,False,True,17
605,"Female subject walking unaccompanied at Cuddalore old town street, Cuddalore at 2:30 AM. Street lights non-functional. Risk score elevated.",lone_walking_night,0.666666666666667,266,6,2:30 AM,Tamil Nadu,test,female subject walking unaccompanied at cuddalore old town street cuddalore at 230 am street lights nonfunctional risk score elevated,3,False,False,True,False,True,False,False,False,False,False,False,False,False,False,False,False,False,False,False,False,False,False,2
606,"Deep learning classifier — Vadapalani signal, Tiruchirappalli: Subject accelerated pace 40% in 2 minutes. Time: 3:30 AM. Flagged HIGH.",distress_signal,0.5185185185185186,666,45,3:30 AM,Tamil Nadu,train,deep learning classifier vadapalani signal tiruchirappalli subject accelerated pace 40 in 2 minutes time 330 am flagged high,1,True,False,False,False,False,False,False,False,False,False,False,False,False,False,False,False,False,False,True,False,False,False,3
607,"Suspicious individual following female subject for 3+ minutes near RS Puram walkway, Thanjavur at 3:00 AM. Police alerted immediately.",being_followed,0.5555555555555558,862,31,3:00 AM,Tamil Nadu,train,suspicious individual following female subject for 3 minutes near rs puram walkway thanjavur at 300 am police alerted immediately,0,False,False,False,False,False,False,False,False,False,False,False,False,False,False,False,False,True,False,False,False,False,False,3
608,"Tamil Nadu 112 Emergency integrated alert: Medical college lane, Kumbakonam at 3:00 AM. Female distress signal. Unit en route.",being_followed,0.22222222222222276,136,22,3:00 AM,Tamil Nadu,train,tamil nadu 112 emergency integrated alert medical college lane kumbakonam at 300 am female distress signal unit en route,0,False,False,False,False,False,False,False,False,False,False,True,False,False,False,False,False,False,False,False,False,False,False,3
609,"AI body language analysis at Medical college lane, Thanjavur: Subject shows defensive posture, looking over shoulder frequently. Time: 11:30 PM.",distress_signal,0.3333333333333339,34,22,11:30 PM,Tamil Nadu,test,ai body language analysis at medical college lane thanjavur subject shows defensive posture looking over shoulder frequently time 1130 pm,1,True,False,False,False,False,False,False,False,False,False,False,False,False,False,False,False,True,False,False,False,False,False,23
610,"Unattended bag flagged near woman at Noyyal river walkway, Madurai at 11:00 PM. Madurai bomb disposal team notified. Female being evacuated.",threat_detected,0.37037037037037024,660,25,11:00 PM,Tamil Nadu,train,unattended bag flagged near woman at noyyal river walkway madurai at 1100 pm madurai bomb disposal team notified female being evacuated,7,True,False,False,False,False,False,False,False,False,False,False,True,False,False,False,False,False,False,False,False,False,False,23
611,"Abnormal movement pattern: Female subject running intermittently near Thanjavur Big Temple road, Erode at 3:30 AM. Possible escape behaviour.",distress_signal,0.0740740740740744,300,38,3:30 AM,Tamil Nadu,test,abnormal movement pattern female subject running intermittently near thanjavur big temple road erode at 330 am possible escape behaviour,1,True,False,False,False,False,False,True,False,False,False,False,False,False,False,False,False,False,False,False,False,False,False,3
612,"NightWatch TN AI: Female detected at isolated Palayamkottai night road, Sivakasi at 5:45 PM. Street patrol redirected to her route.",lone_walking_night,0.14814814814814836,101,26,5:45 PM,Tamil Nadu,val,nightwatch tn ai female detected at isolated palayamkottai night road sivakasi at 545 pm street patrol redirected to her route,3,False,False,True,False,False,False,False,False,False,False,False,False,False,False,False,True,False,False,False,False,False,False,17
613,"Night patrol AI report — Peelamedu road, Thanjavur at 11:00 PM. Female pedestrian count: 1. App notification sent for escort service.",lone_walking_night,0.22222222222222276,702,28,11:00 PM,Tamil Nadu,train,night patrol ai report peelamedu road thanjavur at 1100 pm female pedestrian count 1 app notification sent for escort service,3,False,False,True,False,False,False,False,False,False,False,False,False,False,False,False,False,True,False,False,False,False,False,23
614,"AI body language analysis at Bhavani river walkway, Hosur: Subject shows defensive posture, looking over shoulder frequently. Time: 11:30 PM.",distress_signal,0.37037037037037024,83,3,11:30 PM,Tamil Nadu,train,ai body language analysis at bhavani river walkway hosur subject shows defensive posture looking over shoulder frequently time 1130 pm,1,True,False,False,False,False,False,False,True,False,False,False,False,False,False,False,False,False,False,False,False,False,False,23
615,"Unknown vehicle following female pedestrian route near Virudhunagar bus stop, Hosur. Time: 3:30 AM. TN RTO plate analysis underway.",threat_detected,0.3333333333333339,8,49,3:30 AM,Tamil Nadu,test,unknown vehicle following female pedestrian route near virudhunagar bus stop hosur time 330 am tn rto plate analysis underway,7,True,False,False,False,False,False,False,True,False,False,False,False,False,False,False,False,False,False,False,False,False,False,3
616,"AI flagged aggressive group posture near female pedestrian at Anna Nagar subway, Thoothukudi. Time: 12:30 AM. Backup from Thoothukudi Police requested.",group_harassment,0.666666666666667,323,1,12:30 AM,Tamil Nadu,train,ai flagged aggressive group posture near female pedestrian at anna nagar subway thoothukudi time 1230 am backup from thoothukudi police requested,2,False,False,False,False,False,False,False,False,False,False,False,False,False,False,False,False,False,True,False,False,False,False,0
617,"Woman jogging with earphones at Srirangam temple lane, Hosur at 3:00 AM. Regular route. No suspicious activity. Status: NORMAL.",safe,0.8148148148148149,534,35,3:00 AM,Tamil Nadu,train,woman jogging with earphones at srirangam temple lane hosur at 300 am regular route no suspicious activity status normal,5,False,True,False,False,False,False,False,True,False,False,False,False,False,False,False,False,False,False,False,False,False,False,3
618,AI surveillance flagged lone woman walking near VOC Park pathway in Thanjavur at 2:30 AM. Nearest patrol unit notified.,lone_walking_night,0.7407407407407409,896,44,2:30 AM,Tamil Nadu,train,ai surveillance flagged lone woman walking near voc park pathway in thanjavur at 230 am nearest patrol unit notified,3,False,False,True,False,False,False,False,False,False,False,False,False,False,False,False,False,True,False,False,False,False,False,2
619,Automated alert to Vellore Police: Female safety concern at Tambaram railway station at 1:00 AM. GPS coordinates transmitted.,being_followed,0.2962962962962967,396,37,1:00 AM,Tamil Nadu,val,automated alert to vellore police female safety concern at tambaram railway station at 100 am gps coordinates transmitted,0,False,False,False,False,False,False,False,False,False,False,False,False,False,False,False,False,False,False,False,False,False,True,1
620,"AI pipeline triggered at Cuddalore old town street, Tiruchirappalli camera grid at 6:30 PM. Gender: Female. Activity: Walking alone. Threat score: 74/100.",monitoring,0.2962962962962967,861,6,6:30 PM,Tamil Nadu,train,ai pipeline triggered at cuddalore old town street tiruchirappalli camera grid at 630 pm gender female activity walking alone threat score 74100,4,False,True,False,False,False,False,False,False,False,False,False,False,False,False,False,False,False,False,True,False,False,False,18
621,"Woman displaying rapid head turns and looking back repeatedly at Chromepet dark lane, Thanjavur at 10:45 PM. Distress posture detected.",distress_signal,0.925925925925926,4,4,10:45 PM,Tamil Nadu,train,woman displaying rapid head turns and looking back repeatedly at chromepet dark lane thanjavur at 1045 pm distress posture detected,1,True,False,False,False,False,False,False,False,False,False,False,False,False,False,False,False,True,False,False,False,False,False,22
622,"Pose estimation at Anna Nagar subway, Tiruppur (11:30 PM): Female subject exhibiting evasive movement. Threat assessment: ELEVATED.",suspicious_behavior,0.18518518518518556,246,1,11:30 PM,Tamil Nadu,train,pose estimation at anna nagar subway tiruppur 1130 pm female subject exhibiting evasive movement threat assessment elevated,6,True,False,False,False,False,False,False,False,False,False,False,False,False,False,False,False,False,False,False,False,True,False,23
623,"Two-person tracking alert at Chromepet dark lane, Tiruppur: Male suspect pursuing female pedestrian. Duration 5 minutes. Alert: CRITICAL.",being_followed,0.8518518518518521,890,4,9:00 PM,Tamil Nadu,test,twoperson tracking alert at chromepet dark lane tiruppur male suspect pursuing female pedestrian duration 5 minutes alert critical,0,False,False,False,False,False,False,False,False,False,False,False,False,False,False,False,False,False,False,False,False,True,False,21
624,"AI behaviour score at Velachery IT corridor, Sivakasi: Walking speed increased 40% in last 2 minutes. Time: 8:30 PM. Flagged.",suspicious_behavior,0.7777777777777781,342,47,8:30 PM,Tamil Nadu,train,ai behaviour score at velachery it corridor sivakasi walking speed increased 40 in last 2 minutes time 830 pm flagged,6,True,False,False,False,False,False,False,False,False,False,False,False,False,False,False,True,False,False,False,False,False,False,20
625,"Two women walking together near SIPCOT industrial area road, Coimbatore at 2:30 AM. Well-lit area. System status: SAFE.",safe,0.6296296296296298,190,32,2:30 AM,Tamil Nadu,train,two women walking together near sipcot industrial area road coimbatore at 230 am welllit area system status safe,5,False,True,False,True,False,False,False,False,False,False,False,False,False,False,False,False,False,False,False,False,False,False,2
626,"Camera detected group harassment at Nagercoil bus stand area, Tirunelveli at 7:45 PM. Female surrounded, unable to proceed. Emergency alert sent.",group_harassment,0.7777777777777781,638,23,7:45 PM,Tamil Nadu,val,camera detected group harassment at nagercoil bus stand area tirunelveli at 745 pm female surrounded unable to proceed emergency alert sent,2,False,False,False,False,False,False,False,False,False,False,False,False,False,False,False,False,False,False,False,True,False,False,19
627,"SOS gesture pattern detected near Tirunelveli junction footpath, Thoothukudi at 7:45 PM. Subject waving arms — possible request for help.",distress_signal,0.2962962962962967,713,42,7:45 PM,Tamil Nadu,train,sos gesture pattern detected near tirunelveli junction footpath thoothukudi at 745 pm subject waving arms possible request for help,1,True,False,False,False,False,False,False,False,False,False,False,False,False,False,False,False,False,True,False,False,False,False,19
628,Tirunelveli Urban Command Centre log: Vadapalani signal camera flagged unusual activity at 4:00 AM. Female subject under observation.,monitoring,0.18518518518518556,492,45,4:00 AM,Tamil Nadu,test,tirunelveli urban command centre log vadapalani signal camera flagged unusual activity at 400 am female subject under observation,4,False,True,False,False,False,False,False,False,False,False,False,False,False,False,False,False,False,False,False,True,False,False,4
629,"Single female pedestrian identified at SIPCOT industrial area road, Cuddalore at 6:30 PM. Isolated stretch near SIPCOT industrial area road. System flagged for monitoring.",lone_walking_night,0.2592592592592595,112,32,6:30 PM,Tamil Nadu,train,single female pedestrian identified at sipcot industrial area road cuddalore at 630 pm isolated stretch near sipcot industrial area road system flagged for monitoring,3,False,False,True,False,True,False,False,False,False,False,False,False,False,False,False,False,False,False,False,False,False,False,18
630,"Suspicious individual following female subject for 3+ minutes near Coimbatore Gandhipuram bus stop, Karur at 3:00 AM. Police alerted immediately.",being_followed,0.37037037037037024,456,5,3:00 AM,Tamil Nadu,train,suspicious individual following female subject for 3 minutes near coimbatore gandhipuram bus stop karur at 300 am police alerted immediately,0,False,False,False,False,False,False,False,False,False,True,False,False,False,False,False,False,False,False,False,False,False,False,3
631,"Night monitoring alert: Lone female pedestrian near Bhavani river walkway, Karur at 12:30 AM. Smart lighting activated along route.",lone_walking_night,0.2962962962962967,726,3,12:30 AM,Tamil Nadu,train,night monitoring alert lone female pedestrian near bhavani river walkway karur at 1230 am smart lighting activated along route,3,False,False,True,False,False,False,False,False,False,True,False,False,False,False,False,False,False,False,False,False,False,False,0
632,"Camera detected group harassment at Kumbakonam temple tank road, Karur at 9:00 PM. Female surrounded, unable to proceed. Emergency alert sent.",group_harassment,0.8148148148148149,463,16,9:00 PM,Tamil Nadu,train,camera detected group harassment at kumbakonam temple tank road karur at 900 pm female surrounded unable to proceed emergency alert sent,2,False,False,True,False,False,False,False,False,False,True,False,False,False,False,False,False,False,False,False,False,False,False,21
633,"Gait analysis — Thanjavur Big Temple road, Kanchipuram (9:30 PM): Female shows 78% distress probability. Kanchipuram Police intervention recommended.",suspicious_behavior,0.7407407407407409,877,38,9:30 PM,Tamil Nadu,train,gait analysis thanjavur big temple road kanchipuram 930 pm female shows 78 distress probability kanchipuram police intervention recommended,6,True,False,False,False,False,False,False,False,True,False,False,False,False,False,False,False,False,False,False,False,False,False,21
634,"Camera network at Goripalayam junction, Sivakasi flagged repeated path overlap at 12:30 AM. Male subject tracked across 3 camera zones.",being_followed,0.6296296296296298,905,9,12:30 AM,Tamil Nadu,train,camera network at goripalayam junction sivakasi flagged repeated path overlap at 1230 am male subject tracked across 3 camera zones,0,False,False,False,False,False,False,False,False,False,False,False,False,False,False,False,True,False,False,False,False,False,False,0
635,"TN SafeCity AI behavioural engine: Subject at Medical college lane, Vellore at 10:45 PM showing signs consistent with being followed.",suspicious_behavior,1.0,123,22,10:45 PM,Tamil Nadu,train,tn safecity ai behavioural engine subject at medical college lane vellore at 1045 pm showing signs consistent with being followed,6,True,False,False,False,False,False,False,False,False,False,False,False,False,False,False,False,False,False,False,False,False,True,22
636,"Tamil Nadu SafeCity system: Female detected alone at Erode bus terminus lane, Salem. Time: 8:00 PM. Escort service notification sent via app.",lone_walking_night,0.14814814814814836,672,8,8:00 PM,Tamil Nadu,val,tamil nadu safecity system female detected alone at erode bus terminus lane salem time 800 pm escort service notification sent via app,3,False,True,False,False,False,False,False,False,False,False,False,False,False,False,True,False,False,False,False,False,False,False,20
637,"Camera detected group harassment at Goripalayam junction, Vellore at 5:45 PM. Female surrounded, unable to proceed. Emergency alert sent.",group_harassment,0.2962962962962967,746,9,5:45 PM,Tamil Nadu,train,camera detected group harassment at goripalayam junction vellore at 545 pm female surrounded unable to proceed emergency alert sent,2,False,False,False,False,False,False,False,False,False,False,False,False,False,False,False,False,False,False,False,False,False,True,17
638,"Woman detected walking alone near Vadapalani signal, Karur at 3:00 AM. No companion visible. Area poorly lit. Tamil Nadu Police alert dispatched.",lone_walking_night,0.7777777777777781,801,45,3:00 AM,Tamil Nadu,val,woman detected walking alone near vadapalani signal karur at 300 am no companion visible area poorly lit tamil nadu police alert dispatched,3,False,False,True,False,False,False,False,False,False,True,False,False,False,False,False,False,False,False,False,False,False,False,3
639,AI surveillance flagged lone woman walking near Tiruchengode night road in Namakkal at 11:30 PM. Nearest patrol unit notified.,lone_walking_night,0.8518518518518521,114,40,11:30 PM,Tamil Nadu,val,ai surveillance flagged lone woman walking near tiruchengode night road in namakkal at 1130 pm nearest patrol unit notified,3,False,False,True,False,False,False,False,False,False,False,False,False,False,True,False,False,False,False,False,False,False,False,23
640,Karur Urban Command Centre log: Porur flyover footpath camera flagged unusual activity at 3:00 AM. Female subject under observation.,monitoring,0.5555555555555558,370,30,3:00 AM,Tamil Nadu,test,karur urban command centre log porur flyover footpath camera flagged unusual activity at 300 am female subject under observation,4,False,False,False,False,False,False,False,False,False,True,False,False,False,False,False,False,False,False,False,False,False,False,3
641,"Two-person tracking alert at VOC Park pathway, Karur: Male suspect pursuing female pedestrian. Duration 5 minutes. Alert: CRITICAL.",being_followed,0.925925925925926,167,44,3:30 AM,Tamil Nadu,train,twoperson tracking alert at voc park pathway karur male suspect pursuing female pedestrian duration 5 minutes alert critical,0,False,False,False,False,False,False,False,False,False,True,False,False,False,False,False,False,False,False,False,False,False,False,3
642,"Woman at Erode bus terminus lane, Thanjavur at 10:00 PM near ATM. Transaction completed. Moving normally. Status: SAFE.",safe,0.8148148148148149,763,8,10:00 PM,Tamil Nadu,train,woman at erode bus terminus lane thanjavur at 1000 pm near atm transaction completed moving normally status safe,5,False,True,False,False,False,False,False,False,False,False,False,False,False,False,False,False,True,False,False,False,False,False,22
643,"AI pattern detection: Unknown male mirroring woman's path at Avinashi road footpath, Madurai since 2:00 AM. High confidence tracking match.",being_followed,0.6296296296296298,468,2,2:00 AM,Tamil Nadu,train,ai pattern detection unknown male mirroring womans path at avinashi road footpath madurai since 200 am high confidence tracking match,0,False,False,False,False,False,False,False,False,False,False,False,True,False,False,False,False,False,False,False,False,False,False,2
644,"Command Centre to field unit: Respond to Coimbatore Gandhipuram bus stop, Nagercoil. Female pedestrian safety alert. Time: 9:00 PM. Priority: HIGH.",being_followed,0.44444444444444464,717,5,9:00 PM,Tamil Nadu,train,command centre to field unit respond to coimbatore gandhipuram bus stop nagercoil female pedestrian safety alert time 900 pm priority high,0,False,False,False,False,False,False,False,False,False,False,False,False,True,False,False,False,False,False,False,False,False,False,21
645,"Unknown vehicle following female pedestrian route near Srirangam temple lane, Cuddalore. Time: 4:00 AM. TN RTO plate analysis underway.",threat_detected,0.22222222222222276,865,35,4:00 AM,Tamil Nadu,train,unknown vehicle following female pedestrian route near srirangam temple lane cuddalore time 400 am tn rto plate analysis underway,7,True,False,False,False,True,False,False,False,False,False,False,False,False,False,False,False,False,False,False,False,False,False,4
646,"Command Centre to field unit: Respond to Kumbakonam temple tank road, Tiruchirappalli. Female pedestrian safety alert. Time: 7:45 PM. Priority: HIGH.",being_followed,0.8148148148148149,777,16,7:45 PM,Tamil Nadu,val,command centre to field unit respond to kumbakonam temple tank road tiruchirappalli female pedestrian safety alert time 745 pm priority high,0,False,False,False,False,False,False,False,False,False,False,False,False,False,False,False,False,False,False,True,False,False,False,19
647,"Single female pedestrian identified at Tirunelveli junction footpath, Nagercoil at 3:00 AM. Isolated stretch near Tirunelveli junction footpath. System flagged for monitoring.",lone_walking_night,0.5185185185185186,392,42,3:00 AM,Tamil Nadu,train,single female pedestrian identified at tirunelveli junction footpath nagercoil at 300 am isolated stretch near tirunelveli junction footpath system flagged for monitoring,3,False,False,True,False,False,False,False,False,False,False,False,False,True,False,False,False,False,False,False,False,False,False,3
648,"Female subject near Palayamkottai night road, Salem at 11:00 PM. Security escort confirmed by Salem Police. Status: SAFE.",safe,0.592592592592593,870,26,11:00 PM,Tamil Nadu,train,female subject near palayamkottai night road salem at 1100 pm security escort confirmed by salem police status safe,5,False,True,False,False,False,False,False,False,False,False,False,False,False,False,True,False,False,False,False,False,False,False,23
649,"TN-TJ camera grid alert — Thoothukudi port road, Tiruppur: Behaviour anomaly at 1:00 AM. Female subject flagged for monitoring.",monitoring,0.6296296296296298,578,39,1:00 AM,Tamil Nadu,val,tntj camera grid alert thoothukudi port road tiruppur behaviour anomaly at 100 am female subject flagged for monitoring,4,False,True,False,False,False,False,False,False,False,False,False,False,False,False,False,False,False,False,False,False,True,False,1
650,"Weapon-like object detected near female subject at Sivakasi fireworks factory road, Karur at 10:45 PM. Visual verification requested. Alert: HIGH.",threat_detected,0.37037037037037024,729,34,10:45 PM,Tamil Nadu,train,weaponlike object detected near female subject at sivakasi fireworks factory road karur at 1045 pm visual verification requested alert high,7,True,False,False,False,False,False,False,False,False,True,False,False,False,False,False,False,False,False,False,False,False,False,22
651,"Weapon-like object detected near female subject at Mattuthavani stand, Thanjavur at 11:30 PM. Visual verification requested. Alert: HIGH.",threat_detected,0.5185185185185186,932,21,11:30 PM,Tamil Nadu,train,weaponlike object detected near female subject at mattuthavani stand thanjavur at 1130 pm visual verification requested alert high,7,True,False,False,False,False,False,False,False,False,False,False,False,False,False,False,False,True,False,False,False,False,False,23
652,"Suspicious individual following female subject for 3+ minutes near Porur flyover footpath, Thanjavur at 8:30 PM. Police alerted immediately.",being_followed,0.0740740740740744,773,30,8:30 PM,Tamil Nadu,train,suspicious individual following female subject for 3 minutes near porur flyover footpath thanjavur at 830 pm police alerted immediately,0,False,False,False,False,False,False,False,False,False,False,False,False,False,False,False,False,True,False,False,False,False,False,20
653,"Woman detected walking alone near Erode bus terminus lane, Salem at 11:00 PM. No companion visible. Area poorly lit. Tamil Nadu Police alert dispatched.",lone_walking_night,0.2962962962962967,158,8,11:00 PM,Tamil Nadu,val,woman detected walking alone near erode bus terminus lane salem at 1100 pm no companion visible area poorly lit tamil nadu police alert dispatched,3,False,False,True,False,False,False,False,False,False,False,False,False,False,False,True,False,False,False,False,False,False,False,23
654,"AI pattern detection: Unknown male mirroring woman's path at Ammapet isolated street, Nagercoil since 4:00 AM. High confidence tracking match.",being_followed,0.8148148148148149,283,0,4:00 AM,Tamil Nadu,train,ai pattern detection unknown male mirroring womans path at ammapet isolated street nagercoil since 400 am high confidence tracking match,0,False,False,False,False,False,False,False,False,False,False,False,False,True,False,False,False,False,False,False,False,False,False,4
655,"AI pipeline triggered at Papanasam dark street, Nagercoil camera grid at 12:30 AM. Gender: Female. Activity: Walking alone. Threat score: 74/100.",monitoring,0.7777777777777781,311,27,12:30 AM,Tamil Nadu,train,ai pipeline triggered at papanasam dark street nagercoil camera grid at 1230 am gender female activity walking alone threat score 74100,4,False,True,False,False,False,False,False,False,False,False,False,False,True,False,False,False,False,False,False,False,False,False,0
656,"Stalking behaviour detected at Tambaram railway station, Cuddalore: Subject changed direction twice; follower replicated both turns. Time: 7:45 PM.",being_followed,0.1111111111111116,549,37,7:45 PM,Tamil Nadu,train,stalking behaviour detected at tambaram railway station cuddalore subject changed direction twice follower replicated both turns time 745 pm,0,False,False,False,False,True,False,False,False,False,False,False,False,False,False,False,False,False,False,False,False,False,False,19
657,"AI behaviour score at VOC Park pathway, Salem: Walking speed increased 40% in last 2 minutes. Time: 2:30 AM. Flagged.",suspicious_behavior,0.48148148148148184,457,44,2:30 AM,Tamil Nadu,train,ai behaviour score at voc park pathway salem walking speed increased 40 in last 2 minutes time 230 am flagged,6,True,False,False,False,False,False,False,False,False,False,False,False,False,False,True,False,False,False,False,False,False,False,2
658,"AI alert — Vellore CMC hospital road, Thoothukudi: Person shadowing female for 400 metres since 2:00 AM. Intervention dispatched.",being_followed,0.14814814814814836,579,48,2:00 AM,Tamil Nadu,train,ai alert vellore cmc hospital road thoothukudi person shadowing female for 400 metres since 200 am intervention dispatched,0,False,False,False,False,False,False,False,False,False,False,False,False,False,False,False,False,False,True,False,False,False,False,2
659,"Tamil Nadu SafeCity night log: Unaccompanied woman near Srirangam temple lane, Hosur at 7:45 PM. Smart lights activated along path.",lone_walking_night,0.40740740740740744,495,35,7:45 PM,Tamil Nadu,train,tamil nadu safecity night log unaccompanied woman near srirangam temple lane hosur at 745 pm smart lights activated along path,3,False,False,True,False,False,False,False,True,False,False,False,False,False,False,False,False,False,False,False,False,False,False,19
660,"Body language model — Karur textile market lane, Salem at 8:30 PM: Shoulders hunched, frequent backward glances. Risk: HIGH.",suspicious_behavior,0.1111111111111116,161,13,8:30 PM,Tamil Nadu,val,body language model karur textile market lane salem at 830 pm shoulders hunched frequent backward glances risk high,6,True,False,False,False,False,False,False,False,False,False,False,False,False,False,True,False,False,False,False,False,False,False,20
661,"Tamil Nadu SafeCity night log: Unaccompanied woman near SIPCOT industrial area road, Madurai at 1:00 AM. Smart lights activated along path.",lone_walking_night,0.3333333333333339,736,32,1:00 AM,Tamil Nadu,test,tamil nadu safecity night log unaccompanied woman near sipcot industrial area road madurai at 100 am smart lights activated along path,3,False,False,True,False,False,False,False,False,False,False,False,True,False,False,False,False,False,False,False,False,False,False,1
662,AI surveillance flagged lone woman walking near Thanjavur Big Temple road in Coimbatore at 2:00 AM. Nearest patrol unit notified.,lone_walking_night,0.7037037037037042,731,38,2:00 AM,Tamil Nadu,train,ai surveillance flagged lone woman walking near thanjavur big temple road in coimbatore at 200 am nearest patrol unit notified,3,False,False,True,True,False,False,False,False,False,False,False,False,False,False,False,False,False,False,False,False,False,False,2
663,"CCTV log — Nagercoil bus stand area, Erode: Female pedestrian in group of 4. Well-lit street. Time: 6:30 PM. SAFE.",safe,0.44444444444444464,787,23,6:30 PM,Tamil Nadu,train,cctv log nagercoil bus stand area erode female pedestrian in group of 4 welllit street time 630 pm safe,5,False,True,False,False,False,False,True,False,False,False,False,False,False,False,False,False,False,False,False,False,False,False,18
664,Automated alert to Erode Police: Female safety concern at Katpadi dark alley at 8:00 PM. GPS coordinates transmitted.,being_followed,0.925925925925926,544,14,8:00 PM,Tamil Nadu,train,automated alert to erode police female safety concern at katpadi dark alley at 800 pm gps coordinates transmitted,0,False,False,False,False,False,False,True,False,False,False,False,False,False,False,False,False,False,False,False,False,False,False,20
665,"Gait analysis: Female at Kanchipuram silk market lane, Tirunelveli at 2:00 AM shows 82% distress probability. Tirunelveli Police intervention recommended.",distress_signal,0.7407407407407409,310,12,2:00 AM,Tamil Nadu,train,gait analysis female at kanchipuram silk market lane tirunelveli at 200 am shows 82 distress probability tirunelveli police intervention recommended,1,True,False,False,False,False,False,False,False,False,False,False,False,False,False,False,False,False,False,False,True,False,False,2
666,"AI pipeline triggered at Tiruchengode night road, Nagercoil camera grid at 12:00 AM. Gender: Female. Activity: Walking alone. Threat score: 74/100.",monitoring,0.7407407407407409,181,40,12:00 AM,Tamil Nadu,train,ai pipeline triggered at tiruchengode night road nagercoil camera grid at 1200 am gender female activity walking alone threat score 74100,4,False,True,False,False,False,False,False,False,False,False,False,False,True,False,False,False,False,False,False,False,False,False,0
667,"Night patrol AI report — Bhavani river walkway, Kanchipuram at 3:00 AM. Female pedestrian count: 1. App notification sent for escort service.",lone_walking_night,0.2962962962962967,775,3,3:00 AM,Tamil Nadu,val,night patrol ai report bhavani river walkway kanchipuram at 300 am female pedestrian count 1 app notification sent for escort service,3,False,False,True,False,False,False,False,False,True,False,False,False,False,False,False,False,False,False,False,False,False,False,3
668,"Tamil Nadu SafeCity system: Female detected alone at Tiruchengode night road, Erode. Time: 10:00 PM. Escort service notification sent via app.",lone_walking_night,0.3333333333333339,134,40,10:00 PM,Tamil Nadu,test,tamil nadu safecity system female detected alone at tiruchengode night road erode time 1000 pm escort service notification sent via app,3,False,False,True,False,False,False,True,False,False,False,False,False,False,False,False,False,False,False,False,False,False,False,22
669,"Female subject near Cuddalore old town street, Dindigul at 11:00 PM. Security escort confirmed by Dindigul Police. Status: SAFE.",safe,0.0370370370370372,780,6,11:00 PM,Tamil Nadu,train,female subject near cuddalore old town street dindigul at 1100 pm security escort confirmed by dindigul police status safe,5,False,True,False,False,False,True,False,False,False,False,False,False,False,False,False,False,False,False,False,False,False,False,23
670,"Camera detected group harassment at Madurai Meenakshi temple road, Dindigul at 5:45 PM. Female surrounded, unable to proceed. Emergency alert sent.",group_harassment,0.37037037037037024,188,17,5:45 PM,Tamil Nadu,train,camera detected group harassment at madurai meenakshi temple road dindigul at 545 pm female surrounded unable to proceed emergency alert sent,2,False,False,False,False,False,True,False,False,False,False,False,False,False,False,False,False,False,False,False,False,False,False,17
671,"Abnormal movement pattern: Female subject running intermittently near Egmore metro station, Erode at 11:00 PM. Possible escape behaviour.",distress_signal,0.5185185185185186,735,7,11:00 PM,Tamil Nadu,test,abnormal movement pattern female subject running intermittently near egmore metro station erode at 1100 pm possible escape behaviour,1,True,False,False,False,False,False,True,False,False,False,False,False,False,False,False,False,False,False,False,False,False,False,23
672,"Night monitoring alert: Lone female pedestrian near Velachery IT corridor, Salem at 7:45 PM. Smart lighting activated along route.",lone_walking_night,0.5185185185185186,276,47,7:45 PM,Tamil Nadu,val,night monitoring alert lone female pedestrian near velachery it corridor salem at 745 pm smart lighting activated along route,3,False,False,True,False,False,False,False,False,False,False,False,False,False,False,True,False,False,False,False,False,False,False,19
673,"Camera network at Sivakasi fireworks factory road, Thanjavur flagged repeated path overlap at 3:30 AM. Male subject tracked across 3 camera zones.",being_followed,0.7777777777777781,616,34,3:30 AM,Tamil Nadu,train,camera network at sivakasi fireworks factory road thanjavur flagged repeated path overlap at 330 am male subject tracked across 3 camera zones,0,False,False,False,False,False,False,False,False,False,False,False,False,False,False,False,False,True,False,False,False,False,False,3
674,"Tamil Nadu SafeCity system: Female detected alone at Marina Beach road, Karur. Time: 11:00 PM. Escort service notification sent via app.",lone_walking_night,0.6296296296296298,424,18,11:00 PM,Tamil Nadu,train,tamil nadu safecity system female detected alone at marina beach road karur time 1100 pm escort service notification sent via app,3,False,False,True,False,False,False,False,False,False,True,False,False,False,False,False,False,False,False,False,False,False,False,23
675,"Female student group passing Varadharaja Perumal temple road, Tiruppur at 1:30 AM. Campus security visible nearby. SAFE.",safe,0.1111111111111116,186,46,1:30 AM,Tamil Nadu,train,female student group passing varadharaja perumal temple road tiruppur at 130 am campus security visible nearby safe,5,False,True,False,False,False,False,False,False,False,False,False,False,False,False,False,False,False,False,False,False,True,False,1
676,"AI body language analysis at Karur textile market lane, Sivakasi: Subject shows defensive posture, looking over shoulder frequently. Time: 3:00 AM.",distress_signal,0.5555555555555558,598,13,3:00 AM,Tamil Nadu,train,ai body language analysis at karur textile market lane sivakasi subject shows defensive posture looking over shoulder frequently time 300 am,1,True,False,False,False,False,False,False,False,False,False,False,False,False,False,False,True,False,False,False,False,False,False,3
677,"Emergency response triggered at Velachery IT corridor, Dindigul at 11:30 PM. Visual context sent to PCR van. ETA: 4 minutes.",being_followed,0.6296296296296298,307,47,11:30 PM,Tamil Nadu,train,emergency response triggered at velachery it corridor dindigul at 1130 pm visual context sent to pcr van eta 4 minutes,0,True,False,False,False,False,True,False,False,False,False,False,False,False,False,False,False,False,False,False,False,False,False,23
678,"AI behaviour score at Guindy underpass, Kanchipuram: Walking speed increased 40% in last 2 minutes. Time: 3:00 AM. Flagged.",suspicious_behavior,0.48148148148148184,899,10,3:00 AM,Tamil Nadu,val,ai behaviour score at guindy underpass kanchipuram walking speed increased 40 in last 2 minutes time 300 am flagged,6,True,False,False,False,False,False,False,False,True,False,False,False,False,False,False,False,False,False,False,False,False,False,3
679,"Female subject walking unaccompanied at Kanchipuram silk market lane, Sivakasi at 11:30 PM. Street lights non-functional. Risk score elevated.",lone_walking_night,0.2592592592592595,627,12,11:30 PM,Tamil Nadu,train,female subject walking unaccompanied at kanchipuram silk market lane sivakasi at 1130 pm street lights nonfunctional risk score elevated,3,False,False,True,False,False,False,False,False,False,False,False,False,False,False,False,True,False,False,False,False,False,False,23
680,"Single female pedestrian identified at Tiruchirappalli Chatram bus stop, Namakkal at 1:00 AM. Isolated stretch near Tiruchirappalli Chatram bus stop. System flagged for monitoring.",lone_walking_night,0.6296296296296298,804,41,1:00 AM,Tamil Nadu,val,single female pedestrian identified at tiruchirappalli chatram bus stop namakkal at 100 am isolated stretch near tiruchirappalli chatram bus stop system flagged for monitoring,3,False,False,True,False,False,False,False,False,False,False,False,False,False,True,False,False,False,False,False,False,False,False,1
681,"TN SafeCity AI behavioural engine: Subject at Erode bus terminus lane, Namakkal at 7:45 PM showing signs consistent with being followed.",suspicious_behavior,0.14814814814814836,28,8,7:45 PM,Tamil Nadu,train,tn safecity ai behavioural engine subject at erode bus terminus lane namakkal at 745 pm showing signs consistent with being followed,6,True,False,False,False,False,False,False,False,False,False,False,False,False,True,False,False,False,False,False,False,False,False,19
682,"Woman detected walking alone near Tiruchirappalli Chatram bus stop, Dindigul at 8:00 PM. No companion visible. Area poorly lit. Tamil Nadu Police alert dispatched.",lone_walking_night,0.592592592592593,764,41,8:00 PM,Tamil Nadu,train,woman detected walking alone near tiruchirappalli chatram bus stop dindigul at 800 pm no companion visible area poorly lit tamil nadu police alert dispatched,3,False,False,True,False,False,True,False,False,False,False,False,False,False,False,False,False,False,False,False,False,False,False,20
683,"Tamil Nadu 112 Emergency integrated alert: Chromepet dark lane, Chennai at 2:00 AM. Female distress signal. Unit en route.",being_followed,0.8518518518518521,238,4,2:00 AM,Tamil Nadu,train,tamil nadu 112 emergency integrated alert chromepet dark lane chennai at 200 am female distress signal unit en route,0,False,False,False,False,False,False,False,False,False,False,False,False,False,False,False,False,False,False,False,False,False,False,2
684,"Two women walking together near Kanchipuram silk market lane, Dindigul at 12:00 AM. Well-lit area. System status: SAFE.",safe,0.666666666666667,791,12,12:00 AM,Tamil Nadu,train,two women walking together near kanchipuram silk market lane dindigul at 1200 am welllit area system status safe,5,False,True,False,False,False,True,False,False,False,False,False,False,False,False,False,False,False,False,False,False,False,False,0
685,"Group of 3+ males surrounding female subject near Erode bus terminus lane, Kumbakonam at 11:00 PM. Subject movement restricted. Police dispatch initiated.",group_harassment,0.2962962962962967,586,8,11:00 PM,Tamil Nadu,train,group of 3 males surrounding female subject near erode bus terminus lane kumbakonam at 1100 pm subject movement restricted police dispatch initiated,2,False,False,False,False,False,False,False,False,False,False,True,False,False,False,False,False,False,False,False,False,False,False,23
686,"AI body language analysis at Tiruchengode night road, Karur: Subject shows defensive posture, looking over shoulder frequently. Time: 12:30 AM.",distress_signal,0.0,701,40,12:30 AM,Tamil Nadu,train,ai body language analysis at tiruchengode night road karur subject shows defensive posture looking over shoulder frequently time 1230 am,1,True,False,False,False,False,False,False,False,False,True,False,False,False,False,False,False,False,False,False,False,False,False,0
687,"Emergency response triggered at Madurai Meenakshi temple road, Namakkal at 10:00 PM. Visual context sent to PCR van. ETA: 4 minutes.",being_followed,0.8518518518518521,611,17,10:00 PM,Tamil Nadu,train,emergency response triggered at madurai meenakshi temple road namakkal at 1000 pm visual context sent to pcr van eta 4 minutes,0,False,False,False,False,False,False,False,False,False,False,False,False,False,True,False,False,False,False,False,False,False,False,22
688,"SmartCity TN surveillance — Egmore metro station, Hosur, 2:30 AM: Face anonymised. Gender: Female. Motion: Walking alone.",monitoring,0.8518518518518521,401,7,2:30 AM,Tamil Nadu,train,smartcity tn surveillance egmore metro station hosur 230 am face anonymised gender female motion walking alone,4,False,True,False,False,False,False,False,True,False,False,False,False,False,False,False,False,False,False,False,False,False,False,2
689,"Two women walking together near Avinashi road footpath, Erode at 1:00 AM. Well-lit area. System status: SAFE.",safe,0.7777777777777781,35,2,1:00 AM,Tamil Nadu,train,two women walking together near avinashi road footpath erode at 100 am welllit area system status safe,5,False,True,False,False,False,False,True,False,False,False,False,False,False,False,False,False,False,False,False,False,False,False,1
690,"Female student group passing Nagercoil bus stand area, Tirunelveli at 1:30 AM. Campus security visible nearby. SAFE.",safe,0.7407407407407409,678,23,1:30 AM,Tamil Nadu,train,female student group passing nagercoil bus stand area tirunelveli at 130 am campus security visible nearby safe,5,False,True,False,False,False,False,False,False,False,False,False,False,False,False,False,False,False,False,False,True,False,False,1
691,"Tamil Nadu CCTV integration alert: Kumbakonam temple tank road, Namakkal at 7:45 PM. Cross-camera tracking active across 3 zones.",monitoring,0.9629629629629632,432,16,7:45 PM,Tamil Nadu,val,tamil nadu cctv integration alert kumbakonam temple tank road namakkal at 745 pm crosscamera tracking active across 3 zones,4,False,True,False,False,False,False,False,False,False,False,False,False,False,True,False,False,False,False,False,False,False,False,19
692,"Night monitoring alert: Lone female pedestrian near Velachery IT corridor, Madurai at 7:45 PM. Smart lighting activated along route.",lone_walking_night,0.6296296296296298,664,47,7:45 PM,Tamil Nadu,train,night monitoring alert lone female pedestrian near velachery it corridor madurai at 745 pm smart lighting activated along route,3,False,False,True,False,False,False,False,False,False,False,False,True,False,False,False,False,False,False,False,False,False,False,19
693,"Camera network at Guindy underpass, Erode flagged repeated path overlap at 4:00 AM. Male subject tracked across 3 camera zones.",being_followed,0.18518518518518556,619,10,4:00 AM,Tamil Nadu,train,camera network at guindy underpass erode flagged repeated path overlap at 400 am male subject tracked across 3 camera zones,0,False,False,False,False,False,False,True,False,False,False,False,False,False,False,False,False,False,False,False,False,False,False,4
694,"Tamil Nadu SafeCity night log: Unaccompanied woman near Thanjavur Big Temple road, Hosur at 3:30 AM. Smart lights activated along path.",lone_walking_night,0.14814814814814836,172,38,3:30 AM,Tamil Nadu,train,tamil nadu safecity night log unaccompanied woman near thanjavur big temple road hosur at 330 am smart lights activated along path,3,False,False,True,False,False,False,False,True,False,False,False,False,False,False,False,False,False,False,False,False,False,False,3
695,"Two women walking together near Guindy underpass, Thoothukudi at 10:45 PM. Well-lit area. System status: SAFE.",safe,0.0740740740740744,665,10,10:45 PM,Tamil Nadu,train,two women walking together near guindy underpass thoothukudi at 1045 pm welllit area system status safe,5,False,True,False,False,False,False,False,False,False,False,False,False,False,False,False,False,False,True,False,False,False,False,22
696,"NightWatch TN AI: Female detected at isolated Peelamedu road, Tiruppur at 7:45 PM. Street patrol redirected to her route.",lone_walking_night,0.0370370370370372,69,28,7:45 PM,Tamil Nadu,train,nightwatch tn ai female detected at isolated peelamedu road tiruppur at 745 pm street patrol redirected to her route,3,False,False,True,False,False,False,False,False,False,False,False,False,False,False,False,False,False,False,False,False,True,False,19
697,"Low-light camera activated at VOC Park pathway, Tiruppur at 12:30 AM. Thermal imaging shows lone female. Safe passage protocol triggered.",lone_walking_night,0.3333333333333339,413,44,12:30 AM,Tamil Nadu,train,lowlight camera activated at voc park pathway tiruppur at 1230 am thermal imaging shows lone female safe passage protocol triggered,3,False,False,True,False,False,False,False,False,False,False,False,False,False,False,False,False,False,False,False,False,True,False,0
698,"Camera network at Goripalayam junction, Hosur flagged repeated path overlap at 10:00 PM. Male subject tracked across 3 camera zones.",being_followed,0.925925925925926,822,9,10:00 PM,Tamil Nadu,val,camera network at goripalayam junction hosur flagged repeated path overlap at 1000 pm male subject tracked across 3 camera zones,0,False,False,False,False,False,False,False,True,False,False,False,False,False,False,False,False,False,False,False,False,False,False,22
699,AI surveillance flagged lone woman walking near Tirunelveli junction footpath in Erode at 10:45 PM. Nearest patrol unit notified.,lone_walking_night,0.14814814814814836,799,42,10:45 PM,Tamil Nadu,test,ai surveillance flagged lone woman walking near tirunelveli junction footpath in erode at 1045 pm nearest patrol unit notified,3,False,False,True,False,False,False,True,False,False,False,False,False,False,False,False,False,False,False,False,False,False,False,22
700,"Woman displaying rapid head turns and looking back repeatedly at Srirangam temple lane, Thoothukudi at 7:45 PM. Distress posture detected.",distress_signal,0.14814814814814836,78,35,7:45 PM,Tamil Nadu,train,woman displaying rapid head turns and looking back repeatedly at srirangam temple lane thoothukudi at 745 pm distress posture detected,1,True,False,False,False,False,False,False,False,False,False,False,False,False,False,False,False,False,True,False,False,False,False,19
701,Kumbakonam SafeCity alert: Eve-teasing behaviour flagged at Marthandam road at 6:30 PM. All India Women Helpline 181 notified.,group_harassment,0.18518518518518556,322,19,6:30 PM,Tamil Nadu,train,kumbakonam safecity alert eveteasing behaviour flagged at marthandam road at 630 pm all india women helpline 181 notified,2,False,False,False,False,False,False,False,False,False,False,True,False,False,False,False,False,False,False,False,False,False,False,18
702,"Night patrol AI report — Namakkal lorry stand area, Tirunelveli at 2:30 AM. Female pedestrian count: 1. App notification sent for escort service.",lone_walking_night,0.7407407407407409,427,24,2:30 AM,Tamil Nadu,train,night patrol ai report namakkal lorry stand area tirunelveli at 230 am female pedestrian count 1 app notification sent for escort service,3,False,False,True,False,False,False,False,False,False,False,False,False,False,False,False,False,False,False,False,True,False,False,2
703,"Camera node TN-TV-47 at Tiruchengode night road, Tiruchirappalli detected abnormal motion at 6:30 PM. Female pedestrian in frame. Analysis running.",monitoring,0.2962962962962967,816,40,6:30 PM,Tamil Nadu,train,camera node tntv47 at tiruchengode night road tiruchirappalli detected abnormal motion at 630 pm female pedestrian in frame analysis running,4,False,True,False,False,False,False,False,False,False,False,False,False,False,False,False,False,False,False,True,False,False,False,18
704,"Single female pedestrian identified at VOC Park pathway, Dindigul at 3:00 AM. Isolated stretch near VOC Park pathway. System flagged for monitoring.",lone_walking_night,0.0370370370370372,675,44,3:00 AM,Tamil Nadu,val,single female pedestrian identified at voc park pathway dindigul at 300 am isolated stretch near voc park pathway system flagged for monitoring,3,False,False,True,False,False,True,False,False,False,False,False,False,False,False,False,False,False,False,False,False,False,False,3
705,"Gait analysis: Female at SIPCOT industrial area road, Dindigul at 12:00 AM shows 82% distress probability. Dindigul Police intervention recommended.",distress_signal,0.0740740740740744,590,32,12:00 AM,Tamil Nadu,train,gait analysis female at sipcot industrial area road dindigul at 1200 am shows 82 distress probability dindigul police intervention recommended,1,True,False,False,False,False,True,False,False,False,False,False,False,False,False,False,False,False,False,False,False,False,False,0
706,"TN-SL camera grid alert — Egmore metro station, Vellore: Behaviour anomaly at 8:00 PM. Female subject flagged for monitoring.",monitoring,0.7407407407407409,479,7,8:00 PM,Tamil Nadu,train,tnsl camera grid alert egmore metro station vellore behaviour anomaly at 800 pm female subject flagged for monitoring,4,False,True,False,False,False,False,False,False,False,False,False,False,False,False,False,False,False,False,False,False,False,True,20
707,"Night monitoring alert: Lone female pedestrian near Egmore metro station, Hosur at 1:30 AM. Smart lighting activated along route.",lone_walking_night,0.8888888888888888,425,7,1:30 AM,Tamil Nadu,train,night monitoring alert lone female pedestrian near egmore metro station hosur at 130 am smart lighting activated along route,3,False,False,True,False,False,False,False,True,False,False,False,False,False,False,False,False,False,False,False,False,False,False,1
708,Salem Command Centre: Female being followed near Vadapalani signal at 9:00 PM. Visual context sent to nearest PCR van.,being_followed,0.37037037037037024,451,45,9:00 PM,Tamil Nadu,train,salem command centre female being followed near vadapalani signal at 900 pm visual context sent to nearest pcr van,0,True,False,False,False,False,False,False,False,False,False,False,False,False,False,True,False,False,False,False,False,False,False,21
709,"SOS gesture pattern detected near Porur flyover footpath, Tiruppur at 10:00 PM. Subject waving arms — possible request for help.",distress_signal,0.0740740740740744,183,30,10:00 PM,Tamil Nadu,train,sos gesture pattern detected near porur flyover footpath tiruppur at 1000 pm subject waving arms possible request for help,1,True,False,False,False,False,False,False,False,False,False,False,False,False,False,False,False,False,False,False,False,True,False,22
710,"Night patrol AI report — Marthandam road, Madurai at 10:45 PM. Female pedestrian count: 1. App notification sent for escort service.",lone_walking_night,0.3333333333333339,412,19,10:45 PM,Tamil Nadu,train,night patrol ai report marthandam road madurai at 1045 pm female pedestrian count 1 app notification sent for escort service,3,False,False,False,False,False,False,False,False,False,False,False,True,False,False,False,False,False,False,False,False,False,False,22
711,"TN SafeCity AI behavioural engine: Subject at Coimbatore Gandhipuram bus stop, Kumbakonam at 11:30 PM showing signs consistent with being followed.",suspicious_behavior,0.5185185185185186,588,5,11:30 PM,Tamil Nadu,train,tn safecity ai behavioural engine subject at coimbatore gandhipuram bus stop kumbakonam at 1130 pm showing signs consistent with being followed,6,True,False,False,False,False,False,False,False,False,False,True,False,False,False,False,False,False,False,False,False,False,False,23
712,"NightWatch TN AI: Female detected at isolated Vadapalani signal, Tiruchirappalli at 6:30 PM. Street patrol redirected to her route.",lone_walking_night,0.48148148148148184,741,45,6:30 PM,Tamil Nadu,train,nightwatch tn ai female detected at isolated vadapalani signal tiruchirappalli at 630 pm street patrol redirected to her route,3,False,False,True,False,False,False,False,False,False,False,False,False,False,False,False,False,False,False,True,False,False,False,18
713,"Camera network at Vellore CMC hospital road, Erode flagged repeated path overlap at 4:00 AM. Male subject tracked across 3 camera zones.",being_followed,0.8518518518518521,524,48,4:00 AM,Tamil Nadu,val,camera network at vellore cmc hospital road erode flagged repeated path overlap at 400 am male subject tracked across 3 camera zones,0,False,False,False,False,False,False,True,False,False,False,False,False,False,False,False,False,False,False,False,False,False,False,4
714,"AI alert — Mattuthavani stand, Kumbakonam: Person shadowing female for 400 metres since 7:45 PM. Intervention dispatched.",being_followed,0.44444444444444464,339,21,7:45 PM,Tamil Nadu,test,ai alert mattuthavani stand kumbakonam person shadowing female for 400 metres since 745 pm intervention dispatched,0,False,False,False,False,False,False,False,False,False,False,True,False,False,False,False,False,False,False,False,False,False,False,19
715,"Tamil Nadu SafeCity night log: Unaccompanied woman near Hosur industrial estate lane, Tiruchirappalli at 6:30 PM. Smart lights activated along path.",lone_walking_night,0.18518518518518556,483,11,6:30 PM,Tamil Nadu,train,tamil nadu safecity night log unaccompanied woman near hosur industrial estate lane tiruchirappalli at 630 pm smart lights activated along path,3,False,True,False,False,False,False,False,False,False,False,False,False,False,False,False,False,False,False,True,False,False,False,18
716,"Low-light camera activated at Kumbakonam temple tank road, Chennai at 3:00 AM. Thermal imaging shows lone female. Safe passage protocol triggered.",lone_walking_night,0.8518518518518521,26,16,3:00 AM,Tamil Nadu,val,lowlight camera activated at kumbakonam temple tank road chennai at 300 am thermal imaging shows lone female safe passage protocol triggered,3,False,False,True,False,False,False,False,False,False,False,False,False,False,False,False,False,False,False,False,False,False,False,3
717,Automated alert to Kanchipuram Police: Female safety concern at Thoothukudi port road at 1:00 AM. GPS coordinates transmitted.,being_followed,0.40740740740740744,697,39,1:00 AM,Tamil Nadu,train,automated alert to kanchipuram police female safety concern at thoothukudi port road at 100 am gps coordinates transmitted,0,False,False,False,False,False,False,False,False,True,False,False,False,False,False,False,False,False,False,False,False,False,False,1
718,AI surveillance flagged lone woman walking near Kumbakonam temple tank road in Tiruchirappalli at 11:30 PM. Nearest patrol unit notified.,lone_walking_night,0.7777777777777781,95,16,11:30 PM,Tamil Nadu,train,ai surveillance flagged lone woman walking near kumbakonam temple tank road in tiruchirappalli at 1130 pm nearest patrol unit notified,3,False,False,True,False,False,False,False,False,False,False,False,False,False,False,False,False,False,False,True,False,False,False,23
719,"Pose estimation at Mathigiri isolated path, Thoothukudi (8:30 PM): Female subject exhibiting evasive movement. Threat assessment: ELEVATED.",suspicious_behavior,0.0,207,20,8:30 PM,Tamil Nadu,train,pose estimation at mathigiri isolated path thoothukudi 830 pm female subject exhibiting evasive movement threat assessment elevated,6,True,False,False,False,False,False,False,False,False,False,False,False,False,False,False,False,False,True,False,False,False,False,20
720,"CCTV log — Varadharaja Perumal temple road, Nagercoil: Female pedestrian in group of 4. Well-lit street. Time: 4:00 AM. SAFE.",safe,0.6296296296296298,43,46,4:00 AM,Tamil Nadu,train,cctv log varadharaja perumal temple road nagercoil female pedestrian in group of 4 welllit street time 400 am safe,5,False,True,False,False,False,False,False,False,False,False,False,False,True,False,False,False,False,False,False,False,False,False,4
721,"AI pattern detection: Unknown male mirroring woman's path at RS Puram walkway, Dindigul since 8:00 PM. High confidence tracking match.",being_followed,0.1111111111111116,203,31,8:00 PM,Tamil Nadu,val,ai pattern detection unknown male mirroring womans path at rs puram walkway dindigul since 800 pm high confidence tracking match,0,False,False,False,False,False,True,False,False,False,False,False,False,False,False,False,False,False,False,False,False,False,False,20
722,Cuddalore Urban Command Centre log: Hosur industrial estate lane camera flagged unusual activity at 1:30 AM. Female subject under observation.,monitoring,0.666666666666667,445,11,1:30 AM,Tamil Nadu,test,cuddalore urban command centre log hosur industrial estate lane camera flagged unusual activity at 130 am female subject under observation,4,False,True,False,False,True,False,False,False,False,False,False,False,False,False,False,False,False,False,False,False,False,False,1
723,"SOS gesture pattern detected near Nagercoil bus stand area, Salem at 8:00 PM. Subject waving arms — possible request for help.",distress_signal,0.18518518518518556,17,23,8:00 PM,Tamil Nadu,train,sos gesture pattern detected near nagercoil bus stand area salem at 800 pm subject waving arms possible request for help,1,True,False,False,False,False,False,False,False,False,False,False,False,False,False,True,False,False,False,False,False,False,False,20
724,"TN-TD camera grid alert — Peelamedu road, Chennai: Behaviour anomaly at 9:30 PM. Female subject flagged for monitoring.",monitoring,0.6296296296296298,515,28,9:30 PM,Tamil Nadu,train,tntd camera grid alert peelamedu road chennai behaviour anomaly at 930 pm female subject flagged for monitoring,4,False,True,False,False,False,False,False,False,False,False,False,False,False,False,False,False,False,False,False,False,False,False,21
725,"AI body language analysis at Nagercoil bus stand area, Tirunelveli: Subject shows defensive posture, looking over shoulder frequently. Time: 9:30 PM.",distress_signal,0.8518518518518521,679,23,9:30 PM,Tamil Nadu,test,ai body language analysis at nagercoil bus stand area tirunelveli subject shows defensive posture looking over shoulder frequently time 930 pm,1,True,False,False,False,False,False,False,False,False,False,False,False,False,False,False,False,False,False,False,True,False,False,21
726,"AI flagged aggressive group posture near female pedestrian at Sivakasi fireworks factory road, Namakkal. Time: 5:45 PM. Backup from Namakkal Police requested.",group_harassment,0.44444444444444464,564,34,5:45 PM,Tamil Nadu,test,ai flagged aggressive group posture near female pedestrian at sivakasi fireworks factory road namakkal time 545 pm backup from namakkal police requested,2,False,False,False,False,False,False,False,False,False,False,False,False,False,True,False,False,False,False,False,False,False,False,17
727,"Woman at Cuddalore old town street, Chennai at 4:00 AM near ATM. Transaction completed. Moving normally. Status: SAFE.",safe,0.40740740740740744,840,6,4:00 AM,Tamil Nadu,val,woman at cuddalore old town street chennai at 400 am near atm transaction completed moving normally status safe,5,False,True,False,False,False,False,False,False,False,False,False,False,False,False,False,False,False,False,False,False,False,False,4
728,"Deep learning classifier — RS Puram walkway, Kumbakonam: Lone female, night scene, isolated path, 1:00 AM. Risk score: 87/100.",suspicious_behavior,0.7407407407407409,33,31,1:00 AM,Tamil Nadu,train,deep learning classifier rs puram walkway kumbakonam lone female night scene isolated path 100 am risk score 87100,6,True,False,False,False,False,False,False,False,False,False,True,False,False,False,False,False,False,False,False,False,False,False,1
729,"Suspicious individual following female subject for 3+ minutes near Hosur industrial estate lane, Madurai at 1:00 AM. Police alerted immediately.",being_followed,0.22222222222222276,377,11,1:00 AM,Tamil Nadu,train,suspicious individual following female subject for 3 minutes near hosur industrial estate lane madurai at 100 am police alerted immediately,0,False,False,False,False,False,False,False,False,False,False,False,True,False,False,False,False,False,False,False,False,False,False,1
730,"Night patrol AI report — Hosur industrial estate lane, Kanchipuram at 8:00 PM. Female pedestrian count: 1. App notification sent for escort service.",lone_walking_night,0.8888888888888888,317,11,8:00 PM,Tamil Nadu,val,night patrol ai report hosur industrial estate lane kanchipuram at 800 pm female pedestrian count 1 app notification sent for escort service,3,True,False,False,False,False,False,False,False,True,False,False,False,False,False,False,False,False,False,False,False,False,False,20
731,"Command Centre to field unit: Respond to Virudhunagar bus stop, Kanchipuram. Female pedestrian safety alert. Time: 2:30 AM. Priority: HIGH.",being_followed,0.18518518518518556,662,49,2:30 AM,Tamil Nadu,train,command centre to field unit respond to virudhunagar bus stop kanchipuram female pedestrian safety alert time 230 am priority high,0,False,True,False,False,False,False,False,False,True,False,False,False,False,False,False,False,False,False,False,False,False,False,2
732,"Tamil Nadu CCTV integration alert: Egmore metro station, Vellore at 2:00 AM. Cross-camera tracking active across 3 zones.",monitoring,0.44444444444444464,265,7,2:00 AM,Tamil Nadu,train,tamil nadu cctv integration alert egmore metro station vellore at 200 am crosscamera tracking active across 3 zones,4,False,True,False,False,False,False,False,False,False,False,False,False,False,False,False,False,False,False,False,False,False,True,2
733,Automated alert to Thoothukudi Police: Female safety concern at Chromepet dark lane at 4:00 AM. GPS coordinates transmitted.,being_followed,0.2962962962962967,144,4,4:00 AM,Tamil Nadu,val,automated alert to thoothukudi police female safety concern at chromepet dark lane at 400 am gps coordinates transmitted,0,False,False,False,False,False,False,False,False,False,False,False,False,False,False,False,False,False,True,False,False,False,False,4
734,Real-time alert dispatched. Nagercoil Police Unit notified of situation at Tambaram railway station. Timestamp: 12:30 AM. TNSP coordinating.,being_followed,0.48148148148148184,421,37,12:30 AM,Tamil Nadu,train,realtime alert dispatched nagercoil police unit notified of situation at tambaram railway station timestamp 1230 am tnsp coordinating,0,False,False,False,False,False,False,False,False,False,False,False,False,True,False,False,False,False,False,False,False,False,False,0
735,"Camera detected group harassment at SIPCOT industrial area road, Nagercoil at 11:00 PM. Female surrounded, unable to proceed. Emergency alert sent.",group_harassment,0.3333333333333339,727,32,11:00 PM,Tamil Nadu,val,camera detected group harassment at sipcot industrial area road nagercoil at 1100 pm female surrounded unable to proceed emergency alert sent,2,False,False,False,False,False,False,False,False,False,False,False,False,True,False,False,False,False,False,False,False,False,False,23
736,"Body language model — Goripalayam junction, Tiruchirappalli at 6:30 PM: Shoulders hunched, frequent backward glances. Risk: HIGH.",suspicious_behavior,0.6296296296296298,382,9,6:30 PM,Tamil Nadu,train,body language model goripalayam junction tiruchirappalli at 630 pm shoulders hunched frequent backward glances risk high,6,True,False,False,False,False,False,False,False,False,False,False,False,False,False,False,False,False,False,True,False,False,False,18
737,"Camera node TN-TJ-47 at Nagercoil bus stand area, Vellore detected abnormal motion at 3:30 AM. Female pedestrian in frame. Analysis running.",monitoring,0.5185185185185186,637,23,3:30 AM,Tamil Nadu,train,camera node tntj47 at nagercoil bus stand area vellore detected abnormal motion at 330 am female pedestrian in frame analysis running,4,False,True,False,False,False,False,False,False,False,False,False,False,False,False,False,False,False,False,False,False,False,True,3
738,"Command Centre to field unit: Respond to Vadapalani signal, Thanjavur. Female pedestrian safety alert. Time: 5:45 PM. Priority: HIGH.",being_followed,0.14814814814814836,861,45,5:45 PM,Tamil Nadu,train,command centre to field unit respond to vadapalani signal thanjavur female pedestrian safety alert time 545 pm priority high,0,False,False,False,False,False,False,False,False,False,False,False,False,False,False,False,False,True,False,False,False,False,False,17
739,"Emergency response triggered at Egmore metro station, Chennai at 10:45 PM. Visual context sent to PCR van. ETA: 4 minutes.",being_followed,0.44444444444444464,431,7,10:45 PM,Tamil Nadu,val,emergency response triggered at egmore metro station chennai at 1045 pm visual context sent to pcr van eta 4 minutes,0,False,False,False,False,False,False,False,False,False,False,False,False,False,False,False,False,False,False,False,False,False,False,22
740,"Suspicious individual following female subject for 3+ minutes near Madurai Meenakshi temple road, Sivakasi at 12:30 AM. Police alerted immediately.",being_followed,0.0370370370370372,793,17,12:30 AM,Tamil Nadu,train,suspicious individual following female subject for 3 minutes near madurai meenakshi temple road sivakasi at 1230 am police alerted immediately,0,False,False,False,False,False,False,False,False,False,False,False,False,False,False,False,True,False,False,False,False,False,False,0
741,"CCTV log — Nagercoil bus stand area, Hosur: Female pedestrian in group of 4. Well-lit street. Time: 1:30 AM. SAFE.",safe,0.925925925925926,348,23,1:30 AM,Tamil Nadu,train,cctv log nagercoil bus stand area hosur female pedestrian in group of 4 welllit street time 130 am safe,5,False,True,False,False,False,False,False,True,False,False,False,False,False,False,False,False,False,False,False,False,False,False,1
742,"Camera detected group harassment at Cuddalore old town street, Vellore at 12:30 AM. Female surrounded, unable to proceed. Emergency alert sent.",group_harassment,0.18518518518518556,480,6,12:30 AM,Tamil Nadu,train,camera detected group harassment at cuddalore old town street vellore at 1230 am female surrounded unable to proceed emergency alert sent,2,False,False,False,False,False,False,False,False,False,False,False,False,False,False,False,False,False,False,False,False,False,True,0
743,CCTV alert — Karur: Woman walking alone at Namakkal lorry stand area at 6:30 PM. No other pedestrians within 50 metres.,lone_walking_night,0.0740740740740744,175,24,6:30 PM,Tamil Nadu,val,cctv alert karur woman walking alone at namakkal lorry stand area at 630 pm no other pedestrians within 50 metres,3,False,False,True,False,False,False,False,False,False,True,False,False,False,False,False,False,False,False,False,False,False,False,18
744,Real-time alert dispatched. Tiruppur Police Unit notified of situation at Madurai Meenakshi temple road. Timestamp: 3:00 AM. TNSP coordinating.,being_followed,0.9629629629629632,395,17,3:00 AM,Tamil Nadu,train,realtime alert dispatched tiruppur police unit notified of situation at madurai meenakshi temple road timestamp 300 am tnsp coordinating,0,False,False,False,False,False,False,False,False,False,False,False,False,False,False,False,False,False,False,False,False,True,False,3
745,"Abnormal movement pattern: Female subject running intermittently near Koyambedu market, Chennai at 2:00 AM. Possible escape behaviour.",distress_signal,0.9629629629629632,749,15,2:00 AM,Tamil Nadu,train,abnormal movement pattern female subject running intermittently near koyambedu market chennai at 200 am possible escape behaviour,1,True,False,False,False,False,False,False,False,False,False,False,False,False,False,False,False,False,False,False,False,False,False,2
746,"Group of 3+ males surrounding female subject near Thanjavur Big Temple road, Erode at 2:30 AM. Subject movement restricted. Police dispatch initiated.",group_harassment,0.666666666666667,109,38,2:30 AM,Tamil Nadu,train,group of 3 males surrounding female subject near thanjavur big temple road erode at 230 am subject movement restricted police dispatch initiated,2,False,False,False,False,False,False,True,False,False,False,False,False,False,False,False,False,False,False,False,False,False,False,2
747,"Two-person tracking alert at Srirangam temple lane, Hosur: Male suspect pursuing female pedestrian. Duration 5 minutes. Alert: CRITICAL.",being_followed,0.7777777777777781,551,35,8:30 PM,Tamil Nadu,train,twoperson tracking alert at srirangam temple lane hosur male suspect pursuing female pedestrian duration 5 minutes alert critical,0,False,False,False,False,False,False,False,True,False,False,False,False,False,False,False,False,False,False,False,False,False,False,20
748,"Tamil Nadu SafeCity night log: Unaccompanied woman near Katpadi dark alley, Hosur at 3:00 AM. Smart lights activated along path.",lone_walking_night,1.0,631,14,3:00 AM,Tamil Nadu,train,tamil nadu safecity night log unaccompanied woman near katpadi dark alley hosur at 300 am smart lights activated along path,3,False,False,True,False,False,False,False,True,False,False,False,False,False,False,False,False,False,False,False,False,False,False,3
749,"Abnormal movement pattern: Female subject running intermittently near Nagercoil bus stand area, Tirunelveli at 10:00 PM. Possible escape behaviour.",distress_signal,0.925925925925926,640,23,10:00 PM,Tamil Nadu,train,abnormal movement pattern female subject running intermittently near nagercoil bus stand area tirunelveli at 1000 pm possible escape behaviour,1,True,False,False,False,False,False,False,False,False,False,False,False,False,False,False,False,False,False,False,True,False,False,22
750,"Tamil Nadu SafeCity system: Female detected alone at Koyambedu market, Dindigul. Time: 1:00 AM. Escort service notification sent via app.",lone_walking_night,0.22222222222222276,7,15,1:00 AM,Tamil Nadu,train,tamil nadu safecity system female detected alone at koyambedu market dindigul time 100 am escort service notification sent via app,3,False,False,True,False,False,True,False,False,False,False,False,False,False,False,False,False,False,False,False,False,False,False,1
751,AI surveillance flagged lone woman walking near Tiruchirappalli Chatram bus stop in Chennai at 2:00 AM. Nearest patrol unit notified.,lone_walking_night,0.0,920,41,2:00 AM,Tamil Nadu,val,ai surveillance flagged lone woman walking near tiruchirappalli chatram bus stop in chennai at 200 am nearest patrol unit notified,3,False,False,True,False,False,False,False,False,False,False,False,False,False,False,False,False,False,False,False,False,False,False,2
752,"Tamil Nadu 112 Emergency integrated alert: Palayamkottai night road, Thoothukudi at 10:00 PM. Female distress signal. Unit en route.",being_followed,0.7037037037037042,219,26,10:00 PM,Tamil Nadu,val,tamil nadu 112 emergency integrated alert palayamkottai night road thoothukudi at 1000 pm female distress signal unit en route,0,False,False,False,False,False,False,False,False,False,False,False,False,False,False,False,False,False,True,False,False,False,False,22
753,"SOS gesture pattern detected near Kumbakonam temple tank road, Madurai at 3:00 AM. Subject waving arms — possible request for help.",distress_signal,0.22222222222222276,533,16,3:00 AM,Tamil Nadu,train,sos gesture pattern detected near kumbakonam temple tank road madurai at 300 am subject waving arms possible request for help,1,True,False,False,False,False,False,False,False,False,False,False,True,False,False,False,False,False,False,False,False,False,False,3
754,"Deep learning classifier — Marthandam road, Coimbatore: Subject accelerated pace 40% in 2 minutes. Time: 3:30 AM. Flagged HIGH.",distress_signal,0.9629629629629632,864,19,3:30 AM,Tamil Nadu,train,deep learning classifier marthandam road coimbatore subject accelerated pace 40 in 2 minutes time 330 am flagged high,1,True,False,False,True,False,False,False,False,False,False,False,False,False,False,False,False,False,False,False,False,False,False,3
755,"Woman at Mattuthavani stand, Sivakasi at 1:30 AM near ATM. Transaction completed. Moving normally. Status: SAFE.",safe,0.18518518518518556,558,21,1:30 AM,Tamil Nadu,train,woman at mattuthavani stand sivakasi at 130 am near atm transaction completed moving normally status safe,5,False,True,False,False,False,False,False,False,False,False,False,False,False,False,False,True,False,False,False,False,False,False,1
756,"Unknown vehicle following female pedestrian route near Salem Steel Plant road, Sivakasi. Time: 2:00 AM. TN RTO plate analysis underway.",threat_detected,0.7037037037037042,446,33,2:00 AM,Tamil Nadu,train,unknown vehicle following female pedestrian route near salem steel plant road sivakasi time 200 am tn rto plate analysis underway,7,True,False,False,False,False,False,False,False,False,False,False,False,False,False,False,True,False,False,False,False,False,False,2
757,"Single female pedestrian identified at Palayamkottai night road, Tiruppur at 12:00 AM. Isolated stretch near Palayamkottai night road. System flagged for monitoring.",lone_walking_night,0.666666666666667,820,26,12:00 AM,Tamil Nadu,train,single female pedestrian identified at palayamkottai night road tiruppur at 1200 am isolated stretch near palayamkottai night road system flagged for monitoring,3,False,False,True,False,False,False,False,False,False,False,False,False,False,False,False,False,False,False,False,False,True,False,0
758,"Abnormal movement pattern: Female subject running intermittently near Sivakasi fireworks factory road, Karur at 10:45 PM. Possible escape behaviour.",distress_signal,0.592592592592593,67,34,10:45 PM,Tamil Nadu,train,abnormal movement pattern female subject running intermittently near sivakasi fireworks factory road karur at 1045 pm possible escape behaviour,1,True,False,False,False,False,False,False,False,False,True,False,False,False,False,False,False,False,False,False,False,False,False,22
759,"AI pipeline triggered at Avinashi road footpath, Vellore camera grid at 11:00 PM. Gender: Female. Activity: Walking alone. Threat score: 74/100.",monitoring,0.0370370370370372,212,2,11:00 PM,Tamil Nadu,train,ai pipeline triggered at avinashi road footpath vellore camera grid at 1100 pm gender female activity walking alone threat score 74100,4,False,True,False,False,False,False,False,False,False,False,False,False,False,False,False,False,False,False,False,False,False,True,23
760,"Female pedestrian walking with companion near Tiruchirappalli Chatram bus stop, Kanchipuram at 10:45 PM. No threats detected. Status: SAFE.",safe,0.5555555555555558,761,41,10:45 PM,Tamil Nadu,train,female pedestrian walking with companion near tiruchirappalli chatram bus stop kanchipuram at 1045 pm no threats detected status safe,5,False,True,False,False,False,False,False,False,True,False,False,False,False,False,False,False,False,False,False,False,False,False,22
761,"Unknown vehicle following female pedestrian route near Tiruchirappalli Chatram bus stop, Erode. Time: 9:30 PM. TN RTO plate analysis underway.",threat_detected,0.6296296296296298,925,41,9:30 PM,Tamil Nadu,train,unknown vehicle following female pedestrian route near tiruchirappalli chatram bus stop erode time 930 pm tn rto plate analysis underway,7,True,False,False,False,False,False,True,False,False,False,False,False,False,False,False,False,False,False,False,False,False,False,21
762,"Female student group passing Palayamkottai night road, Tiruchirappalli at 8:00 PM. Campus security visible nearby. SAFE.",safe,0.8148148148148149,734,26,8:00 PM,Tamil Nadu,train,female student group passing palayamkottai night road tiruchirappalli at 800 pm campus security visible nearby safe,5,False,True,False,False,False,False,False,False,False,False,False,False,False,False,False,False,False,False,True,False,False,False,20
763,"Night monitoring alert: Lone female pedestrian near Ammapet isolated street, Thoothukudi at 11:30 PM. Smart lighting activated along route.",lone_walking_night,0.44444444444444464,404,0,11:30 PM,Tamil Nadu,train,night monitoring alert lone female pedestrian near ammapet isolated street thoothukudi at 1130 pm smart lighting activated along route,3,False,False,True,False,False,False,False,False,False,False,False,False,False,False,False,False,False,True,False,False,False,False,23
764,"SmartCity TN surveillance — Anna Nagar subway, Cuddalore, 11:00 PM: Face anonymised. Gender: Female. Motion: Walking alone.",monitoring,0.7407407407407409,458,1,11:00 PM,Tamil Nadu,val,smartcity tn surveillance anna nagar subway cuddalore 1100 pm face anonymised gender female motion walking alone,4,False,True,False,False,True,False,False,False,False,False,False,False,False,False,False,False,False,False,False,False,False,False,23
765,"Unknown vehicle following female pedestrian route near Nagercoil bus stand area, Cuddalore. Time: 1:30 AM. TN RTO plate analysis underway.",threat_detected,0.14814814814814836,176,23,1:30 AM,Tamil Nadu,train,unknown vehicle following female pedestrian route near nagercoil bus stand area cuddalore time 130 am tn rto plate analysis underway,7,True,False,False,False,True,False,False,False,False,False,False,False,False,False,False,False,False,False,False,False,False,False,1
766,"AI pipeline triggered at Porur flyover footpath, Thanjavur camera grid at 9:00 PM. Gender: Female. Activity: Walking alone. Threat score: 74/100.",monitoring,0.925925925925926,426,30,9:00 PM,Tamil Nadu,val,ai pipeline triggered at porur flyover footpath thanjavur camera grid at 900 pm gender female activity walking alone threat score 74100,4,False,True,False,False,False,False,False,False,False,False,False,False,False,False,False,False,True,False,False,False,False,False,21
767,"AI alert — Virudhunagar bus stop, Tirunelveli: Person shadowing female for 400 metres since 10:00 PM. Intervention dispatched.",being_followed,0.18518518518518556,838,49,10:00 PM,Tamil Nadu,train,ai alert virudhunagar bus stop tirunelveli person shadowing female for 400 metres since 1000 pm intervention dispatched,0,False,False,False,False,False,False,False,False,False,False,False,False,False,False,False,False,False,False,False,True,False,False,22
768,Kanchipuram SafeCity alert: Eve-teasing behaviour flagged at Chromepet dark lane at 11:00 PM. All India Women Helpline 181 notified.,group_harassment,0.2962962962962967,499,4,11:00 PM,Tamil Nadu,train,kanchipuram safecity alert eveteasing behaviour flagged at chromepet dark lane at 1100 pm all india women helpline 181 notified,2,False,False,False,False,False,False,False,False,True,False,False,False,False,False,False,False,False,False,False,False,False,False,23
769,"Woman jogging with earphones at Vellore CMC hospital road, Hosur at 6:30 PM. Regular route. No suspicious activity. Status: NORMAL.",safe,0.18518518518518556,312,48,6:30 PM,Tamil Nadu,train,woman jogging with earphones at vellore cmc hospital road hosur at 630 pm regular route no suspicious activity status normal,5,False,True,False,False,False,False,False,True,False,False,False,False,False,False,False,False,False,False,False,False,False,False,18
770,"Vehicle slowing repeatedly near female pedestrian at Thoothukudi port road, Vellore at 12:00 AM. TN licence plate captured. Police notified.",threat_detected,0.0370370370370372,605,39,12:00 AM,Tamil Nadu,train,vehicle slowing repeatedly near female pedestrian at thoothukudi port road vellore at 1200 am tn licence plate captured police notified,7,True,False,False,False,False,False,False,False,False,False,False,False,False,False,False,False,False,False,False,False,False,True,0
771,Thoothukudi night surveillance: Camera node flagged lone female at Erode bus terminus lane at 8:30 PM. Nearest police booth alerted.,lone_walking_night,0.44444444444444464,660,8,8:30 PM,Tamil Nadu,train,thoothukudi night surveillance camera node flagged lone female at erode bus terminus lane at 830 pm nearest police booth alerted,3,False,False,True,False,False,False,False,False,False,False,False,False,False,False,False,False,False,True,False,False,False,False,20
772,"Female subject walking unaccompanied at Karur textile market lane, Nagercoil at 4:00 AM. Street lights non-functional. Risk score elevated.",lone_walking_night,0.592592592592593,661,13,4:00 AM,Tamil Nadu,train,female subject walking unaccompanied at karur textile market lane nagercoil at 400 am street lights nonfunctional risk score elevated,3,False,False,True,False,False,False,False,False,False,False,False,False,True,False,False,False,False,False,False,False,False,False,4
773,"AI pattern detection: Unknown male mirroring woman's path at Tirunelveli junction footpath, Thoothukudi since 7:45 PM. High confidence tracking match.",being_followed,0.18518518518518556,271,42,7:45 PM,Tamil Nadu,train,ai pattern detection unknown male mirroring womans path at tirunelveli junction footpath thoothukudi since 745 pm high confidence tracking match,0,False,False,False,False,False,False,False,False,False,False,False,False,False,False,False,False,False,True,False,False,False,False,19
774,"AI alert — Varadharaja Perumal temple road, Namakkal: Person shadowing female for 400 metres since 10:45 PM. Intervention dispatched.",being_followed,0.3333333333333339,621,46,10:45 PM,Tamil Nadu,train,ai alert varadharaja perumal temple road namakkal person shadowing female for 400 metres since 1045 pm intervention dispatched,0,False,False,False,False,False,False,False,False,False,False,False,False,False,True,False,False,False,False,False,False,False,False,22
775,"Gait analysis: Female at RS Puram walkway, Sivakasi at 10:00 PM shows 82% distress probability. Sivakasi Police intervention recommended.",distress_signal,0.2962962962962967,798,31,10:00 PM,Tamil Nadu,val,gait analysis female at rs puram walkway sivakasi at 1000 pm shows 82 distress probability sivakasi police intervention recommended,1,True,False,False,False,False,False,False,False,False,False,False,False,False,False,False,True,False,False,False,False,False,False,22
776,"Female pedestrian walking with companion near Coimbatore Gandhipuram bus stop, Chennai at 5:45 PM. No threats detected. Status: SAFE.",safe,0.5555555555555558,82,5,5:45 PM,Tamil Nadu,val,female pedestrian walking with companion near coimbatore gandhipuram bus stop chennai at 545 pm no threats detected status safe,5,False,True,False,False,False,False,False,False,False,False,False,False,False,False,False,False,False,False,False,False,False,False,17
777,"AI body language analysis at Tiruchirappalli Chatram bus stop, Karur: Subject shows defensive posture, looking over shoulder frequently. Time: 2:30 AM.",distress_signal,0.5555555555555558,629,41,2:30 AM,Tamil Nadu,val,ai body language analysis at tiruchirappalli chatram bus stop karur subject shows defensive posture looking over shoulder frequently time 230 am,1,True,False,False,False,False,False,False,False,False,True,False,False,False,False,False,False,False,False,False,False,False,False,2
778,"Gait analysis: Female at Velachery IT corridor, Karur at 1:30 AM shows 82% distress probability. Karur Police intervention recommended.",distress_signal,0.8148148148148149,746,47,1:30 AM,Tamil Nadu,test,gait analysis female at velachery it corridor karur at 130 am shows 82 distress probability karur police intervention recommended,1,True,False,False,False,False,False,False,False,False,True,False,False,False,False,False,False,False,False,False,False,False,False,1
779,"Night monitoring alert: Lone female pedestrian near Thoothukudi port road, Tiruppur at 1:00 AM. Smart lighting activated along route.",lone_walking_night,0.37037037037037024,70,39,1:00 AM,Tamil Nadu,train,night monitoring alert lone female pedestrian near thoothukudi port road tiruppur at 100 am smart lighting activated along route,3,False,False,True,False,False,False,False,False,False,False,False,False,False,False,False,False,False,False,False,False,True,False,1
780,"Female student group passing Madurai Meenakshi temple road, Karur at 3:30 AM. Campus security visible nearby. SAFE.",safe,0.7777777777777781,738,17,3:30 AM,Tamil Nadu,train,female student group passing madurai meenakshi temple road karur at 330 am campus security visible nearby safe,5,False,True,False,False,False,False,False,False,False,True,False,False,False,False,False,False,False,False,False,False,False,False,3
781,Thoothukudi Police dispatch initiated. Location: Marthandam road. Time: 2:30 AM. Reason: Lone female at risk. Nearest unit responding.,being_followed,0.48148148148148184,690,19,2:30 AM,Tamil Nadu,train,thoothukudi police dispatch initiated location marthandam road time 230 am reason lone female at risk nearest unit responding,0,False,False,False,False,False,False,False,False,False,False,False,False,False,False,False,False,False,True,False,False,False,False,2
782,Hosur night surveillance: Camera node flagged lone female at Tirunelveli junction footpath at 7:45 PM. Nearest police booth alerted.,lone_walking_night,0.8148148148148149,542,42,7:45 PM,Tamil Nadu,train,hosur night surveillance camera node flagged lone female at tirunelveli junction footpath at 745 pm nearest police booth alerted,3,False,False,True,False,False,False,False,True,False,False,False,False,False,False,False,False,False,False,False,False,False,False,19
783,"Gait analysis: Female at Mattuthavani stand, Salem at 7:45 PM shows 82% distress probability. Salem Police intervention recommended.",distress_signal,0.6296296296296298,131,21,7:45 PM,Tamil Nadu,val,gait analysis female at mattuthavani stand salem at 745 pm shows 82 distress probability salem police intervention recommended,1,True,False,False,False,False,False,False,False,False,False,False,False,False,False,True,False,False,False,False,False,False,False,19
784,"Tamil Nadu SafeCity system: Female detected alone at Papanasam dark street, Sivakasi. Time: 1:30 AM. Escort service notification sent via app.",lone_walking_night,0.6296296296296298,888,27,1:30 AM,Tamil Nadu,train,tamil nadu safecity system female detected alone at papanasam dark street sivakasi time 130 am escort service notification sent via app,3,False,False,True,False,False,False,False,False,False,False,False,False,False,False,False,True,False,False,False,False,False,False,1
785,"Abnormal movement pattern: Female subject running intermittently near Anna Nagar subway, Tirunelveli at 5:45 PM. Possible escape behaviour.",distress_signal,0.7037037037037042,49,1,5:45 PM,Tamil Nadu,train,abnormal movement pattern female subject running intermittently near anna nagar subway tirunelveli at 545 pm possible escape behaviour,1,True,False,False,False,False,False,False,False,False,False,False,False,False,False,False,False,False,False,False,True,False,False,17
786,Automated alert to Hosur Police: Female safety concern at Vellore CMC hospital road at 12:30 AM. GPS coordinates transmitted.,being_followed,0.5555555555555558,53,48,12:30 AM,Tamil Nadu,train,automated alert to hosur police female safety concern at vellore cmc hospital road at 1230 am gps coordinates transmitted,0,False,False,False,False,False,False,False,True,False,False,False,False,False,False,False,False,False,False,False,False,False,False,0
787,"Pose estimation at Medical college lane, Namakkal (8:30 PM): Female subject exhibiting evasive movement. Threat assessment: ELEVATED.",suspicious_behavior,0.44444444444444464,55,22,8:30 PM,Tamil Nadu,train,pose estimation at medical college lane namakkal 830 pm female subject exhibiting evasive movement threat assessment elevated,6,True,False,False,False,False,False,False,False,False,False,False,False,False,True,False,False,False,False,False,False,False,False,20
788,"Female student group passing Perambur street, Nagercoil at 6:30 PM. Campus security visible nearby. SAFE.",safe,0.7037037037037042,696,29,6:30 PM,Tamil Nadu,train,female student group passing perambur street nagercoil at 630 pm campus security visible nearby safe,5,False,True,False,False,False,False,False,False,False,False,False,False,True,False,False,False,False,False,False,False,False,False,18
789,Kanchipuram SafeCity alert: Eve-teasing behaviour flagged at Salem Steel Plant road at 5:45 PM. All India Women Helpline 181 notified.,group_harassment,0.925925925925926,930,33,5:45 PM,Tamil Nadu,test,kanchipuram safecity alert eveteasing behaviour flagged at salem steel plant road at 545 pm all india women helpline 181 notified,2,False,False,False,False,False,False,False,False,True,False,False,False,False,False,False,False,False,False,False,False,False,False,17
790,"Single female pedestrian identified at Marina Beach road, Nagercoil at 11:00 PM. Isolated stretch near Marina Beach road. System flagged for monitoring.",lone_walking_night,0.8148148148148149,731,18,11:00 PM,Tamil Nadu,train,single female pedestrian identified at marina beach road nagercoil at 1100 pm isolated stretch near marina beach road system flagged for monitoring,3,False,False,True,False,False,False,False,False,False,False,False,False,True,False,False,False,False,False,False,False,False,False,23
791,"SOS gesture pattern detected near Sivakasi fireworks factory road, Coimbatore at 9:30 PM. Subject waving arms — possible request for help.",distress_signal,0.7407407407407409,853,34,9:30 PM,Tamil Nadu,train,sos gesture pattern detected near sivakasi fireworks factory road coimbatore at 930 pm subject waving arms possible request for help,1,True,False,False,True,False,False,False,False,False,False,False,False,False,False,False,False,False,False,False,False,False,False,21
792,"CCTV log — Guindy underpass, Erode: Female pedestrian in group of 4. Well-lit street. Time: 9:00 PM. SAFE.",safe,0.8148148148148149,556,10,9:00 PM,Tamil Nadu,val,cctv log guindy underpass erode female pedestrian in group of 4 welllit street time 900 pm safe,5,False,True,False,False,False,False,True,False,False,False,False,False,False,False,False,False,False,False,False,False,False,False,21
793,"Woman detected walking alone near Tiruchengode night road, Namakkal at 8:00 PM. No companion visible. Area poorly lit. Tamil Nadu Police alert dispatched.",lone_walking_night,0.592592592592593,561,40,8:00 PM,Tamil Nadu,val,woman detected walking alone near tiruchengode night road namakkal at 800 pm no companion visible area poorly lit tamil nadu police alert dispatched,3,False,True,False,False,False,False,False,False,False,False,False,False,False,True,False,False,False,False,False,False,False,False,20
794,"SOS gesture pattern detected near Tambaram railway station, Kanchipuram at 10:45 PM. Subject waving arms — possible request for help.",distress_signal,0.5555555555555558,522,37,10:45 PM,Tamil Nadu,train,sos gesture pattern detected near tambaram railway station kanchipuram at 1045 pm subject waving arms possible request for help,1,True,False,False,False,False,False,False,False,True,False,False,False,False,False,False,False,False,False,False,False,False,False,22
795,"Night monitoring alert: Lone female pedestrian near Srirangam temple lane, Erode at 1:30 AM. Smart lighting activated along route.",lone_walking_night,0.18518518518518556,14,35,1:30 AM,Tamil Nadu,val,night monitoring alert lone female pedestrian near srirangam temple lane erode at 130 am smart lighting activated along route,3,False,False,True,False,False,False,True,False,False,False,False,False,False,False,False,False,False,False,False,False,False,False,1
796,"Emergency response triggered at Mathigiri isolated path, Chennai at 2:30 AM. Visual context sent to PCR van. ETA: 4 minutes.",being_followed,0.44444444444444464,844,20,2:30 AM,Tamil Nadu,train,emergency response triggered at mathigiri isolated path chennai at 230 am visual context sent to pcr van eta 4 minutes,0,False,False,False,False,False,False,False,False,False,False,False,False,False,False,False,False,False,False,False,False,False,False,2
797,"Two-person tracking alert at Cuddalore old town street, Nagercoil: Male suspect pursuing female pedestrian. Duration 5 minutes. Alert: CRITICAL.",being_followed,0.7407407407407409,562,6,3:00 AM,Tamil Nadu,train,twoperson tracking alert at cuddalore old town street nagercoil male suspect pursuing female pedestrian duration 5 minutes alert critical,0,False,False,False,False,False,False,False,False,False,False,False,False,True,False,False,False,False,False,False,False,False,False,3
798,"Woman jogging with earphones at Koyambedu market, Hosur at 3:30 AM. Regular route. No suspicious activity. Status: NORMAL.",safe,0.37037037037037024,583,15,3:30 AM,Tamil Nadu,train,woman jogging with earphones at koyambedu market hosur at 330 am regular route no suspicious activity status normal,5,False,True,False,False,False,False,False,True,False,False,False,False,False,False,False,False,False,False,False,False,False,False,3
799,"TN-VL camera grid alert — Karur textile market lane, Vellore: Behaviour anomaly at 8:30 PM. Female subject flagged for monitoring.",monitoring,0.40740740740740744,912,13,8:30 PM,Tamil Nadu,train,tnvl camera grid alert karur textile market lane vellore behaviour anomaly at 830 pm female subject flagged for monitoring,4,False,True,False,False,False,False,False,False,False,False,False,False,False,False,False,False,False,False,False,False,False,True,20
800,"Tamil Nadu SafeCity night log: Unaccompanied woman near Hosur industrial estate lane, Chennai at 7:45 PM. Smart lights activated along path.",lone_walking_night,0.8888888888888888,36,11,7:45 PM,Tamil Nadu,val,tamil nadu safecity night log unaccompanied woman near hosur industrial estate lane chennai at 745 pm smart lights activated along path,3,False,False,True,False,False,False,False,False,False,False,False,False,False,False,False,False,False,False,False,False,False,False,19
801,"Two-person tracking alert at Tiruppur SIDCO area, Karur: Male suspect pursuing female pedestrian. Duration 5 minutes. Alert: CRITICAL.",being_followed,0.8888888888888888,96,43,5:45 PM,Tamil Nadu,train,twoperson tracking alert at tiruppur sidco area karur male suspect pursuing female pedestrian duration 5 minutes alert critical,0,False,False,False,False,False,False,False,False,False,True,False,False,False,False,False,False,False,False,False,False,False,False,17
802,Sivakasi SafeCity alert: Eve-teasing behaviour flagged at Velachery IT corridor at 12:00 AM. All India Women Helpline 181 notified.,group_harassment,0.44444444444444464,164,47,12:00 AM,Tamil Nadu,train,sivakasi safecity alert eveteasing behaviour flagged at velachery it corridor at 1200 am all india women helpline 181 notified,2,False,False,False,False,False,False,False,False,False,False,False,False,False,False,False,True,False,False,False,False,False,False,0
803,"Unattended bag flagged near woman at Kumbakonam temple tank road, Madurai at 4:00 AM. Madurai bomb disposal team notified. Female being evacuated.",threat_detected,0.1111111111111116,299,16,4:00 AM,Tamil Nadu,train,unattended bag flagged near woman at kumbakonam temple tank road madurai at 400 am madurai bomb disposal team notified female being evacuated,7,True,False,False,False,False,False,False,False,False,False,False,True,False,False,False,False,False,False,False,False,False,False,4
804,"Woman detected walking alone near Goripalayam junction, Sivakasi at 12:00 AM. No companion visible. Area poorly lit. Tamil Nadu Police alert dispatched.",lone_walking_night,0.1111111111111116,455,9,12:00 AM,Tamil Nadu,train,woman detected walking alone near goripalayam junction sivakasi at 1200 am no companion visible area poorly lit tamil nadu police alert dispatched,3,False,False,True,False,False,False,False,False,False,False,False,False,False,False,False,True,False,False,False,False,False,False,0
805,Real-time alert dispatched. Thanjavur Police Unit notified of situation at Katpadi dark alley. Timestamp: 12:30 AM. TNSP coordinating.,being_followed,0.8148148148148149,85,14,12:30 AM,Tamil Nadu,train,realtime alert dispatched thanjavur police unit notified of situation at katpadi dark alley timestamp 1230 am tnsp coordinating,0,False,False,False,False,False,False,False,False,False,False,False,False,False,False,False,False,True,False,False,False,False,False,0
806,"AI behaviour score at Velachery IT corridor, Sivakasi: Walking speed increased 40% in last 2 minutes. Time: 7:45 PM. Flagged.",suspicious_behavior,0.18518518518518556,737,47,7:45 PM,Tamil Nadu,train,ai behaviour score at velachery it corridor sivakasi walking speed increased 40 in last 2 minutes time 745 pm flagged,6,True,False,False,False,False,False,False,False,False,False,False,False,False,False,False,True,False,False,False,False,False,False,19
807,"Woman jogging with earphones at VOC Park pathway, Namakkal at 1:30 AM. Regular route. No suspicious activity. Status: NORMAL.",safe,0.0740740740740744,510,44,1:30 AM,Tamil Nadu,train,woman jogging with earphones at voc park pathway namakkal at 130 am regular route no suspicious activity status normal,5,False,True,False,False,False,False,False,False,False,False,False,False,False,True,False,False,False,False,False,False,False,False,1
808,"Night patrol AI report — Thanjavur Big Temple road, Tirunelveli at 6:30 PM. Female pedestrian count: 1. App notification sent for escort service.",lone_walking_night,0.0370370370370372,363,38,6:30 PM,Tamil Nadu,train,night patrol ai report thanjavur big temple road tirunelveli at 630 pm female pedestrian count 1 app notification sent for escort service,3,False,False,True,False,False,False,False,False,False,False,False,False,False,False,False,False,False,False,False,True,False,False,18
809,"Low-light camera activated at Avinashi road footpath, Sivakasi at 12:00 AM. Thermal imaging shows lone female. Safe passage protocol triggered.",lone_walking_night,0.666666666666667,305,2,12:00 AM,Tamil Nadu,train,lowlight camera activated at avinashi road footpath sivakasi at 1200 am thermal imaging shows lone female safe passage protocol triggered,3,False,False,True,False,False,False,False,False,False,False,False,False,False,False,False,True,False,False,False,False,False,False,0
810,"Camera network at Noyyal river walkway, Kanchipuram flagged repeated path overlap at 12:30 AM. Male subject tracked across 3 camera zones.",being_followed,0.3333333333333339,685,25,12:30 AM,Tamil Nadu,train,camera network at noyyal river walkway kanchipuram flagged repeated path overlap at 1230 am male subject tracked across 3 camera zones,0,False,False,False,False,False,False,False,False,True,False,False,False,False,False,False,False,False,False,False,False,False,False,0
811,"Command Centre to field unit: Respond to Peelamedu road, Sivakasi. Female pedestrian safety alert. Time: 5:45 PM. Priority: HIGH.",being_followed,0.7407407407407409,540,28,5:45 PM,Tamil Nadu,train,command centre to field unit respond to peelamedu road sivakasi female pedestrian safety alert time 545 pm priority high,0,False,False,False,False,False,False,False,False,False,False,False,False,False,False,False,True,False,False,False,False,False,False,17
812,"TN-CH camera grid alert — Srirangam temple lane, Namakkal: Behaviour anomaly at 9:30 PM. Female subject flagged for monitoring.",monitoring,0.666666666666667,98,35,9:30 PM,Tamil Nadu,train,tnch camera grid alert srirangam temple lane namakkal behaviour anomaly at 930 pm female subject flagged for monitoring,4,False,True,False,False,False,False,False,False,False,False,False,False,False,True,False,False,False,False,False,False,False,False,21
813,"Female subject near SIPCOT industrial area road, Kumbakonam at 1:30 AM. Security escort confirmed by Kumbakonam Police. Status: SAFE.",safe,0.0740740740740744,137,32,1:30 AM,Tamil Nadu,test,female subject near sipcot industrial area road kumbakonam at 130 am security escort confirmed by kumbakonam police status safe,5,False,True,False,False,False,False,False,False,False,False,True,False,False,False,False,False,False,False,False,False,False,False,1
814,"NightWatch TN AI: Female detected at isolated Chromepet dark lane, Tirunelveli at 3:00 AM. Street patrol redirected to her route.",lone_walking_night,0.37037037037037024,177,4,3:00 AM,Tamil Nadu,train,nightwatch tn ai female detected at isolated chromepet dark lane tirunelveli at 300 am street patrol redirected to her route,3,False,True,False,False,False,False,False,False,False,False,False,False,False,False,False,False,False,False,False,True,False,False,3
815,"Body language model — Srirangam temple lane, Salem at 12:30 AM: Shoulders hunched, frequent backward glances. Risk: HIGH.",suspicious_behavior,0.22222222222222276,618,35,12:30 AM,Tamil Nadu,train,body language model srirangam temple lane salem at 1230 am shoulders hunched frequent backward glances risk high,6,True,False,False,False,False,False,False,False,False,False,False,False,False,False,True,False,False,False,False,False,False,False,0
816,"TN SafeCity AI behavioural engine: Subject at Marthandam road, Dindigul at 10:00 PM showing signs consistent with being followed.",suspicious_behavior,0.14814814814814836,210,19,10:00 PM,Tamil Nadu,train,tn safecity ai behavioural engine subject at marthandam road dindigul at 1000 pm showing signs consistent with being followed,6,True,False,False,False,False,True,False,False,False,False,False,False,False,False,False,False,False,False,False,False,False,False,22
817,"Female subject walking unaccompanied at Sivakasi fireworks factory road, Tirunelveli at 1:00 AM. Street lights non-functional. Risk score elevated.",lone_walking_night,0.2592592592592595,285,34,1:00 AM,Tamil Nadu,val,female subject walking unaccompanied at sivakasi fireworks factory road tirunelveli at 100 am street lights nonfunctional risk score elevated,3,False,False,True,False,False,False,False,False,False,False,False,False,False,False,False,False,False,False,False,True,False,False,1
818,Tiruchirappalli night surveillance: Camera node flagged lone female at Chromepet dark lane at 1:00 AM. Nearest police booth alerted.,lone_walking_night,0.925925925925926,632,4,1:00 AM,Tamil Nadu,train,tiruchirappalli night surveillance camera node flagged lone female at chromepet dark lane at 100 am nearest police booth alerted,3,False,False,True,False,False,False,False,False,False,False,False,False,False,False,False,False,False,False,True,False,False,False,1
819,"Camera network at Kanchipuram silk market lane, Kumbakonam flagged repeated path overlap at 10:45 PM. Male subject tracked across 3 camera zones.",being_followed,0.925925925925926,326,12,10:45 PM,Tamil Nadu,val,camera network at kanchipuram silk market lane kumbakonam flagged repeated path overlap at 1045 pm male subject tracked across 3 camera zones,0,False,False,False,False,False,False,False,False,False,False,True,False,False,False,False,False,False,False,False,False,False,False,22
820,"Weapon-like object detected near female subject at Tiruppur SIDCO area, Salem at 8:30 PM. Visual verification requested. Alert: HIGH.",threat_detected,0.37037037037037024,466,43,8:30 PM,Tamil Nadu,train,weaponlike object detected near female subject at tiruppur sidco area salem at 830 pm visual verification requested alert high,7,False,True,False,False,False,False,False,False,False,False,False,False,False,False,True,False,False,False,False,False,False,False,20
821,CCTV alert — Kumbakonam: Woman walking alone at Sivakasi fireworks factory road at 1:30 AM. No other pedestrians within 50 metres.,lone_walking_night,0.925925925925926,397,34,1:30 AM,Tamil Nadu,train,cctv alert kumbakonam woman walking alone at sivakasi fireworks factory road at 130 am no other pedestrians within 50 metres,3,False,False,True,False,False,False,False,False,False,False,True,False,False,False,False,False,False,False,False,False,False,False,1
822,"Camera detected group harassment at Ammapet isolated street, Tiruchirappalli at 12:00 AM. Female surrounded, unable to proceed. Emergency alert sent.",group_harassment,0.9629629629629632,872,0,12:00 AM,Tamil Nadu,train,camera detected group harassment at ammapet isolated street tiruchirappalli at 1200 am female surrounded unable to proceed emergency alert sent,2,False,False,False,False,False,False,False,False,False,False,False,False,False,False,False,False,False,False,True,False,False,False,0
823,"AI behaviour score at Marina Beach road, Coimbatore: Walking speed increased 40% in last 2 minutes. Time: 3:30 AM. Flagged.",suspicious_behavior,0.5185185185185186,1,18,3:30 AM,Tamil Nadu,test,ai behaviour score at marina beach road coimbatore walking speed increased 40 in last 2 minutes time 330 am flagged,6,True,False,False,True,False,False,False,False,False,False,False,False,False,False,False,False,False,False,False,False,False,False,3
824,"Tamil Nadu SafeCity night log: Unaccompanied woman near Nagercoil bus stand area, Vellore at 11:30 PM. Smart lights activated along path.",lone_walking_night,0.2962962962962967,381,23,11:30 PM,Tamil Nadu,train,tamil nadu safecity night log unaccompanied woman near nagercoil bus stand area vellore at 1130 pm smart lights activated along path,3,False,False,True,False,False,False,False,False,False,False,False,False,False,False,False,False,False,False,False,False,False,True,23
825,"Woman at Goripalayam junction, Tiruppur at 10:00 PM near ATM. Transaction completed. Moving normally. Status: SAFE.",safe,0.7037037037037042,663,9,10:00 PM,Tamil Nadu,test,woman at goripalayam junction tiruppur at 1000 pm near atm transaction completed moving normally status safe,5,False,True,False,False,False,False,False,False,False,False,False,False,False,False,False,False,False,False,False,False,True,False,22
826,"Camera node TN-CH-47 at SIPCOT industrial area road, Tirunelveli detected abnormal motion at 2:00 AM. Female pedestrian in frame. Analysis running.",monitoring,0.925925925925926,156,32,2:00 AM,Tamil Nadu,val,camera node tnch47 at sipcot industrial area road tirunelveli detected abnormal motion at 200 am female pedestrian in frame analysis running,4,False,True,False,False,False,False,False,False,False,False,False,False,False,False,False,False,False,False,False,True,False,False,2
827,"NightWatch TN AI: Female detected at isolated Palayamkottai night road, Coimbatore at 2:00 AM. Street patrol redirected to her route.",lone_walking_night,0.2962962962962967,329,26,2:00 AM,Tamil Nadu,train,nightwatch tn ai female detected at isolated palayamkottai night road coimbatore at 200 am street patrol redirected to her route,3,False,False,True,True,False,False,False,False,False,False,False,False,False,False,False,False,False,False,False,False,False,False,2
828,"Woman jogging with earphones at Mattuthavani stand, Vellore at 9:00 PM. Regular route. No suspicious activity. Status: NORMAL.",safe,0.14814814814814836,13,21,9:00 PM,Tamil Nadu,train,woman jogging with earphones at mattuthavani stand vellore at 900 pm regular route no suspicious activity status normal,5,False,True,False,False,False,False,False,False,False,False,False,False,False,False,False,False,False,False,False,False,False,True,21
829,"Female student group passing Vellore CMC hospital road, Salem at 12:30 AM. Campus security visible nearby. SAFE.",safe,0.8148148148148149,332,48,12:30 AM,Tamil Nadu,test,female student group passing vellore cmc hospital road salem at 1230 am campus security visible nearby safe,5,False,True,False,False,False,False,False,False,False,False,False,False,False,False,True,False,False,False,False,False,False,False,0
830,"Female pedestrian walking with companion near Mathigiri isolated path, Dindigul at 5:45 PM. No threats detected. Status: SAFE.",safe,0.9629629629629632,595,20,5:45 PM,Tamil Nadu,train,female pedestrian walking with companion near mathigiri isolated path dindigul at 545 pm no threats detected status safe,5,False,True,False,False,False,True,False,False,False,False,False,False,False,False,False,False,False,False,False,False,False,False,17
831,"Woman detected walking alone near Tiruchengode night road, Namakkal at 3:30 AM. No companion visible. Area poorly lit. Tamil Nadu Police alert dispatched.",lone_walking_night,0.14814814814814836,86,40,3:30 AM,Tamil Nadu,train,woman detected walking alone near tiruchengode night road namakkal at 330 am no companion visible area poorly lit tamil nadu police alert dispatched,3,False,False,True,False,False,False,False,False,False,False,False,False,False,True,False,False,False,False,False,False,False,False,3
832,"NightWatch TN AI: Female detected at isolated Vellore CMC hospital road, Nagercoil at 11:00 PM. Street patrol redirected to her route.",lone_walking_night,0.40740740740740744,748,48,11:00 PM,Tamil Nadu,train,nightwatch tn ai female detected at isolated vellore cmc hospital road nagercoil at 1100 pm street patrol redirected to her route,3,False,False,True,False,False,False,False,False,False,False,False,False,True,False,False,False,False,False,False,False,False,False,23
833,"CCTV log — T. Nagar bus stand, Tiruppur: Female pedestrian in group of 4. Well-lit street. Time: 10:00 PM. SAFE.",safe,0.48148148148148184,799,36,10:00 PM,Tamil Nadu,train,cctv log t nagar bus stand tiruppur female pedestrian in group of 4 welllit street time 1000 pm safe,5,False,True,False,False,False,False,False,False,False,False,False,False,False,False,False,False,False,False,False,False,True,False,22
834,"Low-light camera activated at Varadharaja Perumal temple road, Karur at 10:45 PM. Thermal imaging shows lone female. Safe passage protocol triggered.",lone_walking_night,0.9629629629629632,677,46,10:45 PM,Tamil Nadu,val,lowlight camera activated at varadharaja perumal temple road karur at 1045 pm thermal imaging shows lone female safe passage protocol triggered,3,False,False,True,False,False,False,False,False,False,True,False,False,False,False,False,False,False,False,False,False,False,False,22
835,"Encirclement behaviour detected at Salem Steel Plant road, Vellore: Multiple individuals blocking path of lone woman. Alert raised at 4:00 AM.",group_harassment,0.6296296296296298,687,33,4:00 AM,Tamil Nadu,train,encirclement behaviour detected at salem steel plant road vellore multiple individuals blocking path of lone woman alert raised at 400 am,2,False,False,False,False,False,False,False,False,False,False,False,False,False,False,False,False,False,False,False,False,False,True,4
836,"Deep learning classifier — Kumbakonam temple tank road, Erode: Lone female, night scene, isolated path, 1:00 AM. Risk score: 87/100.",suspicious_behavior,0.5185185185185186,596,16,1:00 AM,Tamil Nadu,train,deep learning classifier kumbakonam temple tank road erode lone female night scene isolated path 100 am risk score 87100,6,True,False,False,False,False,False,True,False,False,False,False,False,False,False,False,False,False,False,False,False,False,False,1
837,Nagercoil Urban Command Centre log: Porur flyover footpath camera flagged unusual activity at 5:45 PM. Female subject under observation.,monitoring,0.8148148148148149,703,30,5:45 PM,Tamil Nadu,test,nagercoil urban command centre log porur flyover footpath camera flagged unusual activity at 545 pm female subject under observation,4,False,True,False,False,False,False,False,False,False,False,False,False,True,False,False,False,False,False,False,False,False,False,17
838,"Woman at Anna Nagar subway, Nagercoil at 5:45 PM near ATM. Transaction completed. Moving normally. Status: SAFE.",safe,0.0370370370370372,242,1,5:45 PM,Tamil Nadu,val,woman at anna nagar subway nagercoil at 545 pm near atm transaction completed moving normally status safe,5,False,True,False,False,False,False,False,False,False,False,False,False,True,False,False,False,False,False,False,False,False,False,17
839,"Female subject near Thanjavur Big Temple road, Thanjavur at 9:30 PM. Security escort confirmed by Thanjavur Police. Status: SAFE.",safe,0.5555555555555558,676,38,9:30 PM,Tamil Nadu,train,female subject near thanjavur big temple road thanjavur at 930 pm security escort confirmed by thanjavur police status safe,5,False,True,False,False,False,False,False,False,False,False,False,False,False,False,False,False,True,False,False,False,False,False,21
840,"SOS gesture pattern detected near Perambur street, Salem at 3:00 AM. Subject waving arms — possible request for help.",distress_signal,0.40740740740740744,508,29,3:00 AM,Tamil Nadu,train,sos gesture pattern detected near perambur street salem at 300 am subject waving arms possible request for help,1,True,False,False,False,False,False,False,False,False,False,False,False,False,False,True,False,False,False,False,False,False,False,3
841,"Night patrol AI report — Goripalayam junction, Karur at 1:30 AM. Female pedestrian count: 1. App notification sent for escort service.",lone_walking_night,0.9629629629629632,381,9,1:30 AM,Tamil Nadu,val,night patrol ai report goripalayam junction karur at 130 am female pedestrian count 1 app notification sent for escort service,3,False,False,True,False,False,False,False,False,False,True,False,False,False,False,False,False,False,False,False,False,False,False,1
842,CCTV alert — Tirunelveli: Woman walking alone at Tambaram railway station at 10:00 PM. No other pedestrians within 50 metres.,lone_walking_night,0.7407407407407409,470,37,10:00 PM,Tamil Nadu,train,cctv alert tirunelveli woman walking alone at tambaram railway station at 1000 pm no other pedestrians within 50 metres,3,False,False,True,False,False,False,False,False,False,False,False,False,False,False,False,False,False,False,False,True,False,False,22
843,"Female subject walking unaccompanied at Karur textile market lane, Sivakasi at 9:30 PM. Street lights non-functional. Risk score elevated.",lone_walking_night,0.0,885,13,9:30 PM,Tamil Nadu,val,female subject walking unaccompanied at karur textile market lane sivakasi at 930 pm street lights nonfunctional risk score elevated,3,False,False,True,False,False,False,False,False,False,False,False,False,False,False,False,True,False,False,False,False,False,False,21
844,"Female student group passing Karur textile market lane, Salem at 4:00 AM. Campus security visible nearby. SAFE.",safe,0.3333333333333339,835,13,4:00 AM,Tamil Nadu,val,female student group passing karur textile market lane salem at 400 am campus security visible nearby safe,5,False,True,False,False,False,False,False,False,False,False,False,False,False,False,True,False,False,False,False,False,False,False,4
845,"Two-person tracking alert at Srirangam temple lane, Coimbatore: Male suspect pursuing female pedestrian. Duration 5 minutes. Alert: CRITICAL.",being_followed,0.6296296296296298,724,35,11:00 PM,Tamil Nadu,val,twoperson tracking alert at srirangam temple lane coimbatore male suspect pursuing female pedestrian duration 5 minutes alert critical,0,False,False,False,True,False,False,False,False,False,False,False,False,False,False,False,False,False,False,False,False,False,False,23
846,"Female subject walking unaccompanied at Velachery IT corridor, Tiruchirappalli at 7:45 PM. Street lights non-functional. Risk score elevated.",lone_walking_night,0.925925925925926,351,47,7:45 PM,Tamil Nadu,train,female subject walking unaccompanied at velachery it corridor tiruchirappalli at 745 pm street lights nonfunctional risk score elevated,3,False,False,True,False,False,False,False,False,False,False,False,False,False,False,False,False,False,False,True,False,False,False,19
847,"AI alert — Perambur street, Hosur: Person shadowing female for 400 metres since 4:00 AM. Intervention dispatched.",being_followed,0.22222222222222276,732,29,4:00 AM,Tamil Nadu,test,ai alert perambur street hosur person shadowing female for 400 metres since 400 am intervention dispatched,0,False,False,False,False,False,False,False,True,False,False,False,False,False,False,False,False,False,False,False,False,False,False,4
848,"Low-light camera activated at Anna Nagar subway, Sivakasi at 9:30 PM. Thermal imaging shows lone female. Safe passage protocol triggered.",lone_walking_night,0.8518518518518521,143,1,9:30 PM,Tamil Nadu,train,lowlight camera activated at anna nagar subway sivakasi at 930 pm thermal imaging shows lone female safe passage protocol triggered,3,False,False,True,False,False,False,False,False,False,False,False,False,False,False,False,True,False,False,False,False,False,False,21
849,"Woman detected walking alone near Marina Beach road, Salem at 4:00 AM. No companion visible. Area poorly lit. Tamil Nadu Police alert dispatched.",lone_walking_night,0.9629629629629632,468,18,4:00 AM,Tamil Nadu,train,woman detected walking alone near marina beach road salem at 400 am no companion visible area poorly lit tamil nadu police alert dispatched,3,False,False,True,False,False,False,False,False,False,False,False,False,False,False,True,False,False,False,False,False,False,False,4
850,CCTV alert — Erode: Woman walking alone at Srirangam temple lane at 10:45 PM. No other pedestrians within 50 metres.,lone_walking_night,0.7777777777777781,66,35,10:45 PM,Tamil Nadu,train,cctv alert erode woman walking alone at srirangam temple lane at 1045 pm no other pedestrians within 50 metres,3,False,False,True,False,False,False,True,False,False,False,False,False,False,False,False,False,False,False,False,False,False,False,22
851,"Vehicle slowing repeatedly near female pedestrian at Tirunelveli junction footpath, Namakkal at 9:00 PM. TN licence plate captured. Police notified.",threat_detected,0.2592592592592595,420,42,9:00 PM,Tamil Nadu,train,vehicle slowing repeatedly near female pedestrian at tirunelveli junction footpath namakkal at 900 pm tn licence plate captured police notified,7,True,False,False,False,False,False,False,False,False,False,False,False,False,True,False,False,False,False,False,False,False,False,21
852,"Night monitoring alert: Lone female pedestrian near Velachery IT corridor, Kumbakonam at 8:30 PM. Smart lighting activated along route.",lone_walking_night,0.8518518518518521,153,47,8:30 PM,Tamil Nadu,train,night monitoring alert lone female pedestrian near velachery it corridor kumbakonam at 830 pm smart lighting activated along route,3,False,False,True,False,False,False,False,False,False,False,True,False,False,False,False,False,False,False,False,False,False,False,20
853,"SOS gesture pattern detected near Katpadi dark alley, Dindigul at 5:45 PM. Subject waving arms — possible request for help.",distress_signal,0.40740740740740744,531,14,5:45 PM,Tamil Nadu,train,sos gesture pattern detected near katpadi dark alley dindigul at 545 pm subject waving arms possible request for help,1,True,False,False,False,False,True,False,False,False,False,False,False,False,False,False,False,False,False,False,False,False,False,17
854,"TN-TV camera grid alert — Medical college lane, Cuddalore: Behaviour anomaly at 10:00 PM. Female subject flagged for monitoring.",monitoring,0.5555555555555558,789,22,10:00 PM,Tamil Nadu,val,tntv camera grid alert medical college lane cuddalore behaviour anomaly at 1000 pm female subject flagged for monitoring,4,False,True,False,False,True,False,False,False,False,False,False,False,False,False,False,False,False,False,False,False,False,False,22
855,"AI behaviour score at RS Puram walkway, Dindigul: Walking speed increased 40% in last 2 minutes. Time: 8:30 PM. Flagged.",suspicious_behavior,0.8148148148148149,90,31,8:30 PM,Tamil Nadu,train,ai behaviour score at rs puram walkway dindigul walking speed increased 40 in last 2 minutes time 830 pm flagged,6,True,False,False,False,False,True,False,False,False,False,False,False,False,False,False,False,False,False,False,False,False,False,20
856,"Tamil Nadu CCTV integration alert: Vadapalani signal, Karur at 1:00 AM. Cross-camera tracking active across 3 zones.",monitoring,0.5555555555555558,375,45,1:00 AM,Tamil Nadu,train,tamil nadu cctv integration alert vadapalani signal karur at 100 am crosscamera tracking active across 3 zones,4,False,True,False,False,False,False,False,False,False,True,False,False,False,False,False,False,False,False,False,False,False,False,1
857,"Female subject walking unaccompanied at Mattuthavani stand, Coimbatore at 3:30 AM. Street lights non-functional. Risk score elevated.",lone_walking_night,0.5185185185185186,373,21,3:30 AM,Tamil Nadu,train,female subject walking unaccompanied at mattuthavani stand coimbatore at 330 am street lights nonfunctional risk score elevated,3,False,False,True,True,False,False,False,False,False,False,False,False,False,False,False,False,False,False,False,False,False,False,3
858,"Vehicle slowing repeatedly near female pedestrian at Tiruchengode night road, Sivakasi at 1:00 AM. TN licence plate captured. Police notified.",threat_detected,0.666666666666667,674,40,1:00 AM,Tamil Nadu,train,vehicle slowing repeatedly near female pedestrian at tiruchengode night road sivakasi at 100 am tn licence plate captured police notified,7,True,False,False,False,False,False,False,False,False,False,False,False,False,False,False,True,False,False,False,False,False,False,1
859,"Deep learning classifier — Srirangam temple lane, Kanchipuram: Subject accelerated pace 40% in 2 minutes. Time: 11:30 PM. Flagged HIGH.",distress_signal,1.0,324,35,11:30 PM,Tamil Nadu,train,deep learning classifier srirangam temple lane kanchipuram subject accelerated pace 40 in 2 minutes time 1130 pm flagged high,1,True,False,False,False,False,False,False,False,True,False,False,False,False,False,False,False,False,False,False,False,False,False,23
860,Cuddalore Command Centre: Female being followed near Anna Nagar subway at 4:00 AM. Visual context sent to nearest PCR van.,being_followed,0.0370370370370372,438,1,4:00 AM,Tamil Nadu,train,cuddalore command centre female being followed near anna nagar subway at 400 am visual context sent to nearest pcr van,0,False,False,False,False,True,False,False,False,False,False,False,False,False,False,False,False,False,False,False,False,False,False,4
861,"AI pipeline triggered at Guindy underpass, Karur camera grid at 10:00 PM. Gender: Female. Activity: Walking alone. Threat score: 74/100.",monitoring,0.7407407407407409,828,10,10:00 PM,Tamil Nadu,train,ai pipeline triggered at guindy underpass karur camera grid at 1000 pm gender female activity walking alone threat score 74100,4,False,True,False,False,False,False,False,False,False,True,False,False,False,False,False,False,False,False,False,False,False,False,22
862,"Tamil Nadu SafeCity night log: Unaccompanied woman near Peelamedu road, Nagercoil at 4:00 AM. Smart lights activated along path.",lone_walking_night,0.18518518518518556,418,28,4:00 AM,Tamil Nadu,train,tamil nadu safecity night log unaccompanied woman near peelamedu road nagercoil at 400 am smart lights activated along path,3,False,False,True,False,False,False,False,False,False,False,False,False,True,False,False,False,False,False,False,False,False,False,4
863,"Female subject near Avinashi road footpath, Hosur at 12:30 AM. Security escort confirmed by Hosur Police. Status: SAFE.",safe,0.9629629629629632,880,2,12:30 AM,Tamil Nadu,train,female subject near avinashi road footpath hosur at 1230 am security escort confirmed by hosur police status safe,5,False,True,False,False,False,False,False,True,False,False,False,False,False,False,False,False,False,False,False,False,False,False,0
864,"Camera detected group harassment at Namakkal lorry stand area, Coimbatore at 4:00 AM. Female surrounded, unable to proceed. Emergency alert sent.",group_harassment,0.1111111111111116,815,24,4:00 AM,Tamil Nadu,train,camera detected group harassment at namakkal lorry stand area coimbatore at 400 am female surrounded unable to proceed emergency alert sent,2,False,False,False,True,False,False,False,False,False,False,False,False,False,False,False,False,False,False,False,False,False,False,4
865,"Suspicious individual following female subject for 3+ minutes near Nagercoil bus stand area, Thanjavur at 8:30 PM. Police alerted immediately.",being_followed,0.0,869,23,8:30 PM,Tamil Nadu,train,suspicious individual following female subject for 3 minutes near nagercoil bus stand area thanjavur at 830 pm police alerted immediately,0,False,False,False,False,False,False,False,False,False,False,False,False,False,False,False,False,True,False,False,False,False,False,20
866,"SOS gesture pattern detected near Kanchipuram silk market lane, Karur at 12:00 AM. Subject waving arms — possible request for help.",distress_signal,0.2962962962962967,333,12,12:00 AM,Tamil Nadu,train,sos gesture pattern detected near kanchipuram silk market lane karur at 1200 am subject waving arms possible request for help,1,True,False,False,False,False,False,False,False,False,True,False,False,False,False,False,False,False,False,False,False,False,False,0
867,"Female subject near Tiruchirappalli Chatram bus stop, Salem at 7:45 PM. Security escort confirmed by Salem Police. Status: SAFE.",safe,0.8148148148148149,359,41,7:45 PM,Tamil Nadu,train,female subject near tiruchirappalli chatram bus stop salem at 745 pm security escort confirmed by salem police status safe,5,False,True,False,False,False,False,False,False,False,False,False,False,False,False,True,False,False,False,False,False,False,False,19
868,"Woman jogging with earphones at VOC Park pathway, Sivakasi at 8:00 PM. Regular route. No suspicious activity. Status: NORMAL.",safe,0.37037037037037024,16,44,8:00 PM,Tamil Nadu,val,woman jogging with earphones at voc park pathway sivakasi at 800 pm regular route no suspicious activity status normal,5,False,False,False,False,False,False,False,False,False,False,False,False,False,False,False,True,False,False,False,False,False,False,20
869,"Pose estimation at Perambur street, Erode (8:00 PM): Female subject exhibiting evasive movement. Threat assessment: ELEVATED.",suspicious_behavior,0.592592592592593,477,29,8:00 PM,Tamil Nadu,val,pose estimation at perambur street erode 800 pm female subject exhibiting evasive movement threat assessment elevated,6,True,False,False,False,False,False,True,False,False,False,False,False,False,False,False,False,False,False,False,False,False,False,20
870,"Gait analysis: Female at Kanchipuram silk market lane, Tiruchirappalli at 8:30 PM shows 82% distress probability. Tiruchirappalli Police intervention recommended.",distress_signal,0.666666666666667,295,12,8:30 PM,Tamil Nadu,train,gait analysis female at kanchipuram silk market lane tiruchirappalli at 830 pm shows 82 distress probability tiruchirappalli police intervention recommended,1,True,False,False,False,False,False,False,False,False,False,False,False,False,False,False,False,False,False,True,False,False,False,20
871,"Camera detected group harassment at Palayamkottai night road, Kumbakonam at 5:45 PM. Female surrounded, unable to proceed. Emergency alert sent.",group_harassment,0.0370370370370372,289,26,5:45 PM,Tamil Nadu,train,camera detected group harassment at palayamkottai night road kumbakonam at 545 pm female surrounded unable to proceed emergency alert sent,2,False,False,False,False,False,False,False,False,False,False,True,False,False,False,False,False,False,False,False,False,False,False,17
872,"Camera network at Guindy underpass, Tiruppur flagged repeated path overlap at 2:30 AM. Male subject tracked across 3 camera zones.",being_followed,0.5555555555555558,30,10,2:30 AM,Tamil Nadu,test,camera network at guindy underpass tiruppur flagged repeated path overlap at 230 am male subject tracked across 3 camera zones,0,False,False,False,False,False,False,False,False,False,False,False,False,False,False,False,False,False,False,False,False,True,False,2
873,"Female subject near Egmore metro station, Sivakasi at 12:00 AM. Security escort confirmed by Sivakasi Police. Status: SAFE.",safe,0.8888888888888888,591,7,12:00 AM,Tamil Nadu,train,female subject near egmore metro station sivakasi at 1200 am security escort confirmed by sivakasi police status safe,5,False,True,False,False,False,False,False,False,False,False,False,False,False,False,False,True,False,False,False,False,False,False,0
874,Kumbakonam night surveillance: Camera node flagged lone female at Varadharaja Perumal temple road at 8:00 PM. Nearest police booth alerted.,lone_walking_night,0.7037037037037042,505,46,8:00 PM,Tamil Nadu,train,kumbakonam night surveillance camera node flagged lone female at varadharaja perumal temple road at 800 pm nearest police booth alerted,3,False,False,True,False,False,False,False,False,False,False,True,False,False,False,False,False,False,False,False,False,False,False,20
875,"Group of 3+ males surrounding female subject near Egmore metro station, Salem at 6:30 PM. Subject movement restricted. Police dispatch initiated.",group_harassment,0.2592592592592595,859,7,6:30 PM,Tamil Nadu,val,group of 3 males surrounding female subject near egmore metro station salem at 630 pm subject movement restricted police dispatch initiated,2,False,False,False,False,False,False,False,False,False,False,False,False,False,False,True,False,False,False,False,False,False,False,18
876,"Unknown vehicle following female pedestrian route near Karur textile market lane, Thanjavur. Time: 2:30 AM. TN RTO plate analysis underway.",threat_detected,0.0370370370370372,263,13,2:30 AM,Tamil Nadu,train,unknown vehicle following female pedestrian route near karur textile market lane thanjavur time 230 am tn rto plate analysis underway,7,True,False,False,False,False,False,False,False,False,False,False,False,False,False,False,False,True,False,False,False,False,False,2
877,"Tamil Nadu 112 Emergency integrated alert: Papanasam dark street, Thoothukudi at 2:30 AM. Female distress signal. Unit en route.",being_followed,0.8148148148148149,482,27,2:30 AM,Tamil Nadu,train,tamil nadu 112 emergency integrated alert papanasam dark street thoothukudi at 230 am female distress signal unit en route,0,False,False,False,False,False,False,False,False,False,False,False,False,False,False,False,False,False,True,False,False,False,False,2
878,"AI alert — Kanchipuram silk market lane, Kumbakonam: Person shadowing female for 400 metres since 10:00 PM. Intervention dispatched.",being_followed,0.8518518518518521,184,12,10:00 PM,Tamil Nadu,train,ai alert kanchipuram silk market lane kumbakonam person shadowing female for 400 metres since 1000 pm intervention dispatched,0,False,False,False,False,False,False,False,False,False,False,True,False,False,False,False,False,False,False,False,False,False,False,22
879,"Gait analysis — Thanjavur Big Temple road, Salem (12:30 AM): Female shows 78% distress probability. Salem Police intervention recommended.",suspicious_behavior,0.0,711,38,12:30 AM,Tamil Nadu,test,gait analysis thanjavur big temple road salem 1230 am female shows 78 distress probability salem police intervention recommended,6,True,False,False,False,False,False,False,False,False,False,False,False,False,False,True,False,False,False,False,False,False,False,0
880,"NightWatch TN AI: Female detected at isolated Chromepet dark lane, Hosur at 9:30 PM. Street patrol redirected to her route.",lone_walking_night,0.7037037037037042,757,4,9:30 PM,Tamil Nadu,train,nightwatch tn ai female detected at isolated chromepet dark lane hosur at 930 pm street patrol redirected to her route,3,False,False,True,False,False,False,False,True,False,False,False,False,False,False,False,False,False,False,False,False,False,False,21
881,"Woman displaying rapid head turns and looking back repeatedly at Anna Nagar subway, Thoothukudi at 6:30 PM. Distress posture detected.",distress_signal,0.3333333333333339,771,1,6:30 PM,Tamil Nadu,train,woman displaying rapid head turns and looking back repeatedly at anna nagar subway thoothukudi at 630 pm distress posture detected,1,True,False,False,False,False,False,False,False,False,False,False,False,False,False,False,False,False,True,False,False,False,False,18
882,"Unknown vehicle following female pedestrian route near Goripalayam junction, Cuddalore. Time: 2:00 AM. TN RTO plate analysis underway.",threat_detected,0.925925925925926,27,9,2:00 AM,Tamil Nadu,train,unknown vehicle following female pedestrian route near goripalayam junction cuddalore time 200 am tn rto plate analysis underway,7,True,False,False,False,True,False,False,False,False,False,False,False,False,False,False,False,False,False,False,False,False,False,2
883,"Tamil Nadu SafeCity night log: Unaccompanied woman near Namakkal lorry stand area, Kumbakonam at 10:45 PM. Smart lights activated along path.",lone_walking_night,0.18518518518518556,291,24,10:45 PM,Tamil Nadu,train,tamil nadu safecity night log unaccompanied woman near namakkal lorry stand area kumbakonam at 1045 pm smart lights activated along path,3,False,False,True,False,False,False,False,False,False,False,True,False,False,False,False,False,False,False,False,False,False,False,22
884,"Female subject walking unaccompanied at SIPCOT industrial area road, Nagercoil at 5:45 PM. Street lights non-functional. Risk score elevated.",lone_walking_night,0.8888888888888888,572,32,5:45 PM,Tamil Nadu,val,female subject walking unaccompanied at sipcot industrial area road nagercoil at 545 pm street lights nonfunctional risk score elevated,3,False,False,True,False,False,False,False,False,False,False,False,False,True,False,False,False,False,False,False,False,False,False,17
885,"Two-person tracking alert at Medical college lane, Madurai: Male suspect pursuing female pedestrian. Duration 5 minutes. Alert: CRITICAL.",being_followed,0.2592592592592595,352,22,11:30 PM,Tamil Nadu,train,twoperson tracking alert at medical college lane madurai male suspect pursuing female pedestrian duration 5 minutes alert critical,0,False,False,False,False,False,False,False,False,False,False,False,True,False,False,False,False,False,False,False,False,False,False,23
886,"Night patrol AI report — Peelamedu road, Madurai at 8:00 PM. Female pedestrian count: 1. App notification sent for escort service.",lone_walking_night,0.592592592592593,607,28,8:00 PM,Tamil Nadu,train,night patrol ai report peelamedu road madurai at 800 pm female pedestrian count 1 app notification sent for escort service,3,False,False,True,False,False,False,False,False,False,False,False,True,False,False,False,False,False,False,False,False,False,False,20
887,"Woman jogging with earphones at T. Nagar bus stand, Madurai at 3:00 AM. Regular route. No suspicious activity. Status: NORMAL.",safe,0.5185185185185186,281,36,3:00 AM,Tamil Nadu,train,woman jogging with earphones at t nagar bus stand madurai at 300 am regular route no suspicious activity status normal,5,False,True,False,False,False,False,False,False,False,False,False,True,False,False,False,False,False,False,False,False,False,False,3
888,Chennai Police dispatch initiated. Location: Marina Beach road. Time: 1:00 AM. Reason: Lone female at risk. Nearest unit responding.,being_followed,0.2962962962962967,657,18,1:00 AM,Tamil Nadu,train,chennai police dispatch initiated location marina beach road time 100 am reason lone female at risk nearest unit responding,0,False,False,False,False,False,False,False,False,False,False,False,False,False,False,False,False,False,False,False,False,False,False,1
889,"Body language model — Velachery IT corridor, Dindigul at 5:45 PM: Shoulders hunched, frequent backward glances. Risk: HIGH.",suspicious_behavior,0.18518518518518556,814,47,5:45 PM,Tamil Nadu,train,body language model velachery it corridor dindigul at 545 pm shoulders hunched frequent backward glances risk high,6,True,False,False,False,False,True,False,False,False,False,False,False,False,False,False,False,False,False,False,False,False,False,17
890,"Female subject walking unaccompanied at Tiruchirappalli Chatram bus stop, Kumbakonam at 7:45 PM. Street lights non-functional. Risk score elevated.",lone_walking_night,0.1111111111111116,651,41,7:45 PM,Tamil Nadu,train,female subject walking unaccompanied at tiruchirappalli chatram bus stop kumbakonam at 745 pm street lights nonfunctional risk score elevated,3,False,False,True,False,False,False,False,False,False,False,True,False,False,False,False,False,False,False,False,False,False,False,19
891,"AI behaviour score at Noyyal river walkway, Erode: Walking speed increased 40% in last 2 minutes. Time: 12:30 AM. Flagged.",suspicious_behavior,0.8518518518518521,195,25,12:30 AM,Tamil Nadu,val,ai behaviour score at noyyal river walkway erode walking speed increased 40 in last 2 minutes time 1230 am flagged,6,True,False,False,False,False,False,True,False,False,False,False,False,False,False,False,False,False,False,False,False,False,False,0
892,"AI pattern detection: Unknown male mirroring woman's path at Tiruchengode night road, Vellore since 6:30 PM. High confidence tracking match.",being_followed,0.14814814814814836,686,40,6:30 PM,Tamil Nadu,train,ai pattern detection unknown male mirroring womans path at tiruchengode night road vellore since 630 pm high confidence tracking match,0,False,False,False,False,False,False,False,False,False,False,False,False,False,False,False,False,False,False,False,False,False,True,18
893,Erode night surveillance: Camera node flagged lone female at Tiruchengode night road at 8:00 PM. Nearest police booth alerted.,lone_walking_night,0.0740740740740744,553,40,8:00 PM,Tamil Nadu,val,erode night surveillance camera node flagged lone female at tiruchengode night road at 800 pm nearest police booth alerted,3,False,False,True,False,False,False,True,False,False,False,False,False,False,False,False,False,False,False,False,False,False,False,20
894,"Female student group passing Coimbatore Gandhipuram bus stop, Karur at 9:00 PM. Campus security visible nearby. SAFE.",safe,0.2592592592592595,925,5,9:00 PM,Tamil Nadu,train,female student group passing coimbatore gandhipuram bus stop karur at 900 pm campus security visible nearby safe,5,False,True,False,False,False,False,False,False,False,True,False,False,False,False,False,False,False,False,False,False,False,False,21
895,"NightWatch TN AI: Female detected at isolated RS Puram walkway, Coimbatore at 4:00 AM. Street patrol redirected to her route.",lone_walking_night,0.14814814814814836,785,31,4:00 AM,Tamil Nadu,train,nightwatch tn ai female detected at isolated rs puram walkway coimbatore at 400 am street patrol redirected to her route,3,False,False,True,True,False,False,False,False,False,False,False,False,False,False,False,False,False,False,False,False,False,False,4
896,"Female subject walking unaccompanied at Noyyal river walkway, Vellore at 2:30 AM. Street lights non-functional. Risk score elevated.",lone_walking_night,0.8888888888888888,287,25,2:30 AM,Tamil Nadu,train,female subject walking unaccompanied at noyyal river walkway vellore at 230 am street lights nonfunctional risk score elevated,3,False,False,True,False,False,False,False,False,False,False,False,False,False,False,False,False,False,False,False,False,False,True,2
897,Madurai Command Centre: Female being followed near Vellore CMC hospital road at 11:30 PM. Visual context sent to nearest PCR van.,being_followed,0.9629629629629632,497,48,11:30 PM,Tamil Nadu,val,madurai command centre female being followed near vellore cmc hospital road at 1130 pm visual context sent to nearest pcr van,0,False,False,False,False,False,False,False,False,False,False,False,True,False,False,False,False,False,False,False,False,False,False,23
898,"Female subject walking unaccompanied at Tiruchengode night road, Vellore at 4:00 AM. Street lights non-functional. Risk score elevated.",lone_walking_night,0.8888888888888888,895,40,4:00 AM,Tamil Nadu,train,female subject walking unaccompanied at tiruchengode night road vellore at 400 am street lights nonfunctional risk score elevated,3,False,False,True,False,False,False,False,False,False,False,False,False,False,False,False,False,False,False,False,False,False,True,4
899,"Woman at Goripalayam junction, Dindigul at 10:45 PM near ATM. Transaction completed. Moving normally. Status: SAFE.",safe,0.5555555555555558,491,9,10:45 PM,Tamil Nadu,train,woman at goripalayam junction dindigul at 1045 pm near atm transaction completed moving normally status safe,5,False,True,False,False,False,True,False,False,False,False,False,False,False,False,False,False,False,False,False,False,False,False,22
900,"Female pedestrian walking with companion near Virudhunagar bus stop, Cuddalore at 1:00 AM. No threats detected. Status: SAFE.",safe,0.22222222222222276,369,49,1:00 AM,Tamil Nadu,train,female pedestrian walking with companion near virudhunagar bus stop cuddalore at 100 am no threats detected status safe,5,False,True,False,False,True,False,False,False,False,False,False,False,False,False,False,False,False,False,False,False,False,False,1
901,"Encirclement behaviour detected at Tiruppur SIDCO area, Tiruchirappalli: Multiple individuals blocking path of lone woman. Alert raised at 10:45 PM.",group_harassment,0.44444444444444464,442,43,10:45 PM,Tamil Nadu,train,encirclement behaviour detected at tiruppur sidco area tiruchirappalli multiple individuals blocking path of lone woman alert raised at 1045 pm,2,False,False,False,False,False,False,False,False,False,False,False,False,False,False,False,False,False,False,True,False,False,False,22
902,Real-time alert dispatched. Thoothukudi Police Unit notified of situation at Katpadi dark alley. Timestamp: 11:00 PM. TNSP coordinating.,being_followed,0.48148148148148184,635,14,11:00 PM,Tamil Nadu,train,realtime alert dispatched thoothukudi police unit notified of situation at katpadi dark alley timestamp 1100 pm tnsp coordinating,0,False,False,False,False,False,False,False,False,False,False,False,False,False,False,False,False,False,True,False,False,False,False,23
903,"Woman jogging with earphones at Thanjavur Big Temple road, Salem at 10:00 PM. Regular route. No suspicious activity. Status: NORMAL.",safe,0.6296296296296298,272,38,10:00 PM,Tamil Nadu,val,woman jogging with earphones at thanjavur big temple road salem at 1000 pm regular route no suspicious activity status normal,5,False,True,False,False,False,False,False,False,False,False,False,False,False,False,True,False,False,False,False,False,False,False,22
904,"Tamil Nadu 112 Emergency integrated alert: Srirangam temple lane, Vellore at 3:30 AM. Female distress signal. Unit en route.",being_followed,0.666666666666667,521,35,3:30 AM,Tamil Nadu,train,tamil nadu 112 emergency integrated alert srirangam temple lane vellore at 330 am female distress signal unit en route,0,False,False,True,False,False,False,False,False,False,False,False,False,False,False,False,False,False,False,False,False,False,True,3
905,"AI behaviour score at Tirunelveli junction footpath, Karur: Walking speed increased 40% in last 2 minutes. Time: 8:00 PM. Flagged.",suspicious_behavior,0.7037037037037042,559,42,8:00 PM,Tamil Nadu,train,ai behaviour score at tirunelveli junction footpath karur walking speed increased 40 in last 2 minutes time 800 pm flagged,6,True,False,False,False,False,False,False,False,False,True,False,False,False,False,False,False,False,False,False,False,False,False,20
906,"SmartCity TN surveillance — Katpadi dark alley, Hosur, 8:00 PM: Face anonymised. Gender: Female. Motion: Walking alone.",monitoring,0.8148148148148149,475,14,8:00 PM,Tamil Nadu,test,smartcity tn surveillance katpadi dark alley hosur 800 pm face anonymised gender female motion walking alone,4,False,True,False,False,False,False,False,True,False,False,False,False,False,False,False,False,False,False,False,False,False,False,20
907,"NightWatch TN AI: Female detected at isolated Namakkal lorry stand area, Vellore at 3:30 AM. Street patrol redirected to her route.",lone_walking_night,0.37037037037037024,684,24,3:30 AM,Tamil Nadu,train,nightwatch tn ai female detected at isolated namakkal lorry stand area vellore at 330 am street patrol redirected to her route,3,False,False,True,False,False,False,False,False,False,False,False,False,False,False,False,False,False,False,False,False,False,True,3
908,"Low-light camera activated at Tiruchirappalli Chatram bus stop, Thoothukudi at 12:00 AM. Thermal imaging shows lone female. Safe passage protocol triggered.",lone_walking_night,0.40740740740740744,587,41,12:00 AM,Tamil Nadu,train,lowlight camera activated at tiruchirappalli chatram bus stop thoothukudi at 1200 am thermal imaging shows lone female safe passage protocol triggered,3,False,False,True,False,False,False,False,False,False,False,False,False,False,False,False,False,False,True,False,False,False,False,0
909,"AI pipeline triggered at Chromepet dark lane, Vellore camera grid at 11:00 PM. Gender: Female. Activity: Walking alone. Threat score: 74/100.",monitoring,0.7777777777777781,198,4,11:00 PM,Tamil Nadu,train,ai pipeline triggered at chromepet dark lane vellore camera grid at 1100 pm gender female activity walking alone threat score 74100,4,False,True,False,False,False,False,False,False,False,False,False,False,False,False,False,False,False,False,False,False,False,True,23
910,"Gait analysis: Female at Koyambedu market, Coimbatore at 10:45 PM shows 82% distress probability. Coimbatore Police intervention recommended.",distress_signal,0.22222222222222276,715,15,10:45 PM,Tamil Nadu,val,gait analysis female at koyambedu market coimbatore at 1045 pm shows 82 distress probability coimbatore police intervention recommended,1,False,False,True,True,False,False,False,False,False,False,False,False,False,False,False,False,False,False,False,False,False,False,22
911,"Two-person tracking alert at Virudhunagar bus stop, Hosur: Male suspect pursuing female pedestrian. Duration 5 minutes. Alert: CRITICAL.",being_followed,0.925925925925926,506,49,12:00 AM,Tamil Nadu,val,twoperson tracking alert at virudhunagar bus stop hosur male suspect pursuing female pedestrian duration 5 minutes alert critical,0,False,False,False,False,False,False,False,True,False,False,False,False,False,False,False,False,False,False,False,False,False,False,0
912,"Camera detected group harassment at Porur flyover footpath, Vellore at 11:30 PM. Female surrounded, unable to proceed. Emergency alert sent.",group_harassment,1.0,788,30,11:30 PM,Tamil Nadu,val,camera detected group harassment at porur flyover footpath vellore at 1130 pm female surrounded unable to proceed emergency alert sent,2,False,False,False,False,False,False,False,False,False,False,False,False,False,False,False,False,False,False,False,False,False,True,23
913,"Tamil Nadu CCTV integration alert: Goripalayam junction, Madurai at 2:00 AM. Cross-camera tracking active across 3 zones.",monitoring,0.22222222222222276,671,9,2:00 AM,Tamil Nadu,val,tamil nadu cctv integration alert goripalayam junction madurai at 200 am crosscamera tracking active across 3 zones,4,False,True,False,False,False,False,False,False,False,False,False,True,False,False,False,False,False,False,False,False,False,False,2
914,"Abnormal movement pattern: Female subject running intermittently near Tiruchengode night road, Tiruchirappalli at 1:30 AM. Possible escape behaviour.",distress_signal,0.8148148148148149,134,40,1:30 AM,Tamil Nadu,test,abnormal movement pattern female subject running intermittently near tiruchengode night road tiruchirappalli at 130 am possible escape behaviour,1,True,False,False,False,False,False,False,False,False,False,False,False,False,False,False,False,False,False,True,False,False,False,1
915,"Camera network at Ammapet isolated street, Coimbatore flagged repeated path overlap at 11:30 PM. Male subject tracked across 3 camera zones.",being_followed,0.3333333333333339,810,0,11:30 PM,Tamil Nadu,train,camera network at ammapet isolated street coimbatore flagged repeated path overlap at 1130 pm male subject tracked across 3 camera zones,0,False,False,False,True,False,False,False,False,False,False,False,False,False,False,False,False,False,False,False,False,False,False,23
916,CCTV alert — Madurai: Woman walking alone at Virudhunagar bus stop at 12:00 AM. No other pedestrians within 50 metres.,lone_walking_night,0.666666666666667,476,49,12:00 AM,Tamil Nadu,test,cctv alert madurai woman walking alone at virudhunagar bus stop at 1200 am no other pedestrians within 50 metres,3,False,False,True,False,False,False,False,False,False,False,False,True,False,False,False,False,False,False,False,False,False,False,0
917,"Woman detected walking alone near Thoothukudi port road, Kumbakonam at 11:00 PM. No companion visible. Area poorly lit. Tamil Nadu Police alert dispatched.",lone_walking_night,0.7407407407407409,250,39,11:00 PM,Tamil Nadu,val,woman detected walking alone near thoothukudi port road kumbakonam at 1100 pm no companion visible area poorly lit tamil nadu police alert dispatched,3,False,False,True,False,False,False,False,False,False,False,True,False,False,False,False,False,False,False,False,False,False,False,23
918,"Unattended bag flagged near woman at Mathigiri isolated path, Hosur at 7:45 PM. Hosur bomb disposal team notified. Female being evacuated.",threat_detected,0.14814814814814836,720,20,7:45 PM,Tamil Nadu,train,unattended bag flagged near woman at mathigiri isolated path hosur at 745 pm hosur bomb disposal team notified female being evacuated,7,True,False,False,False,False,False,False,True,False,False,False,False,False,False,False,False,False,False,False,False,False,False,19
919,"Stalking behaviour detected at Nagercoil bus stand area, Thanjavur: Subject changed direction twice; follower replicated both turns. Time: 1:00 AM.",being_followed,0.8148148148148149,892,23,1:00 AM,Tamil Nadu,train,stalking behaviour detected at nagercoil bus stand area thanjavur subject changed direction twice follower replicated both turns time 100 am,0,False,False,False,False,False,False,False,False,False,False,False,False,False,False,False,False,True,False,False,False,False,False,1
920,"Two women walking together near Palayamkottai night road, Vellore at 3:00 AM. Well-lit area. System status: SAFE.",safe,0.592592592592593,743,26,3:00 AM,Tamil Nadu,train,two women walking together near palayamkottai night road vellore at 300 am welllit area system status safe,5,False,True,False,False,False,False,False,False,False,False,False,False,False,False,False,False,False,False,False,False,False,True,3
921,"Two-person tracking alert at Katpadi dark alley, Namakkal: Male suspect pursuing female pedestrian. Duration 5 minutes. Alert: CRITICAL.",being_followed,0.592592592592593,698,14,9:30 PM,Tamil Nadu,train,twoperson tracking alert at katpadi dark alley namakkal male suspect pursuing female pedestrian duration 5 minutes alert critical,0,False,False,False,False,False,False,False,False,False,False,False,False,False,True,False,False,False,False,False,False,False,False,21
922,Automated alert to Salem Police: Female safety concern at Tiruchengode night road at 11:30 PM. GPS coordinates transmitted.,being_followed,0.592592592592593,230,40,11:30 PM,Tamil Nadu,train,automated alert to salem police female safety concern at tiruchengode night road at 1130 pm gps coordinates transmitted,0,False,False,False,False,False,False,False,False,False,False,False,False,False,False,True,False,False,False,False,False,False,False,23
923,"Woman at Virudhunagar bus stop, Namakkal at 3:30 AM near ATM. Transaction completed. Moving normally. Status: SAFE.",safe,0.6296296296296298,566,49,3:30 AM,Tamil Nadu,train,woman at virudhunagar bus stop namakkal at 330 am near atm transaction completed moving normally status safe,5,False,True,False,False,False,False,False,False,False,False,False,False,False,True,False,False,False,False,False,False,False,False,3
924,"Tamil Nadu SafeCity night log: Unaccompanied woman near Tambaram railway station, Tiruppur at 8:00 PM. Smart lights activated along path.",lone_walking_night,0.5555555555555558,606,37,8:00 PM,Tamil Nadu,val,tamil nadu safecity night log unaccompanied woman near tambaram railway station tiruppur at 800 pm smart lights activated along path,3,False,False,True,False,False,False,False,False,False,False,False,False,False,False,False,False,False,False,False,False,True,False,20
925,"AI body language analysis at Perambur street, Dindigul: Subject shows defensive posture, looking over shoulder frequently. Time: 8:30 PM.",distress_signal,0.18518518518518556,411,29,8:30 PM,Tamil Nadu,val,ai body language analysis at perambur street dindigul subject shows defensive posture looking over shoulder frequently time 830 pm,1,True,False,False,False,False,True,False,False,False,False,False,False,False,False,False,False,False,False,False,False,False,False,20
926,"Female student group passing Palayamkottai night road, Chennai at 7:45 PM. Campus security visible nearby. SAFE.",safe,0.7407407407407409,494,26,7:45 PM,Tamil Nadu,train,female student group passing palayamkottai night road chennai at 745 pm campus security visible nearby safe,5,False,True,False,False,False,False,False,False,False,False,False,False,False,False,False,False,False,False,False,False,False,False,19
927,"Tamil Nadu SafeCity system: Female detected alone at Erode bus terminus lane, Kumbakonam. Time: 2:30 AM. Escort service notification sent via app.",lone_walking_night,0.0,486,8,2:30 AM,Tamil Nadu,train,tamil nadu safecity system female detected alone at erode bus terminus lane kumbakonam time 230 am escort service notification sent via app,3,False,False,True,False,False,False,False,False,False,False,True,False,False,False,False,False,False,False,False,False,False,False,2
928,"Woman jogging with earphones at Coimbatore Gandhipuram bus stop, Namakkal at 1:00 AM. Regular route. No suspicious activity. Status: NORMAL.",safe,0.7777777777777781,753,5,1:00 AM,Tamil Nadu,train,woman jogging with earphones at coimbatore gandhipuram bus stop namakkal at 100 am regular route no suspicious activity status normal,5,False,True,False,False,False,False,False,False,False,False,False,False,False,True,False,False,False,False,False,False,False,False,1
929,"Tamil Nadu CCTV integration alert: Tiruchirappalli Chatram bus stop, Tirunelveli at 5:45 PM. Cross-camera tracking active across 3 zones.",monitoring,0.37037037037037024,87,41,5:45 PM,Tamil Nadu,train,tamil nadu cctv integration alert tiruchirappalli chatram bus stop tirunelveli at 545 pm crosscamera tracking active across 3 zones,4,False,True,False,False,False,False,False,False,False,False,False,False,False,False,False,False,False,False,False,True,False,False,17
930,"TN SafeCity AI behavioural engine: Subject at Peelamedu road, Namakkal at 3:30 AM showing signs consistent with being followed.",suspicious_behavior,0.3333333333333339,81,28,3:30 AM,Tamil Nadu,val,tn safecity ai behavioural engine subject at peelamedu road namakkal at 330 am showing signs consistent with being followed,6,True,False,False,False,False,False,False,False,False,False,False,False,False,True,False,False,False,False,False,False,False,False,3
931,"CCTV log — Noyyal river walkway, Nagercoil: Female pedestrian in group of 4. Well-lit street. Time: 2:00 AM. SAFE.",safe,0.3333333333333339,633,25,2:00 AM,Tamil Nadu,train,cctv log noyyal river walkway nagercoil female pedestrian in group of 4 welllit street time 200 am safe,5,False,True,False,False,False,False,False,False,False,False,False,False,True,False,False,False,False,False,False,False,False,False,2
932,"Deep learning classifier — Mathigiri isolated path, Cuddalore: Subject accelerated pace 40% in 2 minutes. Time: 12:00 AM. Flagged HIGH.",distress_signal,0.22222222222222276,830,20,12:00 AM,Tamil Nadu,train,deep learning classifier mathigiri isolated path cuddalore subject accelerated pace 40 in 2 minutes time 1200 am flagged high,1,True,False,False,False,True,False,False,False,False,False,False,False,False,False,False,False,False,False,False,False,False,False,0
933,Real-time alert dispatched. Vellore Police Unit notified of situation at Porur flyover footpath. Timestamp: 11:30 PM. TNSP coordinating.,being_followed,0.37037037037037024,696,30,11:30 PM,Tamil Nadu,test,realtime alert dispatched vellore police unit notified of situation at porur flyover footpath timestamp 1130 pm tnsp coordinating,0,False,False,False,False,False,False,False,False,False,False,False,False,False,False,False,False,False,False,False,False,False,True,23
934,Hosur night surveillance: Camera node flagged lone female at Noyyal river walkway at 8:30 PM. Nearest police booth alerted.,lone_walking_night,0.666666666666667,74,25,8:30 PM,Tamil Nadu,val,hosur night surveillance camera node flagged lone female at noyyal river walkway at 830 pm nearest police booth alerted,3,False,False,True,False,False,False,False,True,False,False,False,False,False,False,False,False,False,False,False,False,False,False,20
935,"Woman at Noyyal river walkway, Karur at 7:45 PM near ATM. Transaction completed. Moving normally. Status: SAFE.",safe,0.7037037037037042,433,25,7:45 PM,Tamil Nadu,train,woman at noyyal river walkway karur at 745 pm near atm transaction completed moving normally status safe,5,False,True,False,False,False,False,False,False,False,True,False,False,False,False,False,False,False,False,False,False,False,False,19
936,"Camera network at Guindy underpass, Madurai flagged repeated path overlap at 9:00 PM. Male subject tracked across 3 camera zones.",being_followed,1.0,858,10,9:00 PM,Tamil Nadu,train,camera network at guindy underpass madurai flagged repeated path overlap at 900 pm male subject tracked across 3 camera zones,0,False,False,False,False,False,False,False,False,False,False,False,True,False,False,False,False,False,False,False,False,False,False,21
937,"Night monitoring alert: Lone female pedestrian near Tiruppur SIDCO area, Namakkal at 1:00 AM. Smart lighting activated along route.",lone_walking_night,0.7777777777777781,182,43,1:00 AM,Tamil Nadu,test,night monitoring alert lone female pedestrian near tiruppur sidco area namakkal at 100 am smart lighting activated along route,3,False,False,True,False,False,False,False,False,False,False,False,False,False,True,False,False,False,False,False,False,False,False,1
938,"TN-MD camera grid alert — Thanjavur Big Temple road, Salem: Behaviour anomaly at 2:00 AM. Female subject flagged for monitoring.",monitoring,0.8888888888888888,341,38,2:00 AM,Tamil Nadu,train,tnmd camera grid alert thanjavur big temple road salem behaviour anomaly at 200 am female subject flagged for monitoring,4,False,True,False,False,False,False,False,False,False,False,False,False,False,False,True,False,False,False,False,False,False,False,2
939,"Woman detected walking alone near VOC Park pathway, Karur at 2:00 AM. No companion visible. Area poorly lit. Tamil Nadu Police alert dispatched.",lone_walking_night,0.44444444444444464,360,44,2:00 AM,Tamil Nadu,train,woman detected walking alone near voc park pathway karur at 200 am no companion visible area poorly lit tamil nadu police alert dispatched,3,False,False,True,False,False,False,False,False,False,True,False,False,False,False,False,False,False,False,False,False,False,False,2
940,"Gait analysis: Female at Papanasam dark street, Thoothukudi at 12:30 AM shows 82% distress probability. Thoothukudi Police intervention recommended.",distress_signal,0.0370370370370372,931,27,12:30 AM,Tamil Nadu,train,gait analysis female at papanasam dark street thoothukudi at 1230 am shows 82 distress probability thoothukudi police intervention recommended,1,True,False,False,False,False,False,False,False,False,False,False,False,False,False,False,False,False,True,False,False,False,False,0
941,"AI pattern detection: Unknown male mirroring woman's path at Madurai Meenakshi temple road, Thoothukudi since 9:30 PM. High confidence tracking match.",being_followed,0.44444444444444464,871,17,9:30 PM,Tamil Nadu,val,ai pattern detection unknown male mirroring womans path at madurai meenakshi temple road thoothukudi since 930 pm high confidence tracking match,0,False,False,False,False,False,False,False,False,False,False,False,False,False,False,False,False,False,True,False,False,False,False,21
942,"SOS gesture pattern detected near Virudhunagar bus stop, Dindigul at 10:45 PM. Subject waving arms — possible request for help.",distress_signal,0.0370370370370372,167,49,10:45 PM,Tamil Nadu,train,sos gesture pattern detected near virudhunagar bus stop dindigul at 1045 pm subject waving arms possible request for help,1,True,False,False,False,False,True,False,False,False,False,False,False,False,False,False,False,False,False,False,False,False,False,22
943,"Woman detected walking alone near Vellore CMC hospital road, Salem at 8:30 PM. No companion visible. Area poorly lit. Tamil Nadu Police alert dispatched.",lone_walking_night,0.1111111111111116,279,48,8:30 PM,Tamil Nadu,val,woman detected walking alone near vellore cmc hospital road salem at 830 pm no companion visible area poorly lit tamil nadu police alert dispatched,3,False,False,True,False,False,False,False,False,False,False,False,False,False,False,True,False,False,False,False,False,False,False,20
944,"Night monitoring alert: Lone female pedestrian near Virudhunagar bus stop, Karur at 4:00 AM. Smart lighting activated along route.",lone_walking_night,0.592592592592593,473,49,4:00 AM,Tamil Nadu,test,night monitoring alert lone female pedestrian near virudhunagar bus stop karur at 400 am smart lighting activated along route,3,False,False,True,False,False,False,False,False,False,True,False,False,False,False,False,False,False,False,False,False,False,False,4
945,"Two-person tracking alert at Vellore CMC hospital road, Cuddalore: Male suspect pursuing female pedestrian. Duration 5 minutes. Alert: CRITICAL.",being_followed,0.592592592592593,634,48,10:45 PM,Tamil Nadu,val,twoperson tracking alert at vellore cmc hospital road cuddalore male suspect pursuing female pedestrian duration 5 minutes alert critical,0,False,False,False,False,True,False,False,False,False,False,False,False,False,False,False,False,False,False,False,False,False,False,22
946,"Camera network at Cuddalore old town street, Kumbakonam flagged repeated path overlap at 10:45 PM. Male subject tracked across 3 camera zones.",being_followed,0.7037037037037042,202,6,10:45 PM,Tamil Nadu,train,camera network at cuddalore old town street kumbakonam flagged repeated path overlap at 1045 pm male subject tracked across 3 camera zones,0,False,False,False,False,False,False,False,False,False,False,True,False,False,False,False,False,False,False,False,False,False,False,22
947,"TN-SL camera grid alert — Cuddalore old town street, Salem: Behaviour anomaly at 7:45 PM. Female subject flagged for monitoring.",monitoring,0.7037037037037042,453,6,7:45 PM,Tamil Nadu,val,tnsl camera grid alert cuddalore old town street salem behaviour anomaly at 745 pm female subject flagged for monitoring,4,False,True,False,False,False,False,False,False,False,False,False,False,False,False,True,False,False,False,False,False,False,False,19
948,Automated alert to Thanjavur Police: Female safety concern at Marthandam road at 3:30 AM. GPS coordinates transmitted.,being_followed,0.40740740740740744,593,19,3:30 AM,Tamil Nadu,val,automated alert to thanjavur police female safety concern at marthandam road at 330 am gps coordinates transmitted,0,False,False,False,False,False,False,False,False,False,False,False,False,False,False,False,False,True,False,False,False,False,False,3
949,"AI alert — Perambur street, Cuddalore: Person shadowing female for 400 metres since 6:30 PM. Intervention dispatched.",being_followed,0.592592592592593,650,29,6:30 PM,Tamil Nadu,train,ai alert perambur street cuddalore person shadowing female for 400 metres since 630 pm intervention dispatched,0,False,False,False,False,True,False,False,False,False,False,False,False,False,False,False,False,False,False,False,False,False,False,18
950,"AI pattern detection: Unknown male mirroring woman's path at Karur textile market lane, Nagercoil since 10:45 PM. High confidence tracking match.",being_followed,0.6296296296296298,224,13,10:45 PM,Tamil Nadu,val,ai pattern detection unknown male mirroring womans path at karur textile market lane nagercoil since 1045 pm high confidence tracking match,0,False,False,False,False,False,False,False,False,False,False,False,False,True,False,False,False,False,False,False,False,False,False,22
951,Thoothukudi Urban Command Centre log: Guindy underpass camera flagged unusual activity at 8:30 PM. Female subject under observation.,monitoring,0.9629629629629632,368,10,8:30 PM,Tamil Nadu,train,thoothukudi urban command centre log guindy underpass camera flagged unusual activity at 830 pm female subject under observation,4,False,False,True,False,False,False,False,False,False,False,False,False,False,False,False,False,False,True,False,False,False,False,20
952,"SOS gesture pattern detected near Goripalayam junction, Chennai at 12:00 AM. Subject waving arms — possible request for help.",distress_signal,0.5555555555555558,910,9,12:00 AM,Tamil Nadu,train,sos gesture pattern detected near goripalayam junction chennai at 1200 am subject waving arms possible request for help,1,True,False,False,False,False,False,False,False,False,False,False,False,False,False,False,False,False,False,False,False,False,False,0
953,"Command Centre to field unit: Respond to Anna Nagar subway, Chennai. Female pedestrian safety alert. Time: 8:00 PM. Priority: HIGH.",being_followed,0.7777777777777781,132,1,8:00 PM,Tamil Nadu,train,command centre to field unit respond to anna nagar subway chennai female pedestrian safety alert time 800 pm priority high,0,False,False,False,False,False,False,False,False,False,False,False,False,False,False,False,False,False,False,False,False,False,False,20
954,"Gait analysis: Female at Kanchipuram silk market lane, Sivakasi at 9:00 PM shows 82% distress probability. Sivakasi Police intervention recommended.",distress_signal,0.0740740740740744,699,12,9:00 PM,Tamil Nadu,train,gait analysis female at kanchipuram silk market lane sivakasi at 900 pm shows 82 distress probability sivakasi police intervention recommended,1,True,False,False,False,False,False,False,False,False,False,False,False,False,False,False,True,False,False,False,False,False,False,21
955,"Tamil Nadu SafeCity system: Female detected alone at Karur textile market lane, Dindigul. Time: 6:30 PM. Escort service notification sent via app.",lone_walking_night,0.7777777777777781,839,13,6:30 PM,Tamil Nadu,train,tamil nadu safecity system female detected alone at karur textile market lane dindigul time 630 pm escort service notification sent via app,3,False,False,True,False,False,True,False,False,False,False,False,False,False,False,False,False,False,False,False,False,False,False,18
956,"Weapon-like object detected near female subject at Tiruchengode night road, Thoothukudi at 2:30 AM. Visual verification requested. Alert: HIGH.",threat_detected,0.2592592592592595,313,40,2:30 AM,Tamil Nadu,test,weaponlike object detected near female subject at tiruchengode night road thoothukudi at 230 am visual verification requested alert high,7,True,False,False,False,False,False,False,False,False,False,False,False,False,False,False,False,False,True,False,False,False,False,2
957,"Abnormal movement pattern: Female subject running intermittently near Katpadi dark alley, Thanjavur at 2:30 AM. Possible escape behaviour.",distress_signal,0.22222222222222276,217,14,2:30 AM,Tamil Nadu,train,abnormal movement pattern female subject running intermittently near katpadi dark alley thanjavur at 230 am possible escape behaviour,1,True,False,False,False,False,False,False,False,False,False,False,False,False,False,False,False,True,False,False,False,False,False,2
958,"Tamil Nadu SafeCity system: Female detected alone at Marthandam road, Tiruchirappalli. Time: 1:00 AM. Escort service notification sent via app.",lone_walking_night,0.666666666666667,426,19,1:00 AM,Tamil Nadu,train,tamil nadu safecity system female detected alone at marthandam road tiruchirappalli time 100 am escort service notification sent via app,3,False,False,True,False,False,False,False,False,False,False,False,False,False,False,False,False,False,False,True,False,False,False,1
959,"Group of 3+ males surrounding female subject near Erode bus terminus lane, Tiruchirappalli at 12:00 AM. Subject movement restricted. Police dispatch initiated.",group_harassment,1.0,327,8,12:00 AM,Tamil Nadu,train,group of 3 males surrounding female subject near erode bus terminus lane tiruchirappalli at 1200 am subject movement restricted police dispatch initiated,2,False,False,False,False,False,False,False,False,False,False,False,False,False,False,False,False,False,False,True,False,False,False,0
960,"Female subject near Ammapet isolated street, Hosur at 10:45 PM. Security escort confirmed by Hosur Police. Status: SAFE.",safe,0.0370370370370372,623,0,10:45 PM,Tamil Nadu,train,female subject near ammapet isolated street hosur at 1045 pm security escort confirmed by hosur police status safe,5,False,True,False,False,False,False,False,True,False,False,False,False,False,False,False,False,False,False,False,False,False,False,22
961,"NightWatch TN AI: Female detected at isolated Avinashi road footpath, Cuddalore at 4:00 AM. Street patrol redirected to her route.",lone_walking_night,0.5555555555555558,232,2,4:00 AM,Tamil Nadu,train,nightwatch tn ai female detected at isolated avinashi road footpath cuddalore at 400 am street patrol redirected to her route,3,False,False,True,False,True,False,False,False,False,False,False,False,False,False,False,False,False,False,False,False,False,False,4
962,"Single female pedestrian identified at Tiruchirappalli Chatram bus stop, Nagercoil at 2:30 AM. Isolated stretch near Tiruchirappalli Chatram bus stop. System flagged for monitoring.",lone_walking_night,0.14814814814814836,389,41,2:30 AM,Tamil Nadu,test,single female pedestrian identified at tiruchirappalli chatram bus stop nagercoil at 230 am isolated stretch near tiruchirappalli chatram bus stop system flagged for monitoring,3,False,False,True,False,False,False,False,False,False,False,False,False,True,False,False,False,False,False,False,False,False,False,2
963,"Female pedestrian walking with companion near Vadapalani signal, Vellore at 6:30 PM. No threats detected. Status: SAFE.",safe,0.5555555555555558,46,45,6:30 PM,Tamil Nadu,val,female pedestrian walking with companion near vadapalani signal vellore at 630 pm no threats detected status safe,5,False,True,False,False,False,False,False,False,False,False,False,False,False,False,False,False,False,False,False,False,False,True,18
964,"Night monitoring alert: Lone female pedestrian near Anna Nagar subway, Kanchipuram at 6:30 PM. Smart lighting activated along route.",lone_walking_night,0.1111111111111116,926,1,6:30 PM,Tamil Nadu,train,night monitoring alert lone female pedestrian near anna nagar subway kanchipuram at 630 pm smart lighting activated along route,3,False,False,True,False,False,False,False,False,True,False,False,False,False,False,False,False,False,False,False,False,False,False,18
965,"AI pattern detection: Unknown male mirroring woman's path at Karur textile market lane, Hosur since 12:30 AM. High confidence tracking match.",being_followed,0.9629629629629632,774,13,12:30 AM,Tamil Nadu,train,ai pattern detection unknown male mirroring womans path at karur textile market lane hosur since 1230 am high confidence tracking match,0,False,False,False,False,False,False,False,True,False,False,False,False,False,False,False,False,False,False,False,False,False,False,0
966,CCTV alert — Tiruchirappalli: Woman walking alone at Namakkal lorry stand area at 6:30 PM. No other pedestrians within 50 metres.,lone_walking_night,0.2962962962962967,157,24,6:30 PM,Tamil Nadu,test,cctv alert tiruchirappalli woman walking alone at namakkal lorry stand area at 630 pm no other pedestrians within 50 metres,3,False,False,True,False,False,False,False,False,False,False,False,False,False,False,False,False,False,False,True,False,False,False,18
967,"Camera network at Coimbatore Gandhipuram bus stop, Erode flagged repeated path overlap at 2:30 AM. Male subject tracked across 3 camera zones.",being_followed,0.8518518518518521,906,5,2:30 AM,Tamil Nadu,val,camera network at coimbatore gandhipuram bus stop erode flagged repeated path overlap at 230 am male subject tracked across 3 camera zones,0,False,False,False,False,False,False,True,False,False,False,False,False,False,False,False,False,False,False,False,False,False,False,2
968,"Unattended bag flagged near woman at Tirunelveli junction footpath, Thanjavur at 4:00 AM. Thanjavur bomb disposal team notified. Female being evacuated.",threat_detected,0.925925925925926,440,42,4:00 AM,Tamil Nadu,train,unattended bag flagged near woman at tirunelveli junction footpath thanjavur at 400 am thanjavur bomb disposal team notified female being evacuated,7,True,False,False,False,False,False,False,False,False,False,False,False,False,False,False,False,True,False,False,False,False,False,4
969,"Female subject walking unaccompanied at Vellore CMC hospital road, Cuddalore at 1:30 AM. Street lights non-functional. Risk score elevated.",lone_walking_night,0.7037037037037042,488,48,1:30 AM,Tamil Nadu,train,female subject walking unaccompanied at vellore cmc hospital road cuddalore at 130 am street lights nonfunctional risk score elevated,3,False,False,True,False,True,False,False,False,False,False,False,False,False,False,False,False,False,False,False,False,False,False,1
970,"Abnormal movement pattern: Female subject running intermittently near Perambur street, Chennai at 8:00 PM. Possible escape behaviour.",distress_signal,0.592592592592593,688,29,8:00 PM,Tamil Nadu,train,abnormal movement pattern female subject running intermittently near perambur street chennai at 800 pm possible escape behaviour,1,True,False,False,False,False,False,False,False,False,False,False,False,False,False,False,False,False,False,False,False,False,False,20
971,Hosur SafeCity alert: Eve-teasing behaviour flagged at Kumbakonam temple tank road at 2:00 AM. All India Women Helpline 181 notified.,group_harassment,0.37037037037037024,652,16,2:00 AM,Tamil Nadu,test,hosur safecity alert eveteasing behaviour flagged at kumbakonam temple tank road at 200 am all india women helpline 181 notified,2,False,False,False,False,False,False,False,True,False,False,False,False,False,False,False,False,False,False,False,False,False,False,2
972,"SmartCity TN surveillance — Cuddalore old town street, Tiruchirappalli, 1:30 AM: Face anonymised. Gender: Female. Motion: Walking alone.",monitoring,0.0,891,6,1:30 AM,Tamil Nadu,train,smartcity tn surveillance cuddalore old town street tiruchirappalli 130 am face anonymised gender female motion walking alone,4,False,False,False,False,False,False,False,False,False,False,False,False,False,False,False,False,False,False,True,False,False,False,1
973,"Woman displaying rapid head turns and looking back repeatedly at Velachery IT corridor, Namakkal at 7:45 PM. Distress posture detected.",distress_signal,0.2962962962962967,656,47,7:45 PM,Tamil Nadu,val,woman displaying rapid head turns and looking back repeatedly at velachery it corridor namakkal at 745 pm distress posture detected,1,True,False,False,False,False,False,False,False,False,False,False,False,False,True,False,False,False,False,False,False,False,False,19
974,Salem Command Centre: Female being followed near Mathigiri isolated path at 8:30 PM. Visual context sent to nearest PCR van.,being_followed,0.925925925925926,613,20,8:30 PM,Tamil Nadu,train,salem command centre female being followed near mathigiri isolated path at 830 pm visual context sent to nearest pcr van,0,False,False,False,False,False,False,False,False,False,False,False,False,False,False,True,False,False,False,False,False,False,False,20
975,Nagercoil Urban Command Centre log: Karur textile market lane camera flagged unusual activity at 6:30 PM. Female subject under observation.,monitoring,0.5185185185185186,383,13,6:30 PM,Tamil Nadu,val,nagercoil urban command centre log karur textile market lane camera flagged unusual activity at 630 pm female subject under observation,4,False,True,False,False,False,False,False,False,False,False,False,False,True,False,False,False,False,False,False,False,False,False,18
976,"Group of 3+ males surrounding female subject near RS Puram walkway, Vellore at 7:45 PM. Subject movement restricted. Police dispatch initiated.",group_harassment,0.7407407407407409,745,31,7:45 PM,Tamil Nadu,train,group of 3 males surrounding female subject near rs puram walkway vellore at 745 pm subject movement restricted police dispatch initiated,2,False,False,False,False,False,False,False,False,False,False,False,False,False,False,False,False,False,False,False,False,False,True,19
977,"Suspicious individual following female subject for 3+ minutes near Vadapalani signal, Salem at 2:30 AM. Police alerted immediately.",being_followed,0.2962962962962967,379,45,2:30 AM,Tamil Nadu,train,suspicious individual following female subject for 3 minutes near vadapalani signal salem at 230 am police alerted immediately,0,False,False,False,False,False,False,False,False,False,False,False,False,False,False,True,False,False,False,False,False,False,False,2
978,"Unattended bag flagged near woman at Ammapet isolated street, Cuddalore at 4:00 AM. Cuddalore bomb disposal team notified. Female being evacuated.",threat_detected,0.0370370370370372,185,0,4:00 AM,Tamil Nadu,train,unattended bag flagged near woman at ammapet isolated street cuddalore at 400 am cuddalore bomb disposal team notified female being evacuated,7,True,False,False,False,True,False,False,False,False,False,False,False,False,False,False,False,False,False,False,False,False,False,4
979,"CCTV log — Srirangam temple lane, Chennai: Female pedestrian in group of 4. Well-lit street. Time: 9:30 PM. SAFE.",safe,0.7407407407407409,507,35,9:30 PM,Tamil Nadu,train,cctv log srirangam temple lane chennai female pedestrian in group of 4 welllit street time 930 pm safe,5,False,True,False,False,False,False,False,False,False,False,False,False,False,False,False,False,False,False,False,False,False,False,21
980,"SmartCity TN surveillance — Avinashi road footpath, Sivakasi, 8:30 PM: Face anonymised. Gender: Female. Motion: Walking alone.",monitoring,0.7777777777777781,519,2,8:30 PM,Tamil Nadu,test,smartcity tn surveillance avinashi road footpath sivakasi 830 pm face anonymised gender female motion walking alone,4,False,True,False,False,False,False,False,False,False,False,False,False,False,False,False,True,False,False,False,False,False,False,20
981,"Weapon-like object detected near female subject at Vellore CMC hospital road, Tiruppur at 11:00 PM. Visual verification requested. Alert: HIGH.",threat_detected,0.8888888888888888,258,48,11:00 PM,Tamil Nadu,train,weaponlike object detected near female subject at vellore cmc hospital road tiruppur at 1100 pm visual verification requested alert high,7,True,False,False,False,False,False,False,False,False,False,False,False,False,False,False,False,False,False,False,False,True,False,23
982,"Low-light camera activated at Marthandam road, Nagercoil at 2:00 AM. Thermal imaging shows lone female. Safe passage protocol triggered.",lone_walking_night,0.22222222222222276,286,19,2:00 AM,Tamil Nadu,train,lowlight camera activated at marthandam road nagercoil at 200 am thermal imaging shows lone female safe passage protocol triggered,3,False,False,True,False,False,False,False,False,False,False,False,False,True,False,False,False,False,False,False,False,False,False,2
983,"Female subject near Avinashi road footpath, Nagercoil at 11:30 PM. Security escort confirmed by Nagercoil Police. Status: SAFE.",safe,0.925925925925926,328,2,11:30 PM,Tamil Nadu,train,female subject near avinashi road footpath nagercoil at 1130 pm security escort confirmed by nagercoil police status safe,5,False,True,False,False,False,False,False,False,False,False,False,False,True,False,False,False,False,False,False,False,False,False,23
984,"AI body language analysis at Mathigiri isolated path, Vellore: Subject shows defensive posture, looking over shoulder frequently. Time: 10:45 PM.",distress_signal,0.925925925925926,251,20,10:45 PM,Tamil Nadu,val,ai body language analysis at mathigiri isolated path vellore subject shows defensive posture looking over shoulder frequently time 1045 pm,1,True,False,False,False,False,False,False,False,False,False,False,False,False,False,False,False,False,False,False,False,False,True,22
985,"Night patrol AI report — Tiruchirappalli Chatram bus stop, Karur at 12:00 AM. Female pedestrian count: 1. App notification sent for escort service.",lone_walking_night,0.925925925925926,160,41,12:00 AM,Tamil Nadu,train,night patrol ai report tiruchirappalli chatram bus stop karur at 1200 am female pedestrian count 1 app notification sent for escort service,3,False,False,True,False,False,False,False,False,False,True,False,False,False,False,False,False,False,False,False,False,False,False,0
986,"Suspicious individual following female subject for 3+ minutes near Madurai Meenakshi temple road, Dindigul at 8:30 PM. Police alerted immediately.",being_followed,0.7037037037037042,213,17,8:30 PM,Tamil Nadu,train,suspicious individual following female subject for 3 minutes near madurai meenakshi temple road dindigul at 830 pm police alerted immediately,0,False,False,False,False,False,True,False,False,False,False,False,False,False,False,False,False,False,False,False,False,False,False,20
987,"Weapon-like object detected near female subject at Tirunelveli junction footpath, Dindigul at 2:30 AM. Visual verification requested. Alert: HIGH.",threat_detected,0.6296296296296298,915,42,2:30 AM,Tamil Nadu,val,weaponlike object detected near female subject at tirunelveli junction footpath dindigul at 230 am visual verification requested alert high,7,True,False,False,False,False,True,False,False,False,False,False,False,False,False,False,False,False,False,False,False,False,False,2
988,"Tamil Nadu SafeCity night log: Unaccompanied woman near Namakkal lorry stand area, Madurai at 8:30 PM. Smart lights activated along path.",lone_walking_night,0.6296296296296298,135,24,8:30 PM,Tamil Nadu,train,tamil nadu safecity night log unaccompanied woman near namakkal lorry stand area madurai at 830 pm smart lights activated along path,3,False,False,True,False,False,False,False,False,False,False,False,True,False,False,False,False,False,False,False,False,False,False,20
989,"Unknown vehicle following female pedestrian route near Bhavani river walkway, Dindigul. Time: 9:30 PM. TN RTO plate analysis underway.",threat_detected,0.666666666666667,267,3,9:30 PM,Tamil Nadu,train,unknown vehicle following female pedestrian route near bhavani river walkway dindigul time 930 pm tn rto plate analysis underway,7,True,False,False,False,False,True,False,False,False,False,False,False,False,False,False,False,False,False,False,False,False,False,21
990,"Stalking behaviour detected at SIPCOT industrial area road, Thanjavur: Subject changed direction twice; follower replicated both turns. Time: 8:30 PM.",being_followed,0.44444444444444464,288,32,8:30 PM,Tamil Nadu,train,stalking behaviour detected at sipcot industrial area road thanjavur subject changed direction twice follower replicated both turns time 830 pm,0,False,False,False,False,False,False,False,False,False,False,False,False,False,False,False,False,True,False,False,False,False,False,20
991,Chennai night surveillance: Camera node flagged lone female at Erode bus terminus lane at 1:30 AM. Nearest police booth alerted.,lone_walking_night,0.0370370370370372,235,8,1:30 AM,Tamil Nadu,train,chennai night surveillance camera node flagged lone female at erode bus terminus lane at 130 am nearest police booth alerted,3,False,False,True,False,False,False,False,False,False,False,False,False,False,False,False,False,False,False,False,False,False,False,1
992,"Vehicle slowing repeatedly near female pedestrian at Kumbakonam temple tank road, Tiruppur at 7:45 PM. TN licence plate captured. Police notified.",threat_detected,0.7777777777777781,340,16,7:45 PM,Tamil Nadu,train,vehicle slowing repeatedly near female pedestrian at kumbakonam temple tank road tiruppur at 745 pm tn licence plate captured police notified,7,True,False,False,False,False,False,False,False,False,False,False,False,False,False,False,False,False,False,False,False,True,False,19
993,AI surveillance flagged lone woman walking near Salem Steel Plant road in Hosur at 12:00 AM. Nearest patrol unit notified.,lone_walking_night,0.8148148148148149,692,33,12:00 AM,Tamil Nadu,val,ai surveillance flagged lone woman walking near salem steel plant road in hosur at 1200 am nearest patrol unit notified,3,False,False,True,False,False,False,False,True,False,False,False,False,False,False,False,False,False,False,False,False,False,False,0
994,"AI alert — Srirangam temple lane, Thanjavur: Person shadowing female for 400 metres since 3:30 AM. Intervention dispatched.",being_followed,0.5185185185185186,543,35,3:30 AM,Tamil Nadu,train,ai alert srirangam temple lane thanjavur person shadowing female for 400 metres since 330 am intervention dispatched,0,False,False,False,False,False,False,False,False,False,False,False,False,False,False,False,False,True,False,False,False,False,False,3
995,"Female student group passing Vadapalani signal, Erode at 11:00 PM. Campus security visible nearby. SAFE.",safe,0.18518518518518556,547,45,11:00 PM,Tamil Nadu,test,female student group passing vadapalani signal erode at 1100 pm campus security visible nearby safe,5,False,True,False,False,False,False,True,False,False,False,False,False,False,False,False,False,False,False,False,False,False,False,23
996,"Two-person tracking alert at Guindy underpass, Tiruchirappalli: Male suspect pursuing female pedestrian. Duration 5 minutes. Alert: CRITICAL.",being_followed,0.592592592592593,714,10,9:00 PM,Tamil Nadu,train,twoperson tracking alert at guindy underpass tiruchirappalli male suspect pursuing female pedestrian duration 5 minutes alert critical,0,False,False,False,False,False,False,False,False,False,False,False,False,False,False,False,False,False,False,True,False,False,False,21
997,"Tamil Nadu SafeCity night log: Unaccompanied woman near Guindy underpass, Cuddalore at 12:30 AM. Smart lights activated along path.",lone_walking_night,0.2962962962962967,928,10,12:30 AM,Tamil Nadu,train,tamil nadu safecity night log unaccompanied woman near guindy underpass cuddalore at 1230 am smart lights activated along path,3,False,False,True,False,True,False,False,False,False,False,False,False,False,False,False,False,False,False,False,False,False,False,0
998,"Deep learning classifier — Ammapet isolated street, Sivakasi: Lone female, night scene, isolated path, 9:30 PM. Risk score: 87/100.",suspicious_behavior,0.48148148148148184,740,0,9:30 PM,Tamil Nadu,val,deep learning classifier ammapet isolated street sivakasi lone female night scene isolated path 930 pm risk score 87100,6,False,True,False,False,False,False,False,False,False,False,False,False,False,False,False,True,False,False,False,False,False,False,21
999,"AI flagged aggressive group posture near female pedestrian at Noyyal river walkway, Kumbakonam. Time: 12:00 AM. Backup from Kumbakonam Police requested.",group_harassment,0.7037037037037042,574,25,12:00 AM,Tamil Nadu,train,ai flagged aggressive group posture near female pedestrian at noyyal river walkway kumbakonam time 1200 am backup from kumbakonam police requested,2,False,False,False,False,False,False,False,False,False,False,True,False,False,False,False,False,False,False,False,False,False,False,0
1000,"Tamil Nadu SafeCity night log: Unaccompanied woman near Papanasam dark street, Coimbatore at 3:00 AM. Smart lights activated along path.",lone_walking_night,0.37037037037037024,68,27,3:00 AM,Tamil Nadu,train,tamil nadu safecity night log unaccompanied woman near papanasam dark street coimbatore at 300 am smart lights activated along path,3,False,False,True,True,False,False,False,False,False,False,False,False,False,False,False,False,False,False,False,False,False,False,3
